-- ===============================================
-- BULK INSERTS CUENTAS CLARAS (>=50 por tabla)  
-- Generated: 2025-10-01T19:47:14.196540
-- ===============================================
SET FOREIGN_KEY_CHECKS = 0;
START TRANSACTION;

-- Comunidades
INSERT INTO comunidad (id, razon_social, rut, dv, giro, direccion, email_contacto, telefono_contacto, moneda, tz) VALUES (1, 'Comunidad 1', '76.001.001', 'K', 'G.C.', 'Calle 1 #123', 'admin1@comu.cl', '+56 2 20001000', 'CLP', 'America/Santiago');
INSERT INTO comunidad (id, razon_social, rut, dv, giro, direccion, email_contacto, telefono_contacto, moneda, tz) VALUES (2, 'Comunidad 2', '76.002.002', 'K', 'G.C.', 'Calle 2 #123', 'admin2@comu.cl', '+56 2 20002000', 'CLP', 'America/Santiago');
INSERT INTO comunidad (id, razon_social, rut, dv, giro, direccion, email_contacto, telefono_contacto, moneda, tz) VALUES (3, 'Comunidad 3', '76.003.003', 'K', 'G.C.', 'Calle 3 #123', 'admin3@comu.cl', '+56 2 20003000', 'CLP', 'America/Santiago');
INSERT INTO comunidad (id, razon_social, rut, dv, giro, direccion, email_contacto, telefono_contacto, moneda, tz) VALUES (4, 'Comunidad 4', '76.004.004', 'K', 'G.C.', 'Calle 4 #123', 'admin4@comu.cl', '+56 2 20004000', 'CLP', 'America/Santiago');
INSERT INTO comunidad (id, razon_social, rut, dv, giro, direccion, email_contacto, telefono_contacto, moneda, tz) VALUES (5, 'Comunidad 5', '76.005.005', 'K', 'G.C.', 'Calle 5 #123', 'admin5@comu.cl', '+56 2 20005000', 'CLP', 'America/Santiago');

-- Edificios
INSERT INTO edificio (id, comunidad_id, nombre, direccion, codigo) VALUES (1, 1, 'Edificio 1', 'Dir 1', 'E01');
INSERT INTO edificio (id, comunidad_id, nombre, direccion, codigo) VALUES (2, 1, 'Edificio 2', 'Dir 2', 'E02');
INSERT INTO edificio (id, comunidad_id, nombre, direccion, codigo) VALUES (3, 3, 'Edificio 3', 'Dir 3', 'E03');
INSERT INTO edificio (id, comunidad_id, nombre, direccion, codigo) VALUES (4, 2, 'Edificio 4', 'Dir 4', 'E04');
INSERT INTO edificio (id, comunidad_id, nombre, direccion, codigo) VALUES (5, 2, 'Edificio 5', 'Dir 5', 'E05');
INSERT INTO edificio (id, comunidad_id, nombre, direccion, codigo) VALUES (6, 2, 'Edificio 6', 'Dir 6', 'E06');
INSERT INTO edificio (id, comunidad_id, nombre, direccion, codigo) VALUES (7, 1, 'Edificio 7', 'Dir 7', 'E07');
INSERT INTO edificio (id, comunidad_id, nombre, direccion, codigo) VALUES (8, 5, 'Edificio 8', 'Dir 8', 'E08');
INSERT INTO edificio (id, comunidad_id, nombre, direccion, codigo) VALUES (9, 1, 'Edificio 9', 'Dir 9', 'E09');
INSERT INTO edificio (id, comunidad_id, nombre, direccion, codigo) VALUES (10, 5, 'Edificio 10', 'Dir 10', 'E10');

-- Torres
INSERT INTO torre (id, edificio_id, nombre, codigo) VALUES (1, 7, 'Torre 1', 'T01');
INSERT INTO torre (id, edificio_id, nombre, codigo) VALUES (2, 1, 'Torre 2', 'T02');
INSERT INTO torre (id, edificio_id, nombre, codigo) VALUES (3, 1, 'Torre 3', 'T03');
INSERT INTO torre (id, edificio_id, nombre, codigo) VALUES (4, 2, 'Torre 4', 'T04');
INSERT INTO torre (id, edificio_id, nombre, codigo) VALUES (5, 4, 'Torre 5', 'T05');
INSERT INTO torre (id, edificio_id, nombre, codigo) VALUES (6, 4, 'Torre 6', 'T06');
INSERT INTO torre (id, edificio_id, nombre, codigo) VALUES (7, 9, 'Torre 7', 'T07');
INSERT INTO torre (id, edificio_id, nombre, codigo) VALUES (8, 10, 'Torre 8', 'T08');
INSERT INTO torre (id, edificio_id, nombre, codigo) VALUES (9, 1, 'Torre 9', 'T09');
INSERT INTO torre (id, edificio_id, nombre, codigo) VALUES (10, 9, 'Torre 10', 'T10');
INSERT INTO torre (id, edificio_id, nombre, codigo) VALUES (11, 4, 'Torre 11', 'T11');
INSERT INTO torre (id, edificio_id, nombre, codigo) VALUES (12, 9, 'Torre 12', 'T12');

-- Personas
INSERT INTO persona (id, rut, dv, nombres, apellidos, email, telefono, direccion) VALUES (1, '12.001.001', '5', 'Nombre1', 'Apellido1', 'persona1@mail.cl', '+56 9 0007001', 'Calle 1');
INSERT INTO persona (id, rut, dv, nombres, apellidos, email, telefono, direccion) VALUES (2, '12.002.002', '5', 'Nombre2', 'Apellido2', 'persona2@mail.cl', '+56 9 0007002', 'Calle 2');
INSERT INTO persona (id, rut, dv, nombres, apellidos, email, telefono, direccion) VALUES (3, '12.003.003', '5', 'Nombre3', 'Apellido3', 'persona3@mail.cl', '+56 9 0007003', 'Calle 3');
INSERT INTO persona (id, rut, dv, nombres, apellidos, email, telefono, direccion) VALUES (4, '12.004.004', '5', 'Nombre4', 'Apellido4', 'persona4@mail.cl', '+56 9 0007004', 'Calle 4');
INSERT INTO persona (id, rut, dv, nombres, apellidos, email, telefono, direccion) VALUES (5, '12.005.005', '5', 'Nombre5', 'Apellido5', 'persona5@mail.cl', '+56 9 0007005', 'Calle 5');
INSERT INTO persona (id, rut, dv, nombres, apellidos, email, telefono, direccion) VALUES (6, '12.006.006', '5', 'Nombre6', 'Apellido6', 'persona6@mail.cl', '+56 9 0007006', 'Calle 6');
INSERT INTO persona (id, rut, dv, nombres, apellidos, email, telefono, direccion) VALUES (7, '12.007.007', '5', 'Nombre7', 'Apellido7', 'persona7@mail.cl', '+56 9 0007007', 'Calle 7');
INSERT INTO persona (id, rut, dv, nombres, apellidos, email, telefono, direccion) VALUES (8, '12.008.008', '5', 'Nombre8', 'Apellido8', 'persona8@mail.cl', '+56 9 0007008', 'Calle 8');
INSERT INTO persona (id, rut, dv, nombres, apellidos, email, telefono, direccion) VALUES (9, '12.009.009', '5', 'Nombre9', 'Apellido9', 'persona9@mail.cl', '+56 9 0007009', 'Calle 9');
INSERT INTO persona (id, rut, dv, nombres, apellidos, email, telefono, direccion) VALUES (10, '12.010.010', '5', 'Nombre10', 'Apellido10', 'persona10@mail.cl', '+56 9 0007010', 'Calle 10');
INSERT INTO persona (id, rut, dv, nombres, apellidos, email, telefono, direccion) VALUES (11, '12.011.011', '5', 'Nombre11', 'Apellido11', 'persona11@mail.cl', '+56 9 0007011', 'Calle 11');
INSERT INTO persona (id, rut, dv, nombres, apellidos, email, telefono, direccion) VALUES (12, '12.012.012', '5', 'Nombre12', 'Apellido12', 'persona12@mail.cl', '+56 9 0007012', 'Calle 12');
INSERT INTO persona (id, rut, dv, nombres, apellidos, email, telefono, direccion) VALUES (13, '12.013.013', '5', 'Nombre13', 'Apellido13', 'persona13@mail.cl', '+56 9 0007013', 'Calle 13');
INSERT INTO persona (id, rut, dv, nombres, apellidos, email, telefono, direccion) VALUES (14, '12.014.014', '5', 'Nombre14', 'Apellido14', 'persona14@mail.cl', '+56 9 0007014', 'Calle 14');
INSERT INTO persona (id, rut, dv, nombres, apellidos, email, telefono, direccion) VALUES (15, '12.015.015', '5', 'Nombre15', 'Apellido15', 'persona15@mail.cl', '+56 9 0007015', 'Calle 15');
INSERT INTO persona (id, rut, dv, nombres, apellidos, email, telefono, direccion) VALUES (16, '12.016.016', '5', 'Nombre16', 'Apellido16', 'persona16@mail.cl', '+56 9 0007016', 'Calle 16');
INSERT INTO persona (id, rut, dv, nombres, apellidos, email, telefono, direccion) VALUES (17, '12.017.017', '5', 'Nombre17', 'Apellido17', 'persona17@mail.cl', '+56 9 0007017', 'Calle 17');
INSERT INTO persona (id, rut, dv, nombres, apellidos, email, telefono, direccion) VALUES (18, '12.018.018', '5', 'Nombre18', 'Apellido18', 'persona18@mail.cl', '+56 9 0007018', 'Calle 18');
INSERT INTO persona (id, rut, dv, nombres, apellidos, email, telefono, direccion) VALUES (19, '12.019.019', '5', 'Nombre19', 'Apellido19', 'persona19@mail.cl', '+56 9 0007019', 'Calle 19');
INSERT INTO persona (id, rut, dv, nombres, apellidos, email, telefono, direccion) VALUES (20, '12.020.020', '5', 'Nombre20', 'Apellido20', 'persona20@mail.cl', '+56 9 0007020', 'Calle 20');
INSERT INTO persona (id, rut, dv, nombres, apellidos, email, telefono, direccion) VALUES (21, '12.021.021', '5', 'Nombre21', 'Apellido21', 'persona21@mail.cl', '+56 9 0007021', 'Calle 21');
INSERT INTO persona (id, rut, dv, nombres, apellidos, email, telefono, direccion) VALUES (22, '12.022.022', '5', 'Nombre22', 'Apellido22', 'persona22@mail.cl', '+56 9 0007022', 'Calle 22');
INSERT INTO persona (id, rut, dv, nombres, apellidos, email, telefono, direccion) VALUES (23, '12.023.023', '5', 'Nombre23', 'Apellido23', 'persona23@mail.cl', '+56 9 0007023', 'Calle 23');
INSERT INTO persona (id, rut, dv, nombres, apellidos, email, telefono, direccion) VALUES (24, '12.024.024', '5', 'Nombre24', 'Apellido24', 'persona24@mail.cl', '+56 9 0007024', 'Calle 24');
INSERT INTO persona (id, rut, dv, nombres, apellidos, email, telefono, direccion) VALUES (25, '12.025.025', '5', 'Nombre25', 'Apellido25', 'persona25@mail.cl', '+56 9 0007025', 'Calle 25');
INSERT INTO persona (id, rut, dv, nombres, apellidos, email, telefono, direccion) VALUES (26, '12.026.026', '5', 'Nombre26', 'Apellido26', 'persona26@mail.cl', '+56 9 0007026', 'Calle 26');
INSERT INTO persona (id, rut, dv, nombres, apellidos, email, telefono, direccion) VALUES (27, '12.027.027', '5', 'Nombre27', 'Apellido27', 'persona27@mail.cl', '+56 9 0007027', 'Calle 27');
INSERT INTO persona (id, rut, dv, nombres, apellidos, email, telefono, direccion) VALUES (28, '12.028.028', '5', 'Nombre28', 'Apellido28', 'persona28@mail.cl', '+56 9 0007028', 'Calle 28');
INSERT INTO persona (id, rut, dv, nombres, apellidos, email, telefono, direccion) VALUES (29, '12.029.029', '5', 'Nombre29', 'Apellido29', 'persona29@mail.cl', '+56 9 0007029', 'Calle 29');
INSERT INTO persona (id, rut, dv, nombres, apellidos, email, telefono, direccion) VALUES (30, '12.030.030', '5', 'Nombre30', 'Apellido30', 'persona30@mail.cl', '+56 9 0007030', 'Calle 30');
INSERT INTO persona (id, rut, dv, nombres, apellidos, email, telefono, direccion) VALUES (31, '12.031.031', '5', 'Nombre31', 'Apellido31', 'persona31@mail.cl', '+56 9 0007031', 'Calle 31');
INSERT INTO persona (id, rut, dv, nombres, apellidos, email, telefono, direccion) VALUES (32, '12.032.032', '5', 'Nombre32', 'Apellido32', 'persona32@mail.cl', '+56 9 0007032', 'Calle 32');
INSERT INTO persona (id, rut, dv, nombres, apellidos, email, telefono, direccion) VALUES (33, '12.033.033', '5', 'Nombre33', 'Apellido33', 'persona33@mail.cl', '+56 9 0007033', 'Calle 33');
INSERT INTO persona (id, rut, dv, nombres, apellidos, email, telefono, direccion) VALUES (34, '12.034.034', '5', 'Nombre34', 'Apellido34', 'persona34@mail.cl', '+56 9 0007034', 'Calle 34');
INSERT INTO persona (id, rut, dv, nombres, apellidos, email, telefono, direccion) VALUES (35, '12.035.035', '5', 'Nombre35', 'Apellido35', 'persona35@mail.cl', '+56 9 0007035', 'Calle 35');
INSERT INTO persona (id, rut, dv, nombres, apellidos, email, telefono, direccion) VALUES (36, '12.036.036', '5', 'Nombre36', 'Apellido36', 'persona36@mail.cl', '+56 9 0007036', 'Calle 36');
INSERT INTO persona (id, rut, dv, nombres, apellidos, email, telefono, direccion) VALUES (37, '12.037.037', '5', 'Nombre37', 'Apellido37', 'persona37@mail.cl', '+56 9 0007037', 'Calle 37');
INSERT INTO persona (id, rut, dv, nombres, apellidos, email, telefono, direccion) VALUES (38, '12.038.038', '5', 'Nombre38', 'Apellido38', 'persona38@mail.cl', '+56 9 0007038', 'Calle 38');
INSERT INTO persona (id, rut, dv, nombres, apellidos, email, telefono, direccion) VALUES (39, '12.039.039', '5', 'Nombre39', 'Apellido39', 'persona39@mail.cl', '+56 9 0007039', 'Calle 39');
INSERT INTO persona (id, rut, dv, nombres, apellidos, email, telefono, direccion) VALUES (40, '12.040.040', '5', 'Nombre40', 'Apellido40', 'persona40@mail.cl', '+56 9 0007040', 'Calle 40');
INSERT INTO persona (id, rut, dv, nombres, apellidos, email, telefono, direccion) VALUES (41, '12.041.041', '5', 'Nombre41', 'Apellido41', 'persona41@mail.cl', '+56 9 0007041', 'Calle 41');
INSERT INTO persona (id, rut, dv, nombres, apellidos, email, telefono, direccion) VALUES (42, '12.042.042', '5', 'Nombre42', 'Apellido42', 'persona42@mail.cl', '+56 9 0007042', 'Calle 42');
INSERT INTO persona (id, rut, dv, nombres, apellidos, email, telefono, direccion) VALUES (43, '12.043.043', '5', 'Nombre43', 'Apellido43', 'persona43@mail.cl', '+56 9 0007043', 'Calle 43');
INSERT INTO persona (id, rut, dv, nombres, apellidos, email, telefono, direccion) VALUES (44, '12.044.044', '5', 'Nombre44', 'Apellido44', 'persona44@mail.cl', '+56 9 0007044', 'Calle 44');
INSERT INTO persona (id, rut, dv, nombres, apellidos, email, telefono, direccion) VALUES (45, '12.045.045', '5', 'Nombre45', 'Apellido45', 'persona45@mail.cl', '+56 9 0007045', 'Calle 45');
INSERT INTO persona (id, rut, dv, nombres, apellidos, email, telefono, direccion) VALUES (46, '12.046.046', '5', 'Nombre46', 'Apellido46', 'persona46@mail.cl', '+56 9 0007046', 'Calle 46');
INSERT INTO persona (id, rut, dv, nombres, apellidos, email, telefono, direccion) VALUES (47, '12.047.047', '5', 'Nombre47', 'Apellido47', 'persona47@mail.cl', '+56 9 0007047', 'Calle 47');
INSERT INTO persona (id, rut, dv, nombres, apellidos, email, telefono, direccion) VALUES (48, '12.048.048', '5', 'Nombre48', 'Apellido48', 'persona48@mail.cl', '+56 9 0007048', 'Calle 48');
INSERT INTO persona (id, rut, dv, nombres, apellidos, email, telefono, direccion) VALUES (49, '12.049.049', '5', 'Nombre49', 'Apellido49', 'persona49@mail.cl', '+56 9 0007049', 'Calle 49');
INSERT INTO persona (id, rut, dv, nombres, apellidos, email, telefono, direccion) VALUES (50, '12.050.050', '5', 'Nombre50', 'Apellido50', 'persona50@mail.cl', '+56 9 0007050', 'Calle 50');
INSERT INTO persona (id, rut, dv, nombres, apellidos, email, telefono, direccion) VALUES (51, '12.051.051', '5', 'Nombre51', 'Apellido51', 'persona51@mail.cl', '+56 9 0007051', 'Calle 51');
INSERT INTO persona (id, rut, dv, nombres, apellidos, email, telefono, direccion) VALUES (52, '12.052.052', '5', 'Nombre52', 'Apellido52', 'persona52@mail.cl', '+56 9 0007052', 'Calle 52');
INSERT INTO persona (id, rut, dv, nombres, apellidos, email, telefono, direccion) VALUES (53, '12.053.053', '5', 'Nombre53', 'Apellido53', 'persona53@mail.cl', '+56 9 0007053', 'Calle 53');
INSERT INTO persona (id, rut, dv, nombres, apellidos, email, telefono, direccion) VALUES (54, '12.054.054', '5', 'Nombre54', 'Apellido54', 'persona54@mail.cl', '+56 9 0007054', 'Calle 54');
INSERT INTO persona (id, rut, dv, nombres, apellidos, email, telefono, direccion) VALUES (55, '12.055.055', '5', 'Nombre55', 'Apellido55', 'persona55@mail.cl', '+56 9 0007055', 'Calle 55');
INSERT INTO persona (id, rut, dv, nombres, apellidos, email, telefono, direccion) VALUES (56, '12.056.056', '5', 'Nombre56', 'Apellido56', 'persona56@mail.cl', '+56 9 0007056', 'Calle 56');
INSERT INTO persona (id, rut, dv, nombres, apellidos, email, telefono, direccion) VALUES (57, '12.057.057', '5', 'Nombre57', 'Apellido57', 'persona57@mail.cl', '+56 9 0007057', 'Calle 57');
INSERT INTO persona (id, rut, dv, nombres, apellidos, email, telefono, direccion) VALUES (58, '12.058.058', '5', 'Nombre58', 'Apellido58', 'persona58@mail.cl', '+56 9 0007058', 'Calle 58');
INSERT INTO persona (id, rut, dv, nombres, apellidos, email, telefono, direccion) VALUES (59, '12.059.059', '5', 'Nombre59', 'Apellido59', 'persona59@mail.cl', '+56 9 0007059', 'Calle 59');
INSERT INTO persona (id, rut, dv, nombres, apellidos, email, telefono, direccion) VALUES (60, '12.060.060', '5', 'Nombre60', 'Apellido60', 'persona60@mail.cl', '+56 9 0007060', 'Calle 60');
INSERT INTO persona (id, rut, dv, nombres, apellidos, email, telefono, direccion) VALUES (61, '12.061.061', '5', 'Nombre61', 'Apellido61', 'persona61@mail.cl', '+56 9 0007061', 'Calle 61');
INSERT INTO persona (id, rut, dv, nombres, apellidos, email, telefono, direccion) VALUES (62, '12.062.062', '5', 'Nombre62', 'Apellido62', 'persona62@mail.cl', '+56 9 0007062', 'Calle 62');
INSERT INTO persona (id, rut, dv, nombres, apellidos, email, telefono, direccion) VALUES (63, '12.063.063', '5', 'Nombre63', 'Apellido63', 'persona63@mail.cl', '+56 9 0007063', 'Calle 63');
INSERT INTO persona (id, rut, dv, nombres, apellidos, email, telefono, direccion) VALUES (64, '12.064.064', '5', 'Nombre64', 'Apellido64', 'persona64@mail.cl', '+56 9 0007064', 'Calle 64');
INSERT INTO persona (id, rut, dv, nombres, apellidos, email, telefono, direccion) VALUES (65, '12.065.065', '5', 'Nombre65', 'Apellido65', 'persona65@mail.cl', '+56 9 0007065', 'Calle 65');
INSERT INTO persona (id, rut, dv, nombres, apellidos, email, telefono, direccion) VALUES (66, '12.066.066', '5', 'Nombre66', 'Apellido66', 'persona66@mail.cl', '+56 9 0007066', 'Calle 66');
INSERT INTO persona (id, rut, dv, nombres, apellidos, email, telefono, direccion) VALUES (67, '12.067.067', '5', 'Nombre67', 'Apellido67', 'persona67@mail.cl', '+56 9 0007067', 'Calle 67');
INSERT INTO persona (id, rut, dv, nombres, apellidos, email, telefono, direccion) VALUES (68, '12.068.068', '5', 'Nombre68', 'Apellido68', 'persona68@mail.cl', '+56 9 0007068', 'Calle 68');
INSERT INTO persona (id, rut, dv, nombres, apellidos, email, telefono, direccion) VALUES (69, '12.069.069', '5', 'Nombre69', 'Apellido69', 'persona69@mail.cl', '+56 9 0007069', 'Calle 69');
INSERT INTO persona (id, rut, dv, nombres, apellidos, email, telefono, direccion) VALUES (70, '12.070.070', '5', 'Nombre70', 'Apellido70', 'persona70@mail.cl', '+56 9 0007070', 'Calle 70');
INSERT INTO persona (id, rut, dv, nombres, apellidos, email, telefono, direccion) VALUES (71, '12.071.071', '5', 'Nombre71', 'Apellido71', 'persona71@mail.cl', '+56 9 0007071', 'Calle 71');
INSERT INTO persona (id, rut, dv, nombres, apellidos, email, telefono, direccion) VALUES (72, '12.072.072', '5', 'Nombre72', 'Apellido72', 'persona72@mail.cl', '+56 9 0007072', 'Calle 72');
INSERT INTO persona (id, rut, dv, nombres, apellidos, email, telefono, direccion) VALUES (73, '12.073.073', '5', 'Nombre73', 'Apellido73', 'persona73@mail.cl', '+56 9 0007073', 'Calle 73');
INSERT INTO persona (id, rut, dv, nombres, apellidos, email, telefono, direccion) VALUES (74, '12.074.074', '5', 'Nombre74', 'Apellido74', 'persona74@mail.cl', '+56 9 0007074', 'Calle 74');
INSERT INTO persona (id, rut, dv, nombres, apellidos, email, telefono, direccion) VALUES (75, '12.075.075', '5', 'Nombre75', 'Apellido75', 'persona75@mail.cl', '+56 9 0007075', 'Calle 75');
INSERT INTO persona (id, rut, dv, nombres, apellidos, email, telefono, direccion) VALUES (76, '12.076.076', '5', 'Nombre76', 'Apellido76', 'persona76@mail.cl', '+56 9 0007076', 'Calle 76');
INSERT INTO persona (id, rut, dv, nombres, apellidos, email, telefono, direccion) VALUES (77, '12.077.077', '5', 'Nombre77', 'Apellido77', 'persona77@mail.cl', '+56 9 0007077', 'Calle 77');
INSERT INTO persona (id, rut, dv, nombres, apellidos, email, telefono, direccion) VALUES (78, '12.078.078', '5', 'Nombre78', 'Apellido78', 'persona78@mail.cl', '+56 9 0007078', 'Calle 78');
INSERT INTO persona (id, rut, dv, nombres, apellidos, email, telefono, direccion) VALUES (79, '12.079.079', '5', 'Nombre79', 'Apellido79', 'persona79@mail.cl', '+56 9 0007079', 'Calle 79');
INSERT INTO persona (id, rut, dv, nombres, apellidos, email, telefono, direccion) VALUES (80, '12.080.080', '5', 'Nombre80', 'Apellido80', 'persona80@mail.cl', '+56 9 0007080', 'Calle 80');
INSERT INTO persona (id, rut, dv, nombres, apellidos, email, telefono, direccion) VALUES (81, '12.081.081', '5', 'Nombre81', 'Apellido81', 'persona81@mail.cl', '+56 9 0007081', 'Calle 81');
INSERT INTO persona (id, rut, dv, nombres, apellidos, email, telefono, direccion) VALUES (82, '12.082.082', '5', 'Nombre82', 'Apellido82', 'persona82@mail.cl', '+56 9 0007082', 'Calle 82');
INSERT INTO persona (id, rut, dv, nombres, apellidos, email, telefono, direccion) VALUES (83, '12.083.083', '5', 'Nombre83', 'Apellido83', 'persona83@mail.cl', '+56 9 0007083', 'Calle 83');
INSERT INTO persona (id, rut, dv, nombres, apellidos, email, telefono, direccion) VALUES (84, '12.084.084', '5', 'Nombre84', 'Apellido84', 'persona84@mail.cl', '+56 9 0007084', 'Calle 84');
INSERT INTO persona (id, rut, dv, nombres, apellidos, email, telefono, direccion) VALUES (85, '12.085.085', '5', 'Nombre85', 'Apellido85', 'persona85@mail.cl', '+56 9 0007085', 'Calle 85');
INSERT INTO persona (id, rut, dv, nombres, apellidos, email, telefono, direccion) VALUES (86, '12.086.086', '5', 'Nombre86', 'Apellido86', 'persona86@mail.cl', '+56 9 0007086', 'Calle 86');
INSERT INTO persona (id, rut, dv, nombres, apellidos, email, telefono, direccion) VALUES (87, '12.087.087', '5', 'Nombre87', 'Apellido87', 'persona87@mail.cl', '+56 9 0007087', 'Calle 87');
INSERT INTO persona (id, rut, dv, nombres, apellidos, email, telefono, direccion) VALUES (88, '12.088.088', '5', 'Nombre88', 'Apellido88', 'persona88@mail.cl', '+56 9 0007088', 'Calle 88');
INSERT INTO persona (id, rut, dv, nombres, apellidos, email, telefono, direccion) VALUES (89, '12.089.089', '5', 'Nombre89', 'Apellido89', 'persona89@mail.cl', '+56 9 0007089', 'Calle 89');
INSERT INTO persona (id, rut, dv, nombres, apellidos, email, telefono, direccion) VALUES (90, '12.090.090', '5', 'Nombre90', 'Apellido90', 'persona90@mail.cl', '+56 9 0007090', 'Calle 90');
INSERT INTO persona (id, rut, dv, nombres, apellidos, email, telefono, direccion) VALUES (91, '12.091.091', '5', 'Nombre91', 'Apellido91', 'persona91@mail.cl', '+56 9 0007091', 'Calle 91');
INSERT INTO persona (id, rut, dv, nombres, apellidos, email, telefono, direccion) VALUES (92, '12.092.092', '5', 'Nombre92', 'Apellido92', 'persona92@mail.cl', '+56 9 0007092', 'Calle 92');
INSERT INTO persona (id, rut, dv, nombres, apellidos, email, telefono, direccion) VALUES (93, '12.093.093', '5', 'Nombre93', 'Apellido93', 'persona93@mail.cl', '+56 9 0007093', 'Calle 93');
INSERT INTO persona (id, rut, dv, nombres, apellidos, email, telefono, direccion) VALUES (94, '12.094.094', '5', 'Nombre94', 'Apellido94', 'persona94@mail.cl', '+56 9 0007094', 'Calle 94');
INSERT INTO persona (id, rut, dv, nombres, apellidos, email, telefono, direccion) VALUES (95, '12.095.095', '5', 'Nombre95', 'Apellido95', 'persona95@mail.cl', '+56 9 0007095', 'Calle 95');
INSERT INTO persona (id, rut, dv, nombres, apellidos, email, telefono, direccion) VALUES (96, '12.096.096', '5', 'Nombre96', 'Apellido96', 'persona96@mail.cl', '+56 9 0007096', 'Calle 96');
INSERT INTO persona (id, rut, dv, nombres, apellidos, email, telefono, direccion) VALUES (97, '12.097.097', '5', 'Nombre97', 'Apellido97', 'persona97@mail.cl', '+56 9 0007097', 'Calle 97');
INSERT INTO persona (id, rut, dv, nombres, apellidos, email, telefono, direccion) VALUES (98, '12.098.098', '5', 'Nombre98', 'Apellido98', 'persona98@mail.cl', '+56 9 0007098', 'Calle 98');
INSERT INTO persona (id, rut, dv, nombres, apellidos, email, telefono, direccion) VALUES (99, '12.099.099', '5', 'Nombre99', 'Apellido99', 'persona99@mail.cl', '+56 9 0007099', 'Calle 99');
INSERT INTO persona (id, rut, dv, nombres, apellidos, email, telefono, direccion) VALUES (100, '12.100.100', '5', 'Nombre100', 'Apellido100', 'persona100@mail.cl', '+56 9 0007100', 'Calle 100');
INSERT INTO persona (id, rut, dv, nombres, apellidos, email, telefono, direccion) VALUES (101, '12.101.101', '5', 'Nombre101', 'Apellido101', 'persona101@mail.cl', '+56 9 0007101', 'Calle 101');
INSERT INTO persona (id, rut, dv, nombres, apellidos, email, telefono, direccion) VALUES (102, '12.102.102', '5', 'Nombre102', 'Apellido102', 'persona102@mail.cl', '+56 9 0007102', 'Calle 102');
INSERT INTO persona (id, rut, dv, nombres, apellidos, email, telefono, direccion) VALUES (103, '12.103.103', '5', 'Nombre103', 'Apellido103', 'persona103@mail.cl', '+56 9 0007103', 'Calle 103');
INSERT INTO persona (id, rut, dv, nombres, apellidos, email, telefono, direccion) VALUES (104, '12.104.104', '5', 'Nombre104', 'Apellido104', 'persona104@mail.cl', '+56 9 0007104', 'Calle 104');
INSERT INTO persona (id, rut, dv, nombres, apellidos, email, telefono, direccion) VALUES (105, '12.105.105', '5', 'Nombre105', 'Apellido105', 'persona105@mail.cl', '+56 9 0007105', 'Calle 105');
INSERT INTO persona (id, rut, dv, nombres, apellidos, email, telefono, direccion) VALUES (106, '12.106.106', '5', 'Nombre106', 'Apellido106', 'persona106@mail.cl', '+56 9 0007106', 'Calle 106');
INSERT INTO persona (id, rut, dv, nombres, apellidos, email, telefono, direccion) VALUES (107, '12.107.107', '5', 'Nombre107', 'Apellido107', 'persona107@mail.cl', '+56 9 0007107', 'Calle 107');
INSERT INTO persona (id, rut, dv, nombres, apellidos, email, telefono, direccion) VALUES (108, '12.108.108', '5', 'Nombre108', 'Apellido108', 'persona108@mail.cl', '+56 9 0007108', 'Calle 108');
INSERT INTO persona (id, rut, dv, nombres, apellidos, email, telefono, direccion) VALUES (109, '12.109.109', '5', 'Nombre109', 'Apellido109', 'persona109@mail.cl', '+56 9 0007109', 'Calle 109');
INSERT INTO persona (id, rut, dv, nombres, apellidos, email, telefono, direccion) VALUES (110, '12.110.110', '5', 'Nombre110', 'Apellido110', 'persona110@mail.cl', '+56 9 0007110', 'Calle 110');
INSERT INTO persona (id, rut, dv, nombres, apellidos, email, telefono, direccion) VALUES (111, '12.111.111', '5', 'Nombre111', 'Apellido111', 'persona111@mail.cl', '+56 9 0007111', 'Calle 111');
INSERT INTO persona (id, rut, dv, nombres, apellidos, email, telefono, direccion) VALUES (112, '12.112.112', '5', 'Nombre112', 'Apellido112', 'persona112@mail.cl', '+56 9 0007112', 'Calle 112');
INSERT INTO persona (id, rut, dv, nombres, apellidos, email, telefono, direccion) VALUES (113, '12.113.113', '5', 'Nombre113', 'Apellido113', 'persona113@mail.cl', '+56 9 0007113', 'Calle 113');
INSERT INTO persona (id, rut, dv, nombres, apellidos, email, telefono, direccion) VALUES (114, '12.114.114', '5', 'Nombre114', 'Apellido114', 'persona114@mail.cl', '+56 9 0007114', 'Calle 114');
INSERT INTO persona (id, rut, dv, nombres, apellidos, email, telefono, direccion) VALUES (115, '12.115.115', '5', 'Nombre115', 'Apellido115', 'persona115@mail.cl', '+56 9 0007115', 'Calle 115');
INSERT INTO persona (id, rut, dv, nombres, apellidos, email, telefono, direccion) VALUES (116, '12.116.116', '5', 'Nombre116', 'Apellido116', 'persona116@mail.cl', '+56 9 0007116', 'Calle 116');
INSERT INTO persona (id, rut, dv, nombres, apellidos, email, telefono, direccion) VALUES (117, '12.117.117', '5', 'Nombre117', 'Apellido117', 'persona117@mail.cl', '+56 9 0007117', 'Calle 117');
INSERT INTO persona (id, rut, dv, nombres, apellidos, email, telefono, direccion) VALUES (118, '12.118.118', '5', 'Nombre118', 'Apellido118', 'persona118@mail.cl', '+56 9 0007118', 'Calle 118');
INSERT INTO persona (id, rut, dv, nombres, apellidos, email, telefono, direccion) VALUES (119, '12.119.119', '5', 'Nombre119', 'Apellido119', 'persona119@mail.cl', '+56 9 0007119', 'Calle 119');
INSERT INTO persona (id, rut, dv, nombres, apellidos, email, telefono, direccion) VALUES (120, '12.120.120', '5', 'Nombre120', 'Apellido120', 'persona120@mail.cl', '+56 9 0007120', 'Calle 120');
INSERT INTO persona (id, rut, dv, nombres, apellidos, email, telefono, direccion) VALUES (121, '12.121.121', '5', 'Nombre121', 'Apellido121', 'persona121@mail.cl', '+56 9 0007121', 'Calle 121');
INSERT INTO persona (id, rut, dv, nombres, apellidos, email, telefono, direccion) VALUES (122, '12.122.122', '5', 'Nombre122', 'Apellido122', 'persona122@mail.cl', '+56 9 0007122', 'Calle 122');
INSERT INTO persona (id, rut, dv, nombres, apellidos, email, telefono, direccion) VALUES (123, '12.123.123', '5', 'Nombre123', 'Apellido123', 'persona123@mail.cl', '+56 9 0007123', 'Calle 123');
INSERT INTO persona (id, rut, dv, nombres, apellidos, email, telefono, direccion) VALUES (124, '12.124.124', '5', 'Nombre124', 'Apellido124', 'persona124@mail.cl', '+56 9 0007124', 'Calle 124');
INSERT INTO persona (id, rut, dv, nombres, apellidos, email, telefono, direccion) VALUES (125, '12.125.125', '5', 'Nombre125', 'Apellido125', 'persona125@mail.cl', '+56 9 0007125', 'Calle 125');
INSERT INTO persona (id, rut, dv, nombres, apellidos, email, telefono, direccion) VALUES (126, '12.126.126', '5', 'Nombre126', 'Apellido126', 'persona126@mail.cl', '+56 9 0007126', 'Calle 126');
INSERT INTO persona (id, rut, dv, nombres, apellidos, email, telefono, direccion) VALUES (127, '12.127.127', '5', 'Nombre127', 'Apellido127', 'persona127@mail.cl', '+56 9 0007127', 'Calle 127');
INSERT INTO persona (id, rut, dv, nombres, apellidos, email, telefono, direccion) VALUES (128, '12.128.128', '5', 'Nombre128', 'Apellido128', 'persona128@mail.cl', '+56 9 0007128', 'Calle 128');
INSERT INTO persona (id, rut, dv, nombres, apellidos, email, telefono, direccion) VALUES (129, '12.129.129', '5', 'Nombre129', 'Apellido129', 'persona129@mail.cl', '+56 9 0007129', 'Calle 129');
INSERT INTO persona (id, rut, dv, nombres, apellidos, email, telefono, direccion) VALUES (130, '12.130.130', '5', 'Nombre130', 'Apellido130', 'persona130@mail.cl', '+56 9 0007130', 'Calle 130');
INSERT INTO persona (id, rut, dv, nombres, apellidos, email, telefono, direccion) VALUES (131, '12.131.131', '5', 'Nombre131', 'Apellido131', 'persona131@mail.cl', '+56 9 0007131', 'Calle 131');
INSERT INTO persona (id, rut, dv, nombres, apellidos, email, telefono, direccion) VALUES (132, '12.132.132', '5', 'Nombre132', 'Apellido132', 'persona132@mail.cl', '+56 9 0007132', 'Calle 132');
INSERT INTO persona (id, rut, dv, nombres, apellidos, email, telefono, direccion) VALUES (133, '12.133.133', '5', 'Nombre133', 'Apellido133', 'persona133@mail.cl', '+56 9 0007133', 'Calle 133');
INSERT INTO persona (id, rut, dv, nombres, apellidos, email, telefono, direccion) VALUES (134, '12.134.134', '5', 'Nombre134', 'Apellido134', 'persona134@mail.cl', '+56 9 0007134', 'Calle 134');
INSERT INTO persona (id, rut, dv, nombres, apellidos, email, telefono, direccion) VALUES (135, '12.135.135', '5', 'Nombre135', 'Apellido135', 'persona135@mail.cl', '+56 9 0007135', 'Calle 135');
INSERT INTO persona (id, rut, dv, nombres, apellidos, email, telefono, direccion) VALUES (136, '12.136.136', '5', 'Nombre136', 'Apellido136', 'persona136@mail.cl', '+56 9 0007136', 'Calle 136');
INSERT INTO persona (id, rut, dv, nombres, apellidos, email, telefono, direccion) VALUES (137, '12.137.137', '5', 'Nombre137', 'Apellido137', 'persona137@mail.cl', '+56 9 0007137', 'Calle 137');
INSERT INTO persona (id, rut, dv, nombres, apellidos, email, telefono, direccion) VALUES (138, '12.138.138', '5', 'Nombre138', 'Apellido138', 'persona138@mail.cl', '+56 9 0007138', 'Calle 138');
INSERT INTO persona (id, rut, dv, nombres, apellidos, email, telefono, direccion) VALUES (139, '12.139.139', '5', 'Nombre139', 'Apellido139', 'persona139@mail.cl', '+56 9 0007139', 'Calle 139');
INSERT INTO persona (id, rut, dv, nombres, apellidos, email, telefono, direccion) VALUES (140, '12.140.140', '5', 'Nombre140', 'Apellido140', 'persona140@mail.cl', '+56 9 0007140', 'Calle 140');
INSERT INTO persona (id, rut, dv, nombres, apellidos, email, telefono, direccion) VALUES (141, '12.141.141', '5', 'Nombre141', 'Apellido141', 'persona141@mail.cl', '+56 9 0007141', 'Calle 141');
INSERT INTO persona (id, rut, dv, nombres, apellidos, email, telefono, direccion) VALUES (142, '12.142.142', '5', 'Nombre142', 'Apellido142', 'persona142@mail.cl', '+56 9 0007142', 'Calle 142');
INSERT INTO persona (id, rut, dv, nombres, apellidos, email, telefono, direccion) VALUES (143, '12.143.143', '5', 'Nombre143', 'Apellido143', 'persona143@mail.cl', '+56 9 0007143', 'Calle 143');
INSERT INTO persona (id, rut, dv, nombres, apellidos, email, telefono, direccion) VALUES (144, '12.144.144', '5', 'Nombre144', 'Apellido144', 'persona144@mail.cl', '+56 9 0007144', 'Calle 144');
INSERT INTO persona (id, rut, dv, nombres, apellidos, email, telefono, direccion) VALUES (145, '12.145.145', '5', 'Nombre145', 'Apellido145', 'persona145@mail.cl', '+56 9 0007145', 'Calle 145');
INSERT INTO persona (id, rut, dv, nombres, apellidos, email, telefono, direccion) VALUES (146, '12.146.146', '5', 'Nombre146', 'Apellido146', 'persona146@mail.cl', '+56 9 0007146', 'Calle 146');
INSERT INTO persona (id, rut, dv, nombres, apellidos, email, telefono, direccion) VALUES (147, '12.147.147', '5', 'Nombre147', 'Apellido147', 'persona147@mail.cl', '+56 9 0007147', 'Calle 147');
INSERT INTO persona (id, rut, dv, nombres, apellidos, email, telefono, direccion) VALUES (148, '12.148.148', '5', 'Nombre148', 'Apellido148', 'persona148@mail.cl', '+56 9 0007148', 'Calle 148');
INSERT INTO persona (id, rut, dv, nombres, apellidos, email, telefono, direccion) VALUES (149, '12.149.149', '5', 'Nombre149', 'Apellido149', 'persona149@mail.cl', '+56 9 0007149', 'Calle 149');
INSERT INTO persona (id, rut, dv, nombres, apellidos, email, telefono, direccion) VALUES (150, '12.150.150', '5', 'Nombre150', 'Apellido150', 'persona150@mail.cl', '+56 9 0007150', 'Calle 150');
INSERT INTO persona (id, rut, dv, nombres, apellidos, email, telefono, direccion) VALUES (151, '12.151.151', '5', 'Nombre151', 'Apellido151', 'persona151@mail.cl', '+56 9 0007151', 'Calle 151');
INSERT INTO persona (id, rut, dv, nombres, apellidos, email, telefono, direccion) VALUES (152, '12.152.152', '5', 'Nombre152', 'Apellido152', 'persona152@mail.cl', '+56 9 0007152', 'Calle 152');
INSERT INTO persona (id, rut, dv, nombres, apellidos, email, telefono, direccion) VALUES (153, '12.153.153', '5', 'Nombre153', 'Apellido153', 'persona153@mail.cl', '+56 9 0007153', 'Calle 153');
INSERT INTO persona (id, rut, dv, nombres, apellidos, email, telefono, direccion) VALUES (154, '12.154.154', '5', 'Nombre154', 'Apellido154', 'persona154@mail.cl', '+56 9 0007154', 'Calle 154');
INSERT INTO persona (id, rut, dv, nombres, apellidos, email, telefono, direccion) VALUES (155, '12.155.155', '5', 'Nombre155', 'Apellido155', 'persona155@mail.cl', '+56 9 0007155', 'Calle 155');
INSERT INTO persona (id, rut, dv, nombres, apellidos, email, telefono, direccion) VALUES (156, '12.156.156', '5', 'Nombre156', 'Apellido156', 'persona156@mail.cl', '+56 9 0007156', 'Calle 156');
INSERT INTO persona (id, rut, dv, nombres, apellidos, email, telefono, direccion) VALUES (157, '12.157.157', '5', 'Nombre157', 'Apellido157', 'persona157@mail.cl', '+56 9 0007157', 'Calle 157');
INSERT INTO persona (id, rut, dv, nombres, apellidos, email, telefono, direccion) VALUES (158, '12.158.158', '5', 'Nombre158', 'Apellido158', 'persona158@mail.cl', '+56 9 0007158', 'Calle 158');
INSERT INTO persona (id, rut, dv, nombres, apellidos, email, telefono, direccion) VALUES (159, '12.159.159', '5', 'Nombre159', 'Apellido159', 'persona159@mail.cl', '+56 9 0007159', 'Calle 159');
INSERT INTO persona (id, rut, dv, nombres, apellidos, email, telefono, direccion) VALUES (160, '12.160.160', '5', 'Nombre160', 'Apellido160', 'persona160@mail.cl', '+56 9 0007160', 'Calle 160');
INSERT INTO persona (id, rut, dv, nombres, apellidos, email, telefono, direccion) VALUES (161, '12.161.161', '5', 'Nombre161', 'Apellido161', 'persona161@mail.cl', '+56 9 0007161', 'Calle 161');
INSERT INTO persona (id, rut, dv, nombres, apellidos, email, telefono, direccion) VALUES (162, '12.162.162', '5', 'Nombre162', 'Apellido162', 'persona162@mail.cl', '+56 9 0007162', 'Calle 162');
INSERT INTO persona (id, rut, dv, nombres, apellidos, email, telefono, direccion) VALUES (163, '12.163.163', '5', 'Nombre163', 'Apellido163', 'persona163@mail.cl', '+56 9 0007163', 'Calle 163');
INSERT INTO persona (id, rut, dv, nombres, apellidos, email, telefono, direccion) VALUES (164, '12.164.164', '5', 'Nombre164', 'Apellido164', 'persona164@mail.cl', '+56 9 0007164', 'Calle 164');
INSERT INTO persona (id, rut, dv, nombres, apellidos, email, telefono, direccion) VALUES (165, '12.165.165', '5', 'Nombre165', 'Apellido165', 'persona165@mail.cl', '+56 9 0007165', 'Calle 165');
INSERT INTO persona (id, rut, dv, nombres, apellidos, email, telefono, direccion) VALUES (166, '12.166.166', '5', 'Nombre166', 'Apellido166', 'persona166@mail.cl', '+56 9 0007166', 'Calle 166');
INSERT INTO persona (id, rut, dv, nombres, apellidos, email, telefono, direccion) VALUES (167, '12.167.167', '5', 'Nombre167', 'Apellido167', 'persona167@mail.cl', '+56 9 0007167', 'Calle 167');
INSERT INTO persona (id, rut, dv, nombres, apellidos, email, telefono, direccion) VALUES (168, '12.168.168', '5', 'Nombre168', 'Apellido168', 'persona168@mail.cl', '+56 9 0007168', 'Calle 168');
INSERT INTO persona (id, rut, dv, nombres, apellidos, email, telefono, direccion) VALUES (169, '12.169.169', '5', 'Nombre169', 'Apellido169', 'persona169@mail.cl', '+56 9 0007169', 'Calle 169');
INSERT INTO persona (id, rut, dv, nombres, apellidos, email, telefono, direccion) VALUES (170, '12.170.170', '5', 'Nombre170', 'Apellido170', 'persona170@mail.cl', '+56 9 0007170', 'Calle 170');
INSERT INTO persona (id, rut, dv, nombres, apellidos, email, telefono, direccion) VALUES (171, '12.171.171', '5', 'Nombre171', 'Apellido171', 'persona171@mail.cl', '+56 9 0007171', 'Calle 171');
INSERT INTO persona (id, rut, dv, nombres, apellidos, email, telefono, direccion) VALUES (172, '12.172.172', '5', 'Nombre172', 'Apellido172', 'persona172@mail.cl', '+56 9 0007172', 'Calle 172');
INSERT INTO persona (id, rut, dv, nombres, apellidos, email, telefono, direccion) VALUES (173, '12.173.173', '5', 'Nombre173', 'Apellido173', 'persona173@mail.cl', '+56 9 0007173', 'Calle 173');
INSERT INTO persona (id, rut, dv, nombres, apellidos, email, telefono, direccion) VALUES (174, '12.174.174', '5', 'Nombre174', 'Apellido174', 'persona174@mail.cl', '+56 9 0007174', 'Calle 174');
INSERT INTO persona (id, rut, dv, nombres, apellidos, email, telefono, direccion) VALUES (175, '12.175.175', '5', 'Nombre175', 'Apellido175', 'persona175@mail.cl', '+56 9 0007175', 'Calle 175');
INSERT INTO persona (id, rut, dv, nombres, apellidos, email, telefono, direccion) VALUES (176, '12.176.176', '5', 'Nombre176', 'Apellido176', 'persona176@mail.cl', '+56 9 0007176', 'Calle 176');
INSERT INTO persona (id, rut, dv, nombres, apellidos, email, telefono, direccion) VALUES (177, '12.177.177', '5', 'Nombre177', 'Apellido177', 'persona177@mail.cl', '+56 9 0007177', 'Calle 177');
INSERT INTO persona (id, rut, dv, nombres, apellidos, email, telefono, direccion) VALUES (178, '12.178.178', '5', 'Nombre178', 'Apellido178', 'persona178@mail.cl', '+56 9 0007178', 'Calle 178');
INSERT INTO persona (id, rut, dv, nombres, apellidos, email, telefono, direccion) VALUES (179, '12.179.179', '5', 'Nombre179', 'Apellido179', 'persona179@mail.cl', '+56 9 0007179', 'Calle 179');
INSERT INTO persona (id, rut, dv, nombres, apellidos, email, telefono, direccion) VALUES (180, '12.180.180', '5', 'Nombre180', 'Apellido180', 'persona180@mail.cl', '+56 9 0007180', 'Calle 180');
INSERT INTO persona (id, rut, dv, nombres, apellidos, email, telefono, direccion) VALUES (181, '12.181.181', '5', 'Nombre181', 'Apellido181', 'persona181@mail.cl', '+56 9 0007181', 'Calle 181');
INSERT INTO persona (id, rut, dv, nombres, apellidos, email, telefono, direccion) VALUES (182, '12.182.182', '5', 'Nombre182', 'Apellido182', 'persona182@mail.cl', '+56 9 0007182', 'Calle 182');
INSERT INTO persona (id, rut, dv, nombres, apellidos, email, telefono, direccion) VALUES (183, '12.183.183', '5', 'Nombre183', 'Apellido183', 'persona183@mail.cl', '+56 9 0007183', 'Calle 183');
INSERT INTO persona (id, rut, dv, nombres, apellidos, email, telefono, direccion) VALUES (184, '12.184.184', '5', 'Nombre184', 'Apellido184', 'persona184@mail.cl', '+56 9 0007184', 'Calle 184');
INSERT INTO persona (id, rut, dv, nombres, apellidos, email, telefono, direccion) VALUES (185, '12.185.185', '5', 'Nombre185', 'Apellido185', 'persona185@mail.cl', '+56 9 0007185', 'Calle 185');
INSERT INTO persona (id, rut, dv, nombres, apellidos, email, telefono, direccion) VALUES (186, '12.186.186', '5', 'Nombre186', 'Apellido186', 'persona186@mail.cl', '+56 9 0007186', 'Calle 186');
INSERT INTO persona (id, rut, dv, nombres, apellidos, email, telefono, direccion) VALUES (187, '12.187.187', '5', 'Nombre187', 'Apellido187', 'persona187@mail.cl', '+56 9 0007187', 'Calle 187');
INSERT INTO persona (id, rut, dv, nombres, apellidos, email, telefono, direccion) VALUES (188, '12.188.188', '5', 'Nombre188', 'Apellido188', 'persona188@mail.cl', '+56 9 0007188', 'Calle 188');
INSERT INTO persona (id, rut, dv, nombres, apellidos, email, telefono, direccion) VALUES (189, '12.189.189', '5', 'Nombre189', 'Apellido189', 'persona189@mail.cl', '+56 9 0007189', 'Calle 189');
INSERT INTO persona (id, rut, dv, nombres, apellidos, email, telefono, direccion) VALUES (190, '12.190.190', '5', 'Nombre190', 'Apellido190', 'persona190@mail.cl', '+56 9 0007190', 'Calle 190');
INSERT INTO persona (id, rut, dv, nombres, apellidos, email, telefono, direccion) VALUES (191, '12.191.191', '5', 'Nombre191', 'Apellido191', 'persona191@mail.cl', '+56 9 0007191', 'Calle 191');
INSERT INTO persona (id, rut, dv, nombres, apellidos, email, telefono, direccion) VALUES (192, '12.192.192', '5', 'Nombre192', 'Apellido192', 'persona192@mail.cl', '+56 9 0007192', 'Calle 192');
INSERT INTO persona (id, rut, dv, nombres, apellidos, email, telefono, direccion) VALUES (193, '12.193.193', '5', 'Nombre193', 'Apellido193', 'persona193@mail.cl', '+56 9 0007193', 'Calle 193');
INSERT INTO persona (id, rut, dv, nombres, apellidos, email, telefono, direccion) VALUES (194, '12.194.194', '5', 'Nombre194', 'Apellido194', 'persona194@mail.cl', '+56 9 0007194', 'Calle 194');
INSERT INTO persona (id, rut, dv, nombres, apellidos, email, telefono, direccion) VALUES (195, '12.195.195', '5', 'Nombre195', 'Apellido195', 'persona195@mail.cl', '+56 9 0007195', 'Calle 195');
INSERT INTO persona (id, rut, dv, nombres, apellidos, email, telefono, direccion) VALUES (196, '12.196.196', '5', 'Nombre196', 'Apellido196', 'persona196@mail.cl', '+56 9 0007196', 'Calle 196');
INSERT INTO persona (id, rut, dv, nombres, apellidos, email, telefono, direccion) VALUES (197, '12.197.197', '5', 'Nombre197', 'Apellido197', 'persona197@mail.cl', '+56 9 0007197', 'Calle 197');
INSERT INTO persona (id, rut, dv, nombres, apellidos, email, telefono, direccion) VALUES (198, '12.198.198', '5', 'Nombre198', 'Apellido198', 'persona198@mail.cl', '+56 9 0007198', 'Calle 198');
INSERT INTO persona (id, rut, dv, nombres, apellidos, email, telefono, direccion) VALUES (199, '12.199.199', '5', 'Nombre199', 'Apellido199', 'persona199@mail.cl', '+56 9 0007199', 'Calle 199');
INSERT INTO persona (id, rut, dv, nombres, apellidos, email, telefono, direccion) VALUES (200, '12.200.200', '5', 'Nombre200', 'Apellido200', 'persona200@mail.cl', '+56 9 0007200', 'Calle 200');

-- Usuarios
INSERT INTO usuario (id, persona_id, username, hash_password, email, activo, is_superadmin) VALUES (1, 108, 'user1', '$2y$10$hashdemo', 'user1@mail.cl', 1, 0);
INSERT INTO usuario (id, persona_id, username, hash_password, email, activo, is_superadmin) VALUES (2, 57, 'user2', '$2y$10$hashdemo', 'user2@mail.cl', 1, 0);
INSERT INTO usuario (id, persona_id, username, hash_password, email, activo, is_superadmin) VALUES (3, 115, 'user3', '$2y$10$hashdemo', 'user3@mail.cl', 1, 0);
INSERT INTO usuario (id, persona_id, username, hash_password, email, activo, is_superadmin) VALUES (4, 151, 'user4', '$2y$10$hashdemo', 'user4@mail.cl', 1, 0);
INSERT INTO usuario (id, persona_id, username, hash_password, email, activo, is_superadmin) VALUES (5, 72, 'user5', '$2y$10$hashdemo', 'user5@mail.cl', 1, 0);
INSERT INTO usuario (id, persona_id, username, hash_password, email, activo, is_superadmin) VALUES (6, 2, 'user6', '$2y$10$hashdemo', 'user6@mail.cl', 1, 0);
INSERT INTO usuario (id, persona_id, username, hash_password, email, activo, is_superadmin) VALUES (7, 195, 'user7', '$2y$10$hashdemo', 'user7@mail.cl', 1, 0);
INSERT INTO usuario (id, persona_id, username, hash_password, email, activo, is_superadmin) VALUES (8, 41, 'user8', '$2y$10$hashdemo', 'user8@mail.cl', 1, 0);
INSERT INTO usuario (id, persona_id, username, hash_password, email, activo, is_superadmin) VALUES (9, 179, 'user9', '$2y$10$hashdemo', 'user9@mail.cl', 1, 0);
INSERT INTO usuario (id, persona_id, username, hash_password, email, activo, is_superadmin) VALUES (10, 109, 'user10', '$2y$10$hashdemo', 'user10@mail.cl', 1, 0);
INSERT INTO usuario (id, persona_id, username, hash_password, email, activo, is_superadmin) VALUES (11, 88, 'user11', '$2y$10$hashdemo', 'user11@mail.cl', 1, 0);
INSERT INTO usuario (id, persona_id, username, hash_password, email, activo, is_superadmin) VALUES (12, 72, 'user12', '$2y$10$hashdemo', 'user12@mail.cl', 1, 0);
INSERT INTO usuario (id, persona_id, username, hash_password, email, activo, is_superadmin) VALUES (13, 40, 'user13', '$2y$10$hashdemo', 'user13@mail.cl', 1, 0);
INSERT INTO usuario (id, persona_id, username, hash_password, email, activo, is_superadmin) VALUES (14, 56, 'user14', '$2y$10$hashdemo', 'user14@mail.cl', 1, 0);
INSERT INTO usuario (id, persona_id, username, hash_password, email, activo, is_superadmin) VALUES (15, 196, 'user15', '$2y$10$hashdemo', 'user15@mail.cl', 1, 0);
INSERT INTO usuario (id, persona_id, username, hash_password, email, activo, is_superadmin) VALUES (16, 87, 'user16', '$2y$10$hashdemo', 'user16@mail.cl', 1, 0);
INSERT INTO usuario (id, persona_id, username, hash_password, email, activo, is_superadmin) VALUES (17, 27, 'user17', '$2y$10$hashdemo', 'user17@mail.cl', 1, 0);
INSERT INTO usuario (id, persona_id, username, hash_password, email, activo, is_superadmin) VALUES (18, 24, 'user18', '$2y$10$hashdemo', 'user18@mail.cl', 1, 0);
INSERT INTO usuario (id, persona_id, username, hash_password, email, activo, is_superadmin) VALUES (19, 98, 'user19', '$2y$10$hashdemo', 'user19@mail.cl', 1, 0);
INSERT INTO usuario (id, persona_id, username, hash_password, email, activo, is_superadmin) VALUES (20, 25, 'user20', '$2y$10$hashdemo', 'user20@mail.cl', 1, 0);
INSERT INTO usuario (id, persona_id, username, hash_password, email, activo, is_superadmin) VALUES (21, 92, 'user21', '$2y$10$hashdemo', 'user21@mail.cl', 1, 0);
INSERT INTO usuario (id, persona_id, username, hash_password, email, activo, is_superadmin) VALUES (22, 89, 'user22', '$2y$10$hashdemo', 'user22@mail.cl', 1, 0);
INSERT INTO usuario (id, persona_id, username, hash_password, email, activo, is_superadmin) VALUES (23, 155, 'user23', '$2y$10$hashdemo', 'user23@mail.cl', 1, 0);
INSERT INTO usuario (id, persona_id, username, hash_password, email, activo, is_superadmin) VALUES (24, 68, 'user24', '$2y$10$hashdemo', 'user24@mail.cl', 1, 0);
INSERT INTO usuario (id, persona_id, username, hash_password, email, activo, is_superadmin) VALUES (25, 12, 'user25', '$2y$10$hashdemo', 'user25@mail.cl', 1, 0);
INSERT INTO usuario (id, persona_id, username, hash_password, email, activo, is_superadmin) VALUES (26, 187, 'user26', '$2y$10$hashdemo', 'user26@mail.cl', 1, 0);
INSERT INTO usuario (id, persona_id, username, hash_password, email, activo, is_superadmin) VALUES (27, 118, 'user27', '$2y$10$hashdemo', 'user27@mail.cl', 1, 0);
INSERT INTO usuario (id, persona_id, username, hash_password, email, activo, is_superadmin) VALUES (28, 138, 'user28', '$2y$10$hashdemo', 'user28@mail.cl', 1, 0);
INSERT INTO usuario (id, persona_id, username, hash_password, email, activo, is_superadmin) VALUES (29, 32, 'user29', '$2y$10$hashdemo', 'user29@mail.cl', 1, 0);
INSERT INTO usuario (id, persona_id, username, hash_password, email, activo, is_superadmin) VALUES (30, 97, 'user30', '$2y$10$hashdemo', 'user30@mail.cl', 1, 0);
INSERT INTO usuario (id, persona_id, username, hash_password, email, activo, is_superadmin) VALUES (31, 21, 'user31', '$2y$10$hashdemo', 'user31@mail.cl', 1, 0);
INSERT INTO usuario (id, persona_id, username, hash_password, email, activo, is_superadmin) VALUES (32, 142, 'user32', '$2y$10$hashdemo', 'user32@mail.cl', 1, 0);
INSERT INTO usuario (id, persona_id, username, hash_password, email, activo, is_superadmin) VALUES (33, 76, 'user33', '$2y$10$hashdemo', 'user33@mail.cl', 1, 0);
INSERT INTO usuario (id, persona_id, username, hash_password, email, activo, is_superadmin) VALUES (34, 161, 'user34', '$2y$10$hashdemo', 'user34@mail.cl', 1, 0);
INSERT INTO usuario (id, persona_id, username, hash_password, email, activo, is_superadmin) VALUES (35, 159, 'user35', '$2y$10$hashdemo', 'user35@mail.cl', 1, 0);
INSERT INTO usuario (id, persona_id, username, hash_password, email, activo, is_superadmin) VALUES (36, 93, 'user36', '$2y$10$hashdemo', 'user36@mail.cl', 1, 0);
INSERT INTO usuario (id, persona_id, username, hash_password, email, activo, is_superadmin) VALUES (37, 148, 'user37', '$2y$10$hashdemo', 'user37@mail.cl', 1, 0);
INSERT INTO usuario (id, persona_id, username, hash_password, email, activo, is_superadmin) VALUES (38, 50, 'user38', '$2y$10$hashdemo', 'user38@mail.cl', 1, 0);
INSERT INTO usuario (id, persona_id, username, hash_password, email, activo, is_superadmin) VALUES (39, 181, 'user39', '$2y$10$hashdemo', 'user39@mail.cl', 1, 0);
INSERT INTO usuario (id, persona_id, username, hash_password, email, activo, is_superadmin) VALUES (40, 18, 'user40', '$2y$10$hashdemo', 'user40@mail.cl', 1, 0);
INSERT INTO usuario (id, persona_id, username, hash_password, email, activo, is_superadmin) VALUES (41, 12, 'user41', '$2y$10$hashdemo', 'user41@mail.cl', 1, 0);
INSERT INTO usuario (id, persona_id, username, hash_password, email, activo, is_superadmin) VALUES (42, 170, 'user42', '$2y$10$hashdemo', 'user42@mail.cl', 1, 0);
INSERT INTO usuario (id, persona_id, username, hash_password, email, activo, is_superadmin) VALUES (43, 59, 'user43', '$2y$10$hashdemo', 'user43@mail.cl', 1, 0);
INSERT INTO usuario (id, persona_id, username, hash_password, email, activo, is_superadmin) VALUES (44, 198, 'user44', '$2y$10$hashdemo', 'user44@mail.cl', 1, 0);
INSERT INTO usuario (id, persona_id, username, hash_password, email, activo, is_superadmin) VALUES (45, 75, 'user45', '$2y$10$hashdemo', 'user45@mail.cl', 1, 0);
INSERT INTO usuario (id, persona_id, username, hash_password, email, activo, is_superadmin) VALUES (46, 21, 'user46', '$2y$10$hashdemo', 'user46@mail.cl', 1, 0);
INSERT INTO usuario (id, persona_id, username, hash_password, email, activo, is_superadmin) VALUES (47, 60, 'user47', '$2y$10$hashdemo', 'user47@mail.cl', 1, 0);
INSERT INTO usuario (id, persona_id, username, hash_password, email, activo, is_superadmin) VALUES (48, 26, 'user48', '$2y$10$hashdemo', 'user48@mail.cl', 1, 0);
INSERT INTO usuario (id, persona_id, username, hash_password, email, activo, is_superadmin) VALUES (49, 98, 'user49', '$2y$10$hashdemo', 'user49@mail.cl', 1, 0);
INSERT INTO usuario (id, persona_id, username, hash_password, email, activo, is_superadmin) VALUES (50, 72, 'user50', '$2y$10$hashdemo', 'user50@mail.cl', 1, 0);
INSERT INTO usuario (id, persona_id, username, hash_password, email, activo, is_superadmin) VALUES (51, 117, 'user51', '$2y$10$hashdemo', 'user51@mail.cl', 1, 0);
INSERT INTO usuario (id, persona_id, username, hash_password, email, activo, is_superadmin) VALUES (52, 163, 'user52', '$2y$10$hashdemo', 'user52@mail.cl', 1, 0);
INSERT INTO usuario (id, persona_id, username, hash_password, email, activo, is_superadmin) VALUES (53, 94, 'user53', '$2y$10$hashdemo', 'user53@mail.cl', 1, 0);
INSERT INTO usuario (id, persona_id, username, hash_password, email, activo, is_superadmin) VALUES (54, 42, 'user54', '$2y$10$hashdemo', 'user54@mail.cl', 1, 0);
INSERT INTO usuario (id, persona_id, username, hash_password, email, activo, is_superadmin) VALUES (55, 95, 'user55', '$2y$10$hashdemo', 'user55@mail.cl', 1, 0);
INSERT INTO usuario (id, persona_id, username, hash_password, email, activo, is_superadmin) VALUES (56, 91, 'user56', '$2y$10$hashdemo', 'user56@mail.cl', 1, 0);
INSERT INTO usuario (id, persona_id, username, hash_password, email, activo, is_superadmin) VALUES (57, 54, 'user57', '$2y$10$hashdemo', 'user57@mail.cl', 1, 0);
INSERT INTO usuario (id, persona_id, username, hash_password, email, activo, is_superadmin) VALUES (58, 172, 'user58', '$2y$10$hashdemo', 'user58@mail.cl', 1, 0);
INSERT INTO usuario (id, persona_id, username, hash_password, email, activo, is_superadmin) VALUES (59, 69, 'user59', '$2y$10$hashdemo', 'user59@mail.cl', 1, 0);
INSERT INTO usuario (id, persona_id, username, hash_password, email, activo, is_superadmin) VALUES (60, 180, 'user60', '$2y$10$hashdemo', 'user60@mail.cl', 1, 0);
INSERT INTO usuario (id, persona_id, username, hash_password, email, activo, is_superadmin) VALUES (61, 175, 'user61', '$2y$10$hashdemo', 'user61@mail.cl', 1, 0);
INSERT INTO usuario (id, persona_id, username, hash_password, email, activo, is_superadmin) VALUES (62, 166, 'user62', '$2y$10$hashdemo', 'user62@mail.cl', 1, 0);
INSERT INTO usuario (id, persona_id, username, hash_password, email, activo, is_superadmin) VALUES (63, 19, 'user63', '$2y$10$hashdemo', 'user63@mail.cl', 1, 0);
INSERT INTO usuario (id, persona_id, username, hash_password, email, activo, is_superadmin) VALUES (64, 156, 'user64', '$2y$10$hashdemo', 'user64@mail.cl', 1, 0);
INSERT INTO usuario (id, persona_id, username, hash_password, email, activo, is_superadmin) VALUES (65, 163, 'user65', '$2y$10$hashdemo', 'user65@mail.cl', 1, 0);
INSERT INTO usuario (id, persona_id, username, hash_password, email, activo, is_superadmin) VALUES (66, 44, 'user66', '$2y$10$hashdemo', 'user66@mail.cl', 1, 0);
INSERT INTO usuario (id, persona_id, username, hash_password, email, activo, is_superadmin) VALUES (67, 137, 'user67', '$2y$10$hashdemo', 'user67@mail.cl', 1, 0);
INSERT INTO usuario (id, persona_id, username, hash_password, email, activo, is_superadmin) VALUES (68, 187, 'user68', '$2y$10$hashdemo', 'user68@mail.cl', 1, 0);
INSERT INTO usuario (id, persona_id, username, hash_password, email, activo, is_superadmin) VALUES (69, 63, 'user69', '$2y$10$hashdemo', 'user69@mail.cl', 1, 0);
INSERT INTO usuario (id, persona_id, username, hash_password, email, activo, is_superadmin) VALUES (70, 42, 'user70', '$2y$10$hashdemo', 'user70@mail.cl', 1, 0);
INSERT INTO usuario (id, persona_id, username, hash_password, email, activo, is_superadmin) VALUES (71, 119, 'user71', '$2y$10$hashdemo', 'user71@mail.cl', 1, 0);
INSERT INTO usuario (id, persona_id, username, hash_password, email, activo, is_superadmin) VALUES (72, 98, 'user72', '$2y$10$hashdemo', 'user72@mail.cl', 1, 0);
INSERT INTO usuario (id, persona_id, username, hash_password, email, activo, is_superadmin) VALUES (73, 70, 'user73', '$2y$10$hashdemo', 'user73@mail.cl', 1, 0);
INSERT INTO usuario (id, persona_id, username, hash_password, email, activo, is_superadmin) VALUES (74, 164, 'user74', '$2y$10$hashdemo', 'user74@mail.cl', 1, 0);
INSERT INTO usuario (id, persona_id, username, hash_password, email, activo, is_superadmin) VALUES (75, 177, 'user75', '$2y$10$hashdemo', 'user75@mail.cl', 1, 0);
INSERT INTO usuario (id, persona_id, username, hash_password, email, activo, is_superadmin) VALUES (76, 143, 'user76', '$2y$10$hashdemo', 'user76@mail.cl', 1, 0);
INSERT INTO usuario (id, persona_id, username, hash_password, email, activo, is_superadmin) VALUES (77, 57, 'user77', '$2y$10$hashdemo', 'user77@mail.cl', 1, 0);
INSERT INTO usuario (id, persona_id, username, hash_password, email, activo, is_superadmin) VALUES (78, 176, 'user78', '$2y$10$hashdemo', 'user78@mail.cl', 1, 0);
INSERT INTO usuario (id, persona_id, username, hash_password, email, activo, is_superadmin) VALUES (79, 84, 'user79', '$2y$10$hashdemo', 'user79@mail.cl', 1, 0);
INSERT INTO usuario (id, persona_id, username, hash_password, email, activo, is_superadmin) VALUES (80, 197, 'user80', '$2y$10$hashdemo', 'user80@mail.cl', 1, 0);
INSERT INTO usuario (id, persona_id, username, hash_password, email, activo, is_superadmin) VALUES (81, 199, 'user81', '$2y$10$hashdemo', 'user81@mail.cl', 1, 0);
INSERT INTO usuario (id, persona_id, username, hash_password, email, activo, is_superadmin) VALUES (82, 15, 'user82', '$2y$10$hashdemo', 'user82@mail.cl', 1, 0);
INSERT INTO usuario (id, persona_id, username, hash_password, email, activo, is_superadmin) VALUES (83, 59, 'user83', '$2y$10$hashdemo', 'user83@mail.cl', 1, 0);
INSERT INTO usuario (id, persona_id, username, hash_password, email, activo, is_superadmin) VALUES (84, 9, 'user84', '$2y$10$hashdemo', 'user84@mail.cl', 1, 0);
INSERT INTO usuario (id, persona_id, username, hash_password, email, activo, is_superadmin) VALUES (85, 81, 'user85', '$2y$10$hashdemo', 'user85@mail.cl', 1, 0);
INSERT INTO usuario (id, persona_id, username, hash_password, email, activo, is_superadmin) VALUES (86, 103, 'user86', '$2y$10$hashdemo', 'user86@mail.cl', 1, 0);
INSERT INTO usuario (id, persona_id, username, hash_password, email, activo, is_superadmin) VALUES (87, 69, 'user87', '$2y$10$hashdemo', 'user87@mail.cl', 1, 0);
INSERT INTO usuario (id, persona_id, username, hash_password, email, activo, is_superadmin) VALUES (88, 17, 'user88', '$2y$10$hashdemo', 'user88@mail.cl', 1, 0);
INSERT INTO usuario (id, persona_id, username, hash_password, email, activo, is_superadmin) VALUES (89, 55, 'user89', '$2y$10$hashdemo', 'user89@mail.cl', 1, 0);
INSERT INTO usuario (id, persona_id, username, hash_password, email, activo, is_superadmin) VALUES (90, 146, 'user90', '$2y$10$hashdemo', 'user90@mail.cl', 1, 0);
INSERT INTO usuario (id, persona_id, username, hash_password, email, activo, is_superadmin) VALUES (91, 184, 'user91', '$2y$10$hashdemo', 'user91@mail.cl', 1, 0);
INSERT INTO usuario (id, persona_id, username, hash_password, email, activo, is_superadmin) VALUES (92, 81, 'user92', '$2y$10$hashdemo', 'user92@mail.cl', 1, 0);
INSERT INTO usuario (id, persona_id, username, hash_password, email, activo, is_superadmin) VALUES (93, 55, 'user93', '$2y$10$hashdemo', 'user93@mail.cl', 1, 0);
INSERT INTO usuario (id, persona_id, username, hash_password, email, activo, is_superadmin) VALUES (94, 168, 'user94', '$2y$10$hashdemo', 'user94@mail.cl', 1, 0);
INSERT INTO usuario (id, persona_id, username, hash_password, email, activo, is_superadmin) VALUES (95, 128, 'user95', '$2y$10$hashdemo', 'user95@mail.cl', 1, 0);
INSERT INTO usuario (id, persona_id, username, hash_password, email, activo, is_superadmin) VALUES (96, 102, 'user96', '$2y$10$hashdemo', 'user96@mail.cl', 1, 0);
INSERT INTO usuario (id, persona_id, username, hash_password, email, activo, is_superadmin) VALUES (97, 165, 'user97', '$2y$10$hashdemo', 'user97@mail.cl', 1, 0);
INSERT INTO usuario (id, persona_id, username, hash_password, email, activo, is_superadmin) VALUES (98, 118, 'user98', '$2y$10$hashdemo', 'user98@mail.cl', 1, 0);
INSERT INTO usuario (id, persona_id, username, hash_password, email, activo, is_superadmin) VALUES (99, 37, 'user99', '$2y$10$hashdemo', 'user99@mail.cl', 1, 0);
INSERT INTO usuario (id, persona_id, username, hash_password, email, activo, is_superadmin) VALUES (100, 68, 'user100', '$2y$10$hashdemo', 'user100@mail.cl', 1, 0);
INSERT INTO usuario (id, persona_id, username, hash_password, email, activo, is_superadmin) VALUES (101, 36, 'user101', '$2y$10$hashdemo', 'user101@mail.cl', 1, 0);
INSERT INTO usuario (id, persona_id, username, hash_password, email, activo, is_superadmin) VALUES (102, 64, 'user102', '$2y$10$hashdemo', 'user102@mail.cl', 1, 0);
INSERT INTO usuario (id, persona_id, username, hash_password, email, activo, is_superadmin) VALUES (103, 191, 'user103', '$2y$10$hashdemo', 'user103@mail.cl', 1, 0);
INSERT INTO usuario (id, persona_id, username, hash_password, email, activo, is_superadmin) VALUES (104, 144, 'user104', '$2y$10$hashdemo', 'user104@mail.cl', 1, 0);
INSERT INTO usuario (id, persona_id, username, hash_password, email, activo, is_superadmin) VALUES (105, 138, 'user105', '$2y$10$hashdemo', 'user105@mail.cl', 1, 0);
INSERT INTO usuario (id, persona_id, username, hash_password, email, activo, is_superadmin) VALUES (106, 68, 'user106', '$2y$10$hashdemo', 'user106@mail.cl', 1, 0);
INSERT INTO usuario (id, persona_id, username, hash_password, email, activo, is_superadmin) VALUES (107, 192, 'user107', '$2y$10$hashdemo', 'user107@mail.cl', 1, 0);
INSERT INTO usuario (id, persona_id, username, hash_password, email, activo, is_superadmin) VALUES (108, 150, 'user108', '$2y$10$hashdemo', 'user108@mail.cl', 1, 0);
INSERT INTO usuario (id, persona_id, username, hash_password, email, activo, is_superadmin) VALUES (109, 110, 'user109', '$2y$10$hashdemo', 'user109@mail.cl', 1, 0);
INSERT INTO usuario (id, persona_id, username, hash_password, email, activo, is_superadmin) VALUES (110, 150, 'user110', '$2y$10$hashdemo', 'user110@mail.cl', 1, 0);
INSERT INTO usuario (id, persona_id, username, hash_password, email, activo, is_superadmin) VALUES (111, 103, 'user111', '$2y$10$hashdemo', 'user111@mail.cl', 1, 0);
INSERT INTO usuario (id, persona_id, username, hash_password, email, activo, is_superadmin) VALUES (112, 93, 'user112', '$2y$10$hashdemo', 'user112@mail.cl', 1, 0);
INSERT INTO usuario (id, persona_id, username, hash_password, email, activo, is_superadmin) VALUES (113, 57, 'user113', '$2y$10$hashdemo', 'user113@mail.cl', 1, 0);
INSERT INTO usuario (id, persona_id, username, hash_password, email, activo, is_superadmin) VALUES (114, 36, 'user114', '$2y$10$hashdemo', 'user114@mail.cl', 1, 0);
INSERT INTO usuario (id, persona_id, username, hash_password, email, activo, is_superadmin) VALUES (115, 131, 'user115', '$2y$10$hashdemo', 'user115@mail.cl', 1, 0);
INSERT INTO usuario (id, persona_id, username, hash_password, email, activo, is_superadmin) VALUES (116, 127, 'user116', '$2y$10$hashdemo', 'user116@mail.cl', 1, 0);
INSERT INTO usuario (id, persona_id, username, hash_password, email, activo, is_superadmin) VALUES (117, 24, 'user117', '$2y$10$hashdemo', 'user117@mail.cl', 1, 0);
INSERT INTO usuario (id, persona_id, username, hash_password, email, activo, is_superadmin) VALUES (118, 194, 'user118', '$2y$10$hashdemo', 'user118@mail.cl', 1, 0);
INSERT INTO usuario (id, persona_id, username, hash_password, email, activo, is_superadmin) VALUES (119, 13, 'user119', '$2y$10$hashdemo', 'user119@mail.cl', 1, 0);
INSERT INTO usuario (id, persona_id, username, hash_password, email, activo, is_superadmin) VALUES (120, 29, 'user120', '$2y$10$hashdemo', 'user120@mail.cl', 1, 0);

-- Roles
INSERT INTO rol (id, codigo, nombre, descripcion, nivel_acceso, es_rol_sistema) VALUES (1, 'superadmin', 'Super Admin', 'Acceso total al sistema', 100, 1);
INSERT INTO rol (id, codigo, nombre, descripcion, nivel_acceso, es_rol_sistema) VALUES (2, 'admin', 'Administrador', 'Administra comunidad', 80, 0);
INSERT INTO rol (id, codigo, nombre, descripcion, nivel_acceso, es_rol_sistema) VALUES (3, 'conserje', 'Conserje', 'Bitcora y reservas', 30, 0);
INSERT INTO rol (id, codigo, nombre, descripcion, nivel_acceso, es_rol_sistema) VALUES (4, 'residente', 'Residente', 'Acceso de residente', 10, 0);

-- Usuario Comunidad Rol
INSERT INTO usuario_comunidad_rol (id, usuario_id, comunidad_id, rol_id, desde, activo) VALUES (1, 1, 2, 4, '2025-03-18', 1);
INSERT INTO usuario_comunidad_rol (id, usuario_id, comunidad_id, rol_id, desde, activo) VALUES (2, 2, 4, 4, '2025-03-18', 1);
INSERT INTO usuario_comunidad_rol (id, usuario_id, comunidad_id, rol_id, desde, activo) VALUES (3, 3, 5, 3, '2025-03-12', 1);
INSERT INTO usuario_comunidad_rol (id, usuario_id, comunidad_id, rol_id, desde, activo) VALUES (4, 3, 1, 1, '2025-03-29', 1);
INSERT INTO usuario_comunidad_rol (id, usuario_id, comunidad_id, rol_id, desde, activo) VALUES (5, 4, 3, 1, '2025-02-07', 1);
INSERT INTO usuario_comunidad_rol (id, usuario_id, comunidad_id, rol_id, desde, activo) VALUES (6, 4, 4, 2, '2025-02-28', 1);
INSERT INTO usuario_comunidad_rol (id, usuario_id, comunidad_id, rol_id, desde, activo) VALUES (7, 5, 3, 2, '2025-03-06', 1);
INSERT INTO usuario_comunidad_rol (id, usuario_id, comunidad_id, rol_id, desde, activo) VALUES (8, 6, 3, 2, '2025-01-20', 1);
INSERT INTO usuario_comunidad_rol (id, usuario_id, comunidad_id, rol_id, desde, activo) VALUES (9, 7, 2, 1, '2025-03-18', 1);
INSERT INTO usuario_comunidad_rol (id, usuario_id, comunidad_id, rol_id, desde, activo) VALUES (10, 7, 3, 4, '2025-01-03', 1);
INSERT INTO usuario_comunidad_rol (id, usuario_id, comunidad_id, rol_id, desde, activo) VALUES (11, 8, 3, 3, '2025-01-31', 1);
INSERT INTO usuario_comunidad_rol (id, usuario_id, comunidad_id, rol_id, desde, activo) VALUES (12, 9, 2, 1, '2025-01-11', 1);
INSERT INTO usuario_comunidad_rol (id, usuario_id, comunidad_id, rol_id, desde, activo) VALUES (13, 10, 1, 2, '2025-01-17', 1);
INSERT INTO usuario_comunidad_rol (id, usuario_id, comunidad_id, rol_id, desde, activo) VALUES (14, 10, 4, 2, '2025-02-03', 1);
INSERT INTO usuario_comunidad_rol (id, usuario_id, comunidad_id, rol_id, desde, activo) VALUES (15, 11, 2, 2, '2025-04-02', 1);
INSERT INTO usuario_comunidad_rol (id, usuario_id, comunidad_id, rol_id, desde, activo) VALUES (16, 11, 3, 4, '2025-03-27', 1);
INSERT INTO usuario_comunidad_rol (id, usuario_id, comunidad_id, rol_id, desde, activo) VALUES (17, 12, 4, 4, '2025-01-16', 1);
INSERT INTO usuario_comunidad_rol (id, usuario_id, comunidad_id, rol_id, desde, activo) VALUES (18, 12, 2, 2, '2025-01-09', 1);
INSERT INTO usuario_comunidad_rol (id, usuario_id, comunidad_id, rol_id, desde, activo) VALUES (19, 13, 1, 2, '2025-03-17', 1);
INSERT INTO usuario_comunidad_rol (id, usuario_id, comunidad_id, rol_id, desde, activo) VALUES (20, 13, 2, 1, '2025-01-10', 1);
INSERT INTO usuario_comunidad_rol (id, usuario_id, comunidad_id, rol_id, desde, activo) VALUES (21, 14, 2, 1, '2025-04-26', 1);
INSERT INTO usuario_comunidad_rol (id, usuario_id, comunidad_id, rol_id, desde, activo) VALUES (22, 15, 3, 1, '2025-03-07', 1);
INSERT INTO usuario_comunidad_rol (id, usuario_id, comunidad_id, rol_id, desde, activo) VALUES (23, 16, 3, 4, '2025-01-28', 1);
INSERT INTO usuario_comunidad_rol (id, usuario_id, comunidad_id, rol_id, desde, activo) VALUES (24, 17, 5, 4, '2025-02-01', 1);
INSERT INTO usuario_comunidad_rol (id, usuario_id, comunidad_id, rol_id, desde, activo) VALUES (25, 18, 4, 2, '2025-01-13', 1);
INSERT INTO usuario_comunidad_rol (id, usuario_id, comunidad_id, rol_id, desde, activo) VALUES (26, 18, 1, 4, '2025-02-15', 1);
INSERT INTO usuario_comunidad_rol (id, usuario_id, comunidad_id, rol_id, desde, activo) VALUES (27, 19, 4, 4, '2025-04-21', 1);
INSERT INTO usuario_comunidad_rol (id, usuario_id, comunidad_id, rol_id, desde, activo) VALUES (28, 19, 1, 1, '2025-01-08', 1);
INSERT INTO usuario_comunidad_rol (id, usuario_id, comunidad_id, rol_id, desde, activo) VALUES (29, 20, 3, 1, '2025-02-01', 1);
INSERT INTO usuario_comunidad_rol (id, usuario_id, comunidad_id, rol_id, desde, activo) VALUES (30, 20, 2, 2, '2025-03-10', 1);
INSERT INTO usuario_comunidad_rol (id, usuario_id, comunidad_id, rol_id, desde, activo) VALUES (31, 21, 2, 4, '2025-01-24', 1);
INSERT INTO usuario_comunidad_rol (id, usuario_id, comunidad_id, rol_id, desde, activo) VALUES (32, 21, 3, 4, '2025-02-01', 1);
INSERT INTO usuario_comunidad_rol (id, usuario_id, comunidad_id, rol_id, desde, activo) VALUES (33, 22, 4, 1, '2025-01-07', 1);
INSERT INTO usuario_comunidad_rol (id, usuario_id, comunidad_id, rol_id, desde, activo) VALUES (34, 23, 1, 2, '2025-01-22', 1);
INSERT INTO usuario_comunidad_rol (id, usuario_id, comunidad_id, rol_id, desde, activo) VALUES (35, 24, 4, 4, '2025-01-28', 1);
INSERT INTO usuario_comunidad_rol (id, usuario_id, comunidad_id, rol_id, desde, activo) VALUES (36, 24, 4, 1, '2025-01-22', 1);
INSERT INTO usuario_comunidad_rol (id, usuario_id, comunidad_id, rol_id, desde, activo) VALUES (37, 25, 1, 4, '2025-02-03', 1);
INSERT INTO usuario_comunidad_rol (id, usuario_id, comunidad_id, rol_id, desde, activo) VALUES (38, 25, 4, 3, '2025-02-24', 1);
INSERT INTO usuario_comunidad_rol (id, usuario_id, comunidad_id, rol_id, desde, activo) VALUES (39, 26, 2, 2, '2025-02-07', 1);
INSERT INTO usuario_comunidad_rol (id, usuario_id, comunidad_id, rol_id, desde, activo) VALUES (40, 26, 2, 1, '2025-03-16', 1);
INSERT INTO usuario_comunidad_rol (id, usuario_id, comunidad_id, rol_id, desde, activo) VALUES (41, 27, 3, 1, '2025-01-07', 1);
INSERT INTO usuario_comunidad_rol (id, usuario_id, comunidad_id, rol_id, desde, activo) VALUES (42, 28, 5, 2, '2025-01-08', 1);
INSERT INTO usuario_comunidad_rol (id, usuario_id, comunidad_id, rol_id, desde, activo) VALUES (43, 28, 5, 1, '2025-04-19', 1);
INSERT INTO usuario_comunidad_rol (id, usuario_id, comunidad_id, rol_id, desde, activo) VALUES (44, 29, 1, 1, '2025-03-28', 1);
INSERT INTO usuario_comunidad_rol (id, usuario_id, comunidad_id, rol_id, desde, activo) VALUES (45, 30, 4, 1, '2025-05-01', 1);
INSERT INTO usuario_comunidad_rol (id, usuario_id, comunidad_id, rol_id, desde, activo) VALUES (46, 31, 5, 1, '2025-03-21', 1);
INSERT INTO usuario_comunidad_rol (id, usuario_id, comunidad_id, rol_id, desde, activo) VALUES (47, 32, 4, 3, '2025-04-30', 1);
INSERT INTO usuario_comunidad_rol (id, usuario_id, comunidad_id, rol_id, desde, activo) VALUES (48, 33, 2, 3, '2025-01-31', 1);
INSERT INTO usuario_comunidad_rol (id, usuario_id, comunidad_id, rol_id, desde, activo) VALUES (49, 33, 3, 4, '2025-01-17', 1);
INSERT INTO usuario_comunidad_rol (id, usuario_id, comunidad_id, rol_id, desde, activo) VALUES (50, 34, 4, 3, '2025-04-29', 1);
INSERT INTO usuario_comunidad_rol (id, usuario_id, comunidad_id, rol_id, desde, activo) VALUES (51, 34, 1, 1, '2025-02-28', 1);
INSERT INTO usuario_comunidad_rol (id, usuario_id, comunidad_id, rol_id, desde, activo) VALUES (52, 35, 1, 2, '2025-03-06', 1);
INSERT INTO usuario_comunidad_rol (id, usuario_id, comunidad_id, rol_id, desde, activo) VALUES (53, 36, 2, 3, '2025-04-23', 1);
INSERT INTO usuario_comunidad_rol (id, usuario_id, comunidad_id, rol_id, desde, activo) VALUES (54, 36, 1, 2, '2025-02-17', 1);
INSERT INTO usuario_comunidad_rol (id, usuario_id, comunidad_id, rol_id, desde, activo) VALUES (55, 37, 2, 4, '2025-04-17', 1);
INSERT INTO usuario_comunidad_rol (id, usuario_id, comunidad_id, rol_id, desde, activo) VALUES (56, 37, 5, 3, '2025-03-20', 1);
INSERT INTO usuario_comunidad_rol (id, usuario_id, comunidad_id, rol_id, desde, activo) VALUES (57, 38, 5, 3, '2025-04-30', 1);
INSERT INTO usuario_comunidad_rol (id, usuario_id, comunidad_id, rol_id, desde, activo) VALUES (58, 39, 2, 3, '2025-01-15', 1);
INSERT INTO usuario_comunidad_rol (id, usuario_id, comunidad_id, rol_id, desde, activo) VALUES (59, 40, 5, 2, '2025-02-04', 1);
INSERT INTO usuario_comunidad_rol (id, usuario_id, comunidad_id, rol_id, desde, activo) VALUES (60, 41, 5, 2, '2025-04-02', 1);
INSERT INTO usuario_comunidad_rol (id, usuario_id, comunidad_id, rol_id, desde, activo) VALUES (61, 41, 3, 2, '2025-03-29', 1);
INSERT INTO usuario_comunidad_rol (id, usuario_id, comunidad_id, rol_id, desde, activo) VALUES (62, 42, 5, 4, '2025-02-02', 1);
INSERT INTO usuario_comunidad_rol (id, usuario_id, comunidad_id, rol_id, desde, activo) VALUES (63, 42, 1, 1, '2025-03-23', 1);
INSERT INTO usuario_comunidad_rol (id, usuario_id, comunidad_id, rol_id, desde, activo) VALUES (64, 43, 3, 1, '2025-01-01', 1);
INSERT INTO usuario_comunidad_rol (id, usuario_id, comunidad_id, rol_id, desde, activo) VALUES (65, 43, 3, 2, '2025-03-23', 1);
INSERT INTO usuario_comunidad_rol (id, usuario_id, comunidad_id, rol_id, desde, activo) VALUES (66, 44, 2, 4, '2025-03-12', 1);
INSERT INTO usuario_comunidad_rol (id, usuario_id, comunidad_id, rol_id, desde, activo) VALUES (67, 44, 4, 1, '2025-01-15', 1);
INSERT INTO usuario_comunidad_rol (id, usuario_id, comunidad_id, rol_id, desde, activo) VALUES (68, 45, 2, 1, '2025-04-17', 1);
INSERT INTO usuario_comunidad_rol (id, usuario_id, comunidad_id, rol_id, desde, activo) VALUES (69, 46, 5, 2, '2025-02-25', 1);
INSERT INTO usuario_comunidad_rol (id, usuario_id, comunidad_id, rol_id, desde, activo) VALUES (70, 46, 2, 1, '2025-02-09', 1);
INSERT INTO usuario_comunidad_rol (id, usuario_id, comunidad_id, rol_id, desde, activo) VALUES (71, 47, 1, 3, '2025-01-27', 1);
INSERT INTO usuario_comunidad_rol (id, usuario_id, comunidad_id, rol_id, desde, activo) VALUES (72, 47, 2, 1, '2025-02-15', 1);
INSERT INTO usuario_comunidad_rol (id, usuario_id, comunidad_id, rol_id, desde, activo) VALUES (73, 48, 5, 2, '2025-04-29', 1);
INSERT INTO usuario_comunidad_rol (id, usuario_id, comunidad_id, rol_id, desde, activo) VALUES (74, 48, 2, 2, '2025-04-13', 1);
INSERT INTO usuario_comunidad_rol (id, usuario_id, comunidad_id, rol_id, desde, activo) VALUES (75, 49, 4, 1, '2025-01-23', 1);
INSERT INTO usuario_comunidad_rol (id, usuario_id, comunidad_id, rol_id, desde, activo) VALUES (76, 50, 4, 2, '2025-02-04', 1);
INSERT INTO usuario_comunidad_rol (id, usuario_id, comunidad_id, rol_id, desde, activo) VALUES (77, 50, 2, 1, '2025-02-18', 1);
INSERT INTO usuario_comunidad_rol (id, usuario_id, comunidad_id, rol_id, desde, activo) VALUES (78, 51, 4, 2, '2025-01-26', 1);
INSERT INTO usuario_comunidad_rol (id, usuario_id, comunidad_id, rol_id, desde, activo) VALUES (79, 52, 3, 3, '2025-04-16', 1);
INSERT INTO usuario_comunidad_rol (id, usuario_id, comunidad_id, rol_id, desde, activo) VALUES (80, 52, 2, 2, '2025-01-04', 1);
INSERT INTO usuario_comunidad_rol (id, usuario_id, comunidad_id, rol_id, desde, activo) VALUES (81, 53, 4, 3, '2025-02-05', 1);
INSERT INTO usuario_comunidad_rol (id, usuario_id, comunidad_id, rol_id, desde, activo) VALUES (82, 54, 3, 3, '2025-03-24', 1);
INSERT INTO usuario_comunidad_rol (id, usuario_id, comunidad_id, rol_id, desde, activo) VALUES (83, 55, 5, 3, '2025-05-01', 1);
INSERT INTO usuario_comunidad_rol (id, usuario_id, comunidad_id, rol_id, desde, activo) VALUES (84, 55, 1, 1, '2025-04-23', 1);
INSERT INTO usuario_comunidad_rol (id, usuario_id, comunidad_id, rol_id, desde, activo) VALUES (85, 56, 2, 3, '2025-01-05', 1);
INSERT INTO usuario_comunidad_rol (id, usuario_id, comunidad_id, rol_id, desde, activo) VALUES (86, 56, 1, 4, '2025-02-14', 1);
INSERT INTO usuario_comunidad_rol (id, usuario_id, comunidad_id, rol_id, desde, activo) VALUES (87, 57, 4, 1, '2025-02-19', 1);
INSERT INTO usuario_comunidad_rol (id, usuario_id, comunidad_id, rol_id, desde, activo) VALUES (88, 57, 5, 2, '2025-02-02', 1);
INSERT INTO usuario_comunidad_rol (id, usuario_id, comunidad_id, rol_id, desde, activo) VALUES (89, 58, 4, 1, '2025-03-08', 1);
INSERT INTO usuario_comunidad_rol (id, usuario_id, comunidad_id, rol_id, desde, activo) VALUES (90, 59, 3, 4, '2025-01-09', 1);
INSERT INTO usuario_comunidad_rol (id, usuario_id, comunidad_id, rol_id, desde, activo) VALUES (91, 60, 5, 3, '2025-03-26', 1);
INSERT INTO usuario_comunidad_rol (id, usuario_id, comunidad_id, rol_id, desde, activo) VALUES (92, 60, 1, 3, '2025-03-06', 1);
INSERT INTO usuario_comunidad_rol (id, usuario_id, comunidad_id, rol_id, desde, activo) VALUES (93, 61, 4, 3, '2025-02-21', 1);
INSERT INTO usuario_comunidad_rol (id, usuario_id, comunidad_id, rol_id, desde, activo) VALUES (94, 61, 3, 2, '2025-01-25', 1);
INSERT INTO usuario_comunidad_rol (id, usuario_id, comunidad_id, rol_id, desde, activo) VALUES (95, 62, 4, 2, '2025-03-20', 1);
INSERT INTO usuario_comunidad_rol (id, usuario_id, comunidad_id, rol_id, desde, activo) VALUES (96, 62, 5, 3, '2025-02-21', 1);
INSERT INTO usuario_comunidad_rol (id, usuario_id, comunidad_id, rol_id, desde, activo) VALUES (97, 63, 3, 3, '2025-01-27', 1);
INSERT INTO usuario_comunidad_rol (id, usuario_id, comunidad_id, rol_id, desde, activo) VALUES (98, 64, 5, 3, '2025-03-01', 1);
INSERT INTO usuario_comunidad_rol (id, usuario_id, comunidad_id, rol_id, desde, activo) VALUES (99, 64, 4, 4, '2025-03-28', 1);
INSERT INTO usuario_comunidad_rol (id, usuario_id, comunidad_id, rol_id, desde, activo) VALUES (100, 65, 5, 4, '2025-04-12', 1);
INSERT INTO usuario_comunidad_rol (id, usuario_id, comunidad_id, rol_id, desde, activo) VALUES (101, 66, 1, 3, '2025-03-07', 1);
INSERT INTO usuario_comunidad_rol (id, usuario_id, comunidad_id, rol_id, desde, activo) VALUES (102, 67, 1, 2, '2025-03-28', 1);
INSERT INTO usuario_comunidad_rol (id, usuario_id, comunidad_id, rol_id, desde, activo) VALUES (103, 67, 3, 2, '2025-04-14', 1);
INSERT INTO usuario_comunidad_rol (id, usuario_id, comunidad_id, rol_id, desde, activo) VALUES (104, 68, 2, 1, '2025-01-06', 1);
INSERT INTO usuario_comunidad_rol (id, usuario_id, comunidad_id, rol_id, desde, activo) VALUES (105, 69, 4, 1, '2025-02-28', 1);
INSERT INTO usuario_comunidad_rol (id, usuario_id, comunidad_id, rol_id, desde, activo) VALUES (106, 70, 5, 2, '2025-04-02', 1);
INSERT INTO usuario_comunidad_rol (id, usuario_id, comunidad_id, rol_id, desde, activo) VALUES (107, 70, 4, 4, '2025-02-21', 1);
INSERT INTO usuario_comunidad_rol (id, usuario_id, comunidad_id, rol_id, desde, activo) VALUES (108, 71, 2, 1, '2025-04-25', 1);
INSERT INTO usuario_comunidad_rol (id, usuario_id, comunidad_id, rol_id, desde, activo) VALUES (109, 72, 4, 2, '2025-01-23', 1);
INSERT INTO usuario_comunidad_rol (id, usuario_id, comunidad_id, rol_id, desde, activo) VALUES (110, 73, 1, 2, '2025-04-28', 1);
INSERT INTO usuario_comunidad_rol (id, usuario_id, comunidad_id, rol_id, desde, activo) VALUES (111, 73, 1, 4, '2025-01-18', 1);
INSERT INTO usuario_comunidad_rol (id, usuario_id, comunidad_id, rol_id, desde, activo) VALUES (112, 74, 5, 3, '2025-04-07', 1);
INSERT INTO usuario_comunidad_rol (id, usuario_id, comunidad_id, rol_id, desde, activo) VALUES (113, 74, 4, 4, '2025-04-17', 1);
INSERT INTO usuario_comunidad_rol (id, usuario_id, comunidad_id, rol_id, desde, activo) VALUES (114, 75, 2, 4, '2025-02-27', 1);
INSERT INTO usuario_comunidad_rol (id, usuario_id, comunidad_id, rol_id, desde, activo) VALUES (115, 75, 3, 2, '2025-04-18', 1);
INSERT INTO usuario_comunidad_rol (id, usuario_id, comunidad_id, rol_id, desde, activo) VALUES (116, 76, 5, 4, '2025-03-22', 1);
INSERT INTO usuario_comunidad_rol (id, usuario_id, comunidad_id, rol_id, desde, activo) VALUES (117, 76, 2, 3, '2025-02-26', 1);
INSERT INTO usuario_comunidad_rol (id, usuario_id, comunidad_id, rol_id, desde, activo) VALUES (118, 77, 3, 2, '2025-02-04', 1);
INSERT INTO usuario_comunidad_rol (id, usuario_id, comunidad_id, rol_id, desde, activo) VALUES (119, 78, 3, 1, '2025-01-18', 1);
INSERT INTO usuario_comunidad_rol (id, usuario_id, comunidad_id, rol_id, desde, activo) VALUES (120, 78, 2, 2, '2025-02-19', 1);
INSERT INTO usuario_comunidad_rol (id, usuario_id, comunidad_id, rol_id, desde, activo) VALUES (121, 79, 2, 1, '2025-02-23', 1);
INSERT INTO usuario_comunidad_rol (id, usuario_id, comunidad_id, rol_id, desde, activo) VALUES (122, 80, 3, 4, '2025-02-23', 1);
INSERT INTO usuario_comunidad_rol (id, usuario_id, comunidad_id, rol_id, desde, activo) VALUES (123, 80, 1, 2, '2025-04-17', 1);
INSERT INTO usuario_comunidad_rol (id, usuario_id, comunidad_id, rol_id, desde, activo) VALUES (124, 81, 4, 1, '2025-04-20', 1);
INSERT INTO usuario_comunidad_rol (id, usuario_id, comunidad_id, rol_id, desde, activo) VALUES (125, 81, 5, 4, '2025-03-03', 1);
INSERT INTO usuario_comunidad_rol (id, usuario_id, comunidad_id, rol_id, desde, activo) VALUES (126, 82, 3, 3, '2025-04-07', 1);
INSERT INTO usuario_comunidad_rol (id, usuario_id, comunidad_id, rol_id, desde, activo) VALUES (127, 83, 4, 2, '2025-03-04', 1);
INSERT INTO usuario_comunidad_rol (id, usuario_id, comunidad_id, rol_id, desde, activo) VALUES (128, 83, 2, 3, '2025-02-25', 1);
INSERT INTO usuario_comunidad_rol (id, usuario_id, comunidad_id, rol_id, desde, activo) VALUES (129, 84, 1, 4, '2025-02-13', 1);
INSERT INTO usuario_comunidad_rol (id, usuario_id, comunidad_id, rol_id, desde, activo) VALUES (130, 84, 4, 2, '2025-04-18', 1);
INSERT INTO usuario_comunidad_rol (id, usuario_id, comunidad_id, rol_id, desde, activo) VALUES (131, 85, 2, 1, '2025-04-27', 1);
INSERT INTO usuario_comunidad_rol (id, usuario_id, comunidad_id, rol_id, desde, activo) VALUES (132, 85, 4, 1, '2025-01-11', 1);
INSERT INTO usuario_comunidad_rol (id, usuario_id, comunidad_id, rol_id, desde, activo) VALUES (133, 86, 2, 4, '2025-01-24', 1);
INSERT INTO usuario_comunidad_rol (id, usuario_id, comunidad_id, rol_id, desde, activo) VALUES (134, 86, 1, 3, '2025-02-18', 1);
INSERT INTO usuario_comunidad_rol (id, usuario_id, comunidad_id, rol_id, desde, activo) VALUES (135, 87, 2, 4, '2025-02-11', 1);
INSERT INTO usuario_comunidad_rol (id, usuario_id, comunidad_id, rol_id, desde, activo) VALUES (136, 87, 3, 4, '2025-02-05', 1);
INSERT INTO usuario_comunidad_rol (id, usuario_id, comunidad_id, rol_id, desde, activo) VALUES (137, 88, 3, 1, '2025-03-02', 1);
INSERT INTO usuario_comunidad_rol (id, usuario_id, comunidad_id, rol_id, desde, activo) VALUES (138, 88, 1, 1, '2025-02-14', 1);
INSERT INTO usuario_comunidad_rol (id, usuario_id, comunidad_id, rol_id, desde, activo) VALUES (139, 89, 1, 1, '2025-04-07', 1);
INSERT INTO usuario_comunidad_rol (id, usuario_id, comunidad_id, rol_id, desde, activo) VALUES (140, 90, 2, 2, '2025-04-18', 1);
INSERT INTO usuario_comunidad_rol (id, usuario_id, comunidad_id, rol_id, desde, activo) VALUES (141, 91, 5, 2, '2025-01-31', 1);
INSERT INTO usuario_comunidad_rol (id, usuario_id, comunidad_id, rol_id, desde, activo) VALUES (142, 92, 4, 1, '2025-03-14', 1);
INSERT INTO usuario_comunidad_rol (id, usuario_id, comunidad_id, rol_id, desde, activo) VALUES (143, 93, 4, 3, '2025-04-09', 1);
INSERT INTO usuario_comunidad_rol (id, usuario_id, comunidad_id, rol_id, desde, activo) VALUES (144, 94, 2, 1, '2025-04-10', 1);
INSERT INTO usuario_comunidad_rol (id, usuario_id, comunidad_id, rol_id, desde, activo) VALUES (145, 94, 2, 3, '2025-01-14', 1);
INSERT INTO usuario_comunidad_rol (id, usuario_id, comunidad_id, rol_id, desde, activo) VALUES (146, 95, 3, 4, '2025-02-20', 1);
INSERT INTO usuario_comunidad_rol (id, usuario_id, comunidad_id, rol_id, desde, activo) VALUES (147, 96, 1, 2, '2025-01-14', 1);
INSERT INTO usuario_comunidad_rol (id, usuario_id, comunidad_id, rol_id, desde, activo) VALUES (148, 97, 5, 1, '2025-04-12', 1);
INSERT INTO usuario_comunidad_rol (id, usuario_id, comunidad_id, rol_id, desde, activo) VALUES (149, 97, 5, 1, '2025-02-14', 1);
INSERT INTO usuario_comunidad_rol (id, usuario_id, comunidad_id, rol_id, desde, activo) VALUES (150, 98, 3, 1, '2025-03-06', 1);
INSERT INTO usuario_comunidad_rol (id, usuario_id, comunidad_id, rol_id, desde, activo) VALUES (151, 98, 3, 1, '2025-04-19', 1);
INSERT INTO usuario_comunidad_rol (id, usuario_id, comunidad_id, rol_id, desde, activo) VALUES (152, 99, 4, 1, '2025-02-25', 1);
INSERT INTO usuario_comunidad_rol (id, usuario_id, comunidad_id, rol_id, desde, activo) VALUES (153, 99, 3, 4, '2025-04-01', 1);
INSERT INTO usuario_comunidad_rol (id, usuario_id, comunidad_id, rol_id, desde, activo) VALUES (154, 100, 4, 2, '2025-04-04', 1);
INSERT INTO usuario_comunidad_rol (id, usuario_id, comunidad_id, rol_id, desde, activo) VALUES (155, 101, 5, 4, '2025-03-01', 1);
INSERT INTO usuario_comunidad_rol (id, usuario_id, comunidad_id, rol_id, desde, activo) VALUES (156, 101, 4, 3, '2025-02-11', 1);
INSERT INTO usuario_comunidad_rol (id, usuario_id, comunidad_id, rol_id, desde, activo) VALUES (157, 102, 1, 3, '2025-04-23', 1);
INSERT INTO usuario_comunidad_rol (id, usuario_id, comunidad_id, rol_id, desde, activo) VALUES (158, 103, 2, 4, '2025-03-14', 1);
INSERT INTO usuario_comunidad_rol (id, usuario_id, comunidad_id, rol_id, desde, activo) VALUES (159, 103, 5, 4, '2025-02-13', 1);
INSERT INTO usuario_comunidad_rol (id, usuario_id, comunidad_id, rol_id, desde, activo) VALUES (160, 104, 4, 3, '2025-01-24', 1);
INSERT INTO usuario_comunidad_rol (id, usuario_id, comunidad_id, rol_id, desde, activo) VALUES (161, 105, 2, 3, '2025-04-13', 1);
INSERT INTO usuario_comunidad_rol (id, usuario_id, comunidad_id, rol_id, desde, activo) VALUES (162, 105, 3, 3, '2025-02-05', 1);
INSERT INTO usuario_comunidad_rol (id, usuario_id, comunidad_id, rol_id, desde, activo) VALUES (163, 106, 5, 1, '2025-03-08', 1);
INSERT INTO usuario_comunidad_rol (id, usuario_id, comunidad_id, rol_id, desde, activo) VALUES (164, 106, 2, 1, '2025-01-31', 1);
INSERT INTO usuario_comunidad_rol (id, usuario_id, comunidad_id, rol_id, desde, activo) VALUES (165, 107, 4, 2, '2025-03-30', 1);
INSERT INTO usuario_comunidad_rol (id, usuario_id, comunidad_id, rol_id, desde, activo) VALUES (166, 107, 4, 4, '2025-02-27', 1);
INSERT INTO usuario_comunidad_rol (id, usuario_id, comunidad_id, rol_id, desde, activo) VALUES (167, 108, 1, 3, '2025-01-29', 1);
INSERT INTO usuario_comunidad_rol (id, usuario_id, comunidad_id, rol_id, desde, activo) VALUES (168, 109, 2, 3, '2025-03-26', 1);
INSERT INTO usuario_comunidad_rol (id, usuario_id, comunidad_id, rol_id, desde, activo) VALUES (169, 109, 5, 3, '2025-03-02', 1);
INSERT INTO usuario_comunidad_rol (id, usuario_id, comunidad_id, rol_id, desde, activo) VALUES (170, 110, 4, 3, '2025-02-15', 1);
INSERT INTO usuario_comunidad_rol (id, usuario_id, comunidad_id, rol_id, desde, activo) VALUES (171, 110, 4, 3, '2025-02-09', 1);
INSERT INTO usuario_comunidad_rol (id, usuario_id, comunidad_id, rol_id, desde, activo) VALUES (172, 111, 2, 1, '2025-04-03', 1);
INSERT INTO usuario_comunidad_rol (id, usuario_id, comunidad_id, rol_id, desde, activo) VALUES (173, 111, 2, 3, '2025-01-16', 1);
INSERT INTO usuario_comunidad_rol (id, usuario_id, comunidad_id, rol_id, desde, activo) VALUES (174, 112, 2, 2, '2025-04-05', 1);
INSERT INTO usuario_comunidad_rol (id, usuario_id, comunidad_id, rol_id, desde, activo) VALUES (175, 113, 3, 3, '2025-01-13', 1);
INSERT INTO usuario_comunidad_rol (id, usuario_id, comunidad_id, rol_id, desde, activo) VALUES (176, 113, 2, 3, '2025-01-30', 1);
INSERT INTO usuario_comunidad_rol (id, usuario_id, comunidad_id, rol_id, desde, activo) VALUES (177, 114, 2, 3, '2025-01-02', 1);
INSERT INTO usuario_comunidad_rol (id, usuario_id, comunidad_id, rol_id, desde, activo) VALUES (178, 114, 5, 2, '2025-02-05', 1);
INSERT INTO usuario_comunidad_rol (id, usuario_id, comunidad_id, rol_id, desde, activo) VALUES (179, 115, 1, 3, '2025-03-31', 1);
INSERT INTO usuario_comunidad_rol (id, usuario_id, comunidad_id, rol_id, desde, activo) VALUES (180, 116, 4, 1, '2025-04-22', 1);
INSERT INTO usuario_comunidad_rol (id, usuario_id, comunidad_id, rol_id, desde, activo) VALUES (181, 117, 5, 3, '2025-03-02', 1);
INSERT INTO usuario_comunidad_rol (id, usuario_id, comunidad_id, rol_id, desde, activo) VALUES (182, 118, 4, 3, '2025-01-24', 1);
INSERT INTO usuario_comunidad_rol (id, usuario_id, comunidad_id, rol_id, desde, activo) VALUES (183, 118, 1, 3, '2025-05-01', 1);
INSERT INTO usuario_comunidad_rol (id, usuario_id, comunidad_id, rol_id, desde, activo) VALUES (184, 119, 1, 1, '2025-02-21', 1);
INSERT INTO usuario_comunidad_rol (id, usuario_id, comunidad_id, rol_id, desde, activo) VALUES (185, 119, 4, 1, '2025-03-15', 1);
INSERT INTO usuario_comunidad_rol (id, usuario_id, comunidad_id, rol_id, desde, activo) VALUES (186, 120, 2, 2, '2025-04-14', 1);

-- Parametros Cobranza
INSERT INTO parametros_cobranza (id, comunidad_id, dias_gracia, tasa_mora_mensual, mora_calculo, redondeo, interes_max_mensual, aplica_interes_sobre) VALUES (1, 1, 4, 0.76, 'mensual', 'normal', 2.12, 'saldo');
INSERT INTO parametros_cobranza (id, comunidad_id, dias_gracia, tasa_mora_mensual, mora_calculo, redondeo, interes_max_mensual, aplica_interes_sobre) VALUES (2, 2, 6, 2.32, 'mensual', 'normal', 3.48, 'saldo');
INSERT INTO parametros_cobranza (id, comunidad_id, dias_gracia, tasa_mora_mensual, mora_calculo, redondeo, interes_max_mensual, aplica_interes_sobre) VALUES (3, 3, 3, 2.83, 'mensual', 'normal', 2.45, 'saldo');
INSERT INTO parametros_cobranza (id, comunidad_id, dias_gracia, tasa_mora_mensual, mora_calculo, redondeo, interes_max_mensual, aplica_interes_sobre) VALUES (4, 4, 7, 1.39, 'mensual', 'normal', 2.97, 'saldo');
INSERT INTO parametros_cobranza (id, comunidad_id, dias_gracia, tasa_mora_mensual, mora_calculo, redondeo, interes_max_mensual, aplica_interes_sobre) VALUES (5, 5, 6, 1.42, 'mensual', 'normal', 3.05, 'saldo');

-- Configuracion Interes
INSERT INTO configuracion_interes (id, comunidad_id, aplica_desde, tasa_mensual, metodo, tope_mensual) VALUES (1, 1, '2025-01-01', 2.02, 'simple', 3.48);
INSERT INTO configuracion_interes (id, comunidad_id, aplica_desde, tasa_mensual, metodo, tope_mensual) VALUES (2, 2, '2025-01-01', 2.87, 'simple', 2.42);
INSERT INTO configuracion_interes (id, comunidad_id, aplica_desde, tasa_mensual, metodo, tope_mensual) VALUES (3, 3, '2025-01-01', 1.03, 'simple', 3.32);
INSERT INTO configuracion_interes (id, comunidad_id, aplica_desde, tasa_mensual, metodo, tope_mensual) VALUES (4, 4, '2025-01-01', 0.89, 'simple', 2.35);
INSERT INTO configuracion_interes (id, comunidad_id, aplica_desde, tasa_mensual, metodo, tope_mensual) VALUES (5, 5, '2025-01-01', 0.69, 'simple', 2.01);

-- Unidades
INSERT INTO unidad (id, comunidad_id, edificio_id, torre_id, codigo, alicuota, m2_utiles, m2_terrazas, nro_bodega, nro_estacionamiento, activa) VALUES (1, 4, 10, 8, 'U001', 0.012281, 50.83, 10.6, 'B-001', 'E-001', 1);
INSERT INTO unidad (id, comunidad_id, edificio_id, torre_id, codigo, alicuota, m2_utiles, m2_terrazas, nro_bodega, nro_estacionamiento, activa) VALUES (2, 4, 2, 11, 'U002', 0.010836, 53.81, 11.87, 'B-002', 'E-002', 1);
INSERT INTO unidad (id, comunidad_id, edificio_id, torre_id, codigo, alicuota, m2_utiles, m2_terrazas, nro_bodega, nro_estacionamiento, activa) VALUES (3, 5, 4, 7, 'U003', 0.007869, 50.23, 2.23, 'B-003', 'E-003', 1);
INSERT INTO unidad (id, comunidad_id, edificio_id, torre_id, codigo, alicuota, m2_utiles, m2_terrazas, nro_bodega, nro_estacionamiento, activa) VALUES (4, 3, 3, 2, 'U004', 0.006491, 101.34, 8.93, 'B-004', 'E-004', 1);
INSERT INTO unidad (id, comunidad_id, edificio_id, torre_id, codigo, alicuota, m2_utiles, m2_terrazas, nro_bodega, nro_estacionamiento, activa) VALUES (5, 5, 5, 8, 'U005', 0.008109, 91.98, 10.5, 'B-005', 'E-005', 1);
INSERT INTO unidad (id, comunidad_id, edificio_id, torre_id, codigo, alicuota, m2_utiles, m2_terrazas, nro_bodega, nro_estacionamiento, activa) VALUES (6, 3, 9, 9, 'U006', 0.017345, 37.24, 0.6, 'B-006', 'E-006', 1);
INSERT INTO unidad (id, comunidad_id, edificio_id, torre_id, codigo, alicuota, m2_utiles, m2_terrazas, nro_bodega, nro_estacionamiento, activa) VALUES (7, 4, 6, 10, 'U007', 0.011259, 38.22, 14.43, 'B-007', 'E-007', 1);
INSERT INTO unidad (id, comunidad_id, edificio_id, torre_id, codigo, alicuota, m2_utiles, m2_terrazas, nro_bodega, nro_estacionamiento, activa) VALUES (8, 5, 10, 1, 'U008', 0.029989, 90.51, 4.04, 'B-008', 'E-008', 1);
INSERT INTO unidad (id, comunidad_id, edificio_id, torre_id, codigo, alicuota, m2_utiles, m2_terrazas, nro_bodega, nro_estacionamiento, activa) VALUES (9, 1, 3, 8, 'U009', 0.017974, 69.8, 4.17, 'B-009', 'E-009', 1);
INSERT INTO unidad (id, comunidad_id, edificio_id, torre_id, codigo, alicuota, m2_utiles, m2_terrazas, nro_bodega, nro_estacionamiento, activa) VALUES (10, 5, 7, 11, 'U010', 0.025356, 117.21, 7.05, 'B-010', 'E-010', 1);
INSERT INTO unidad (id, comunidad_id, edificio_id, torre_id, codigo, alicuota, m2_utiles, m2_terrazas, nro_bodega, nro_estacionamiento, activa) VALUES (11, 4, 6, 6, 'U011', 0.021753, 107.2, 4.95, 'B-011', 'E-011', 1);
INSERT INTO unidad (id, comunidad_id, edificio_id, torre_id, codigo, alicuota, m2_utiles, m2_terrazas, nro_bodega, nro_estacionamiento, activa) VALUES (12, 4, 5, 11, 'U012', 0.02863, 103.22, 8.25, 'B-012', 'E-012', 1);
INSERT INTO unidad (id, comunidad_id, edificio_id, torre_id, codigo, alicuota, m2_utiles, m2_terrazas, nro_bodega, nro_estacionamiento, activa) VALUES (13, 4, 2, 6, 'U013', 0.01131, 40.43, 11.59, 'B-013', 'E-013', 1);
INSERT INTO unidad (id, comunidad_id, edificio_id, torre_id, codigo, alicuota, m2_utiles, m2_terrazas, nro_bodega, nro_estacionamiento, activa) VALUES (14, 5, 1, 11, 'U014', 0.026734, 71.58, 0.81, 'B-014', 'E-014', 1);
INSERT INTO unidad (id, comunidad_id, edificio_id, torre_id, codigo, alicuota, m2_utiles, m2_terrazas, nro_bodega, nro_estacionamiento, activa) VALUES (15, 5, 6, 10, 'U015', 0.023911, 86.29, 11.4, 'B-015', 'E-015', 1);
INSERT INTO unidad (id, comunidad_id, edificio_id, torre_id, codigo, alicuota, m2_utiles, m2_terrazas, nro_bodega, nro_estacionamiento, activa) VALUES (16, 2, 5, 9, 'U016', 0.008275, 55.92, 13.21, 'B-016', 'E-016', 1);
INSERT INTO unidad (id, comunidad_id, edificio_id, torre_id, codigo, alicuota, m2_utiles, m2_terrazas, nro_bodega, nro_estacionamiento, activa) VALUES (17, 4, 2, 1, 'U017', 0.029329, 84.8, 3.59, 'B-017', 'E-017', 1);
INSERT INTO unidad (id, comunidad_id, edificio_id, torre_id, codigo, alicuota, m2_utiles, m2_terrazas, nro_bodega, nro_estacionamiento, activa) VALUES (18, 2, 5, 9, 'U018', 0.005342, 66.72, 3.37, 'B-018', 'E-018', 1);
INSERT INTO unidad (id, comunidad_id, edificio_id, torre_id, codigo, alicuota, m2_utiles, m2_terrazas, nro_bodega, nro_estacionamiento, activa) VALUES (19, 1, 8, 2, 'U019', 0.021193, 43.86, 13.99, 'B-019', 'E-019', 1);
INSERT INTO unidad (id, comunidad_id, edificio_id, torre_id, codigo, alicuota, m2_utiles, m2_terrazas, nro_bodega, nro_estacionamiento, activa) VALUES (20, 3, 9, 12, 'U020', 0.011836, 105.13, 14.7, 'B-020', 'E-020', 1);
INSERT INTO unidad (id, comunidad_id, edificio_id, torre_id, codigo, alicuota, m2_utiles, m2_terrazas, nro_bodega, nro_estacionamiento, activa) VALUES (21, 2, 8, 9, 'U021', 0.008616, 47.15, 8.99, 'B-021', 'E-021', 1);
INSERT INTO unidad (id, comunidad_id, edificio_id, torre_id, codigo, alicuota, m2_utiles, m2_terrazas, nro_bodega, nro_estacionamiento, activa) VALUES (22, 2, 2, 5, 'U022', 0.024317, 106.9, 5.1, 'B-022', 'E-022', 1);
INSERT INTO unidad (id, comunidad_id, edificio_id, torre_id, codigo, alicuota, m2_utiles, m2_terrazas, nro_bodega, nro_estacionamiento, activa) VALUES (23, 5, 5, 1, 'U023', 0.012071, 56.87, 8.8, 'B-023', 'E-023', 1);
INSERT INTO unidad (id, comunidad_id, edificio_id, torre_id, codigo, alicuota, m2_utiles, m2_terrazas, nro_bodega, nro_estacionamiento, activa) VALUES (24, 4, 3, 8, 'U024', 0.018465, 61.06, 8.28, 'B-024', 'E-024', 1);
INSERT INTO unidad (id, comunidad_id, edificio_id, torre_id, codigo, alicuota, m2_utiles, m2_terrazas, nro_bodega, nro_estacionamiento, activa) VALUES (25, 5, 7, 8, 'U025', 0.028321, 108.26, 14.71, 'B-025', 'E-025', 1);
INSERT INTO unidad (id, comunidad_id, edificio_id, torre_id, codigo, alicuota, m2_utiles, m2_terrazas, nro_bodega, nro_estacionamiento, activa) VALUES (26, 2, 10, 7, 'U026', 0.010839, 99.8, 0.65, 'B-026', 'E-026', 1);
INSERT INTO unidad (id, comunidad_id, edificio_id, torre_id, codigo, alicuota, m2_utiles, m2_terrazas, nro_bodega, nro_estacionamiento, activa) VALUES (27, 4, 7, 7, 'U027', 0.02971, 101.32, 9.78, 'B-027', 'E-027', 1);
INSERT INTO unidad (id, comunidad_id, edificio_id, torre_id, codigo, alicuota, m2_utiles, m2_terrazas, nro_bodega, nro_estacionamiento, activa) VALUES (28, 2, 8, 1, 'U028', 0.008156, 116.88, 4.98, 'B-028', 'E-028', 1);
INSERT INTO unidad (id, comunidad_id, edificio_id, torre_id, codigo, alicuota, m2_utiles, m2_terrazas, nro_bodega, nro_estacionamiento, activa) VALUES (29, 1, 8, 2, 'U029', 0.018149, 71.12, 10.84, 'B-029', 'E-029', 1);
INSERT INTO unidad (id, comunidad_id, edificio_id, torre_id, codigo, alicuota, m2_utiles, m2_terrazas, nro_bodega, nro_estacionamiento, activa) VALUES (30, 4, 3, 2, 'U030', 0.016737, 117.23, 5.08, 'B-030', 'E-030', 1);
INSERT INTO unidad (id, comunidad_id, edificio_id, torre_id, codigo, alicuota, m2_utiles, m2_terrazas, nro_bodega, nro_estacionamiento, activa) VALUES (31, 4, 2, 6, 'U031', 0.026309, 107.34, 5.7, 'B-031', 'E-031', 1);
INSERT INTO unidad (id, comunidad_id, edificio_id, torre_id, codigo, alicuota, m2_utiles, m2_terrazas, nro_bodega, nro_estacionamiento, activa) VALUES (32, 3, 8, 9, 'U032', 0.005897, 36.16, 9.47, 'B-032', 'E-032', 1);
INSERT INTO unidad (id, comunidad_id, edificio_id, torre_id, codigo, alicuota, m2_utiles, m2_terrazas, nro_bodega, nro_estacionamiento, activa) VALUES (33, 3, 4, 12, 'U033', 0.007259, 118.05, 11.41, 'B-033', 'E-033', 1);
INSERT INTO unidad (id, comunidad_id, edificio_id, torre_id, codigo, alicuota, m2_utiles, m2_terrazas, nro_bodega, nro_estacionamiento, activa) VALUES (34, 1, 8, 3, 'U034', 0.02235, 111.31, 0.69, 'B-034', 'E-034', 1);
INSERT INTO unidad (id, comunidad_id, edificio_id, torre_id, codigo, alicuota, m2_utiles, m2_terrazas, nro_bodega, nro_estacionamiento, activa) VALUES (35, 1, 5, 6, 'U035', 0.014371, 43.1, 7.97, 'B-035', 'E-035', 1);
INSERT INTO unidad (id, comunidad_id, edificio_id, torre_id, codigo, alicuota, m2_utiles, m2_terrazas, nro_bodega, nro_estacionamiento, activa) VALUES (36, 5, 3, 3, 'U036', 0.009377, 84.85, 5.74, 'B-036', 'E-036', 1);
INSERT INTO unidad (id, comunidad_id, edificio_id, torre_id, codigo, alicuota, m2_utiles, m2_terrazas, nro_bodega, nro_estacionamiento, activa) VALUES (37, 2, 8, 10, 'U037', 0.008578, 71.5, 3.81, 'B-037', 'E-037', 1);
INSERT INTO unidad (id, comunidad_id, edificio_id, torre_id, codigo, alicuota, m2_utiles, m2_terrazas, nro_bodega, nro_estacionamiento, activa) VALUES (38, 3, 1, 8, 'U038', 0.02753, 90.98, 2.37, 'B-038', 'E-038', 1);
INSERT INTO unidad (id, comunidad_id, edificio_id, torre_id, codigo, alicuota, m2_utiles, m2_terrazas, nro_bodega, nro_estacionamiento, activa) VALUES (39, 4, 6, 10, 'U039', 0.012479, 116.58, 10.35, 'B-039', 'E-039', 1);
INSERT INTO unidad (id, comunidad_id, edificio_id, torre_id, codigo, alicuota, m2_utiles, m2_terrazas, nro_bodega, nro_estacionamiento, activa) VALUES (40, 4, 5, 4, 'U040', 0.029984, 106.8, 1.6, 'B-040', 'E-040', 1);
INSERT INTO unidad (id, comunidad_id, edificio_id, torre_id, codigo, alicuota, m2_utiles, m2_terrazas, nro_bodega, nro_estacionamiento, activa) VALUES (41, 4, 10, 6, 'U041', 0.01937, 119.34, 4.43, 'B-041', 'E-041', 1);
INSERT INTO unidad (id, comunidad_id, edificio_id, torre_id, codigo, alicuota, m2_utiles, m2_terrazas, nro_bodega, nro_estacionamiento, activa) VALUES (42, 4, 5, 1, 'U042', 0.019148, 91.72, 11.17, 'B-042', 'E-042', 1);
INSERT INTO unidad (id, comunidad_id, edificio_id, torre_id, codigo, alicuota, m2_utiles, m2_terrazas, nro_bodega, nro_estacionamiento, activa) VALUES (43, 1, 10, 12, 'U043', 0.017418, 111.37, 4.29, 'B-043', 'E-043', 1);
INSERT INTO unidad (id, comunidad_id, edificio_id, torre_id, codigo, alicuota, m2_utiles, m2_terrazas, nro_bodega, nro_estacionamiento, activa) VALUES (44, 2, 10, 6, 'U044', 0.010475, 47.11, 3.76, 'B-044', 'E-044', 1);
INSERT INTO unidad (id, comunidad_id, edificio_id, torre_id, codigo, alicuota, m2_utiles, m2_terrazas, nro_bodega, nro_estacionamiento, activa) VALUES (45, 2, 2, 11, 'U045', 0.021159, 57.8, 6.61, 'B-045', 'E-045', 1);
INSERT INTO unidad (id, comunidad_id, edificio_id, torre_id, codigo, alicuota, m2_utiles, m2_terrazas, nro_bodega, nro_estacionamiento, activa) VALUES (46, 5, 6, 12, 'U046', 0.008285, 111.87, 4.9, 'B-046', 'E-046', 1);
INSERT INTO unidad (id, comunidad_id, edificio_id, torre_id, codigo, alicuota, m2_utiles, m2_terrazas, nro_bodega, nro_estacionamiento, activa) VALUES (47, 4, 3, 4, 'U047', 0.008304, 78.55, 14.57, 'B-047', 'E-047', 1);
INSERT INTO unidad (id, comunidad_id, edificio_id, torre_id, codigo, alicuota, m2_utiles, m2_terrazas, nro_bodega, nro_estacionamiento, activa) VALUES (48, 5, 9, 5, 'U048', 0.025762, 53.13, 12.37, 'B-048', 'E-048', 1);
INSERT INTO unidad (id, comunidad_id, edificio_id, torre_id, codigo, alicuota, m2_utiles, m2_terrazas, nro_bodega, nro_estacionamiento, activa) VALUES (49, 4, 5, 12, 'U049', 0.02676, 102.38, 7.02, 'B-049', 'E-049', 1);
INSERT INTO unidad (id, comunidad_id, edificio_id, torre_id, codigo, alicuota, m2_utiles, m2_terrazas, nro_bodega, nro_estacionamiento, activa) VALUES (50, 1, 3, 4, 'U050', 0.026504, 95.18, 14.7, 'B-050', 'E-050', 1);
INSERT INTO unidad (id, comunidad_id, edificio_id, torre_id, codigo, alicuota, m2_utiles, m2_terrazas, nro_bodega, nro_estacionamiento, activa) VALUES (51, 5, 6, 2, 'U051', 0.024767, 31.25, 8.05, 'B-051', 'E-051', 1);
INSERT INTO unidad (id, comunidad_id, edificio_id, torre_id, codigo, alicuota, m2_utiles, m2_terrazas, nro_bodega, nro_estacionamiento, activa) VALUES (52, 4, 6, 11, 'U052', 0.023725, 53.59, 5.72, 'B-052', 'E-052', 1);
INSERT INTO unidad (id, comunidad_id, edificio_id, torre_id, codigo, alicuota, m2_utiles, m2_terrazas, nro_bodega, nro_estacionamiento, activa) VALUES (53, 3, 2, 11, 'U053', 0.010846, 32.25, 13.26, 'B-053', 'E-053', 1);
INSERT INTO unidad (id, comunidad_id, edificio_id, torre_id, codigo, alicuota, m2_utiles, m2_terrazas, nro_bodega, nro_estacionamiento, activa) VALUES (54, 5, 6, 10, 'U054', 0.010534, 35.69, 12.36, 'B-054', 'E-054', 1);
INSERT INTO unidad (id, comunidad_id, edificio_id, torre_id, codigo, alicuota, m2_utiles, m2_terrazas, nro_bodega, nro_estacionamiento, activa) VALUES (55, 3, 7, 2, 'U055', 0.008494, 115.16, 4.57, 'B-055', 'E-055', 1);
INSERT INTO unidad (id, comunidad_id, edificio_id, torre_id, codigo, alicuota, m2_utiles, m2_terrazas, nro_bodega, nro_estacionamiento, activa) VALUES (56, 4, 2, 2, 'U056', 0.01087, 78.38, 5.83, 'B-056', 'E-056', 1);
INSERT INTO unidad (id, comunidad_id, edificio_id, torre_id, codigo, alicuota, m2_utiles, m2_terrazas, nro_bodega, nro_estacionamiento, activa) VALUES (57, 3, 9, 7, 'U057', 0.019684, 95.39, 13.28, 'B-057', 'E-057', 1);
INSERT INTO unidad (id, comunidad_id, edificio_id, torre_id, codigo, alicuota, m2_utiles, m2_terrazas, nro_bodega, nro_estacionamiento, activa) VALUES (58, 1, 8, 10, 'U058', 0.015203, 115.64, 0.49, 'B-058', 'E-058', 1);
INSERT INTO unidad (id, comunidad_id, edificio_id, torre_id, codigo, alicuota, m2_utiles, m2_terrazas, nro_bodega, nro_estacionamiento, activa) VALUES (59, 3, 4, 8, 'U059', 0.016117, 51.25, 5.44, 'B-059', 'E-059', 1);
INSERT INTO unidad (id, comunidad_id, edificio_id, torre_id, codigo, alicuota, m2_utiles, m2_terrazas, nro_bodega, nro_estacionamiento, activa) VALUES (60, 3, 9, 11, 'U060', 0.013967, 65.83, 2.85, 'B-060', 'E-060', 1);
INSERT INTO unidad (id, comunidad_id, edificio_id, torre_id, codigo, alicuota, m2_utiles, m2_terrazas, nro_bodega, nro_estacionamiento, activa) VALUES (61, 1, 8, 2, 'U061', 0.021569, 87.75, 8.96, 'B-061', 'E-061', 1);
INSERT INTO unidad (id, comunidad_id, edificio_id, torre_id, codigo, alicuota, m2_utiles, m2_terrazas, nro_bodega, nro_estacionamiento, activa) VALUES (62, 1, 1, 6, 'U062', 0.011089, 41.33, 8.47, 'B-062', 'E-062', 1);
INSERT INTO unidad (id, comunidad_id, edificio_id, torre_id, codigo, alicuota, m2_utiles, m2_terrazas, nro_bodega, nro_estacionamiento, activa) VALUES (63, 1, 9, 4, 'U063', 0.01966, 103.17, 3.49, 'B-063', 'E-063', 1);
INSERT INTO unidad (id, comunidad_id, edificio_id, torre_id, codigo, alicuota, m2_utiles, m2_terrazas, nro_bodega, nro_estacionamiento, activa) VALUES (64, 2, 10, 1, 'U064', 0.011932, 118.56, 14.81, 'B-064', 'E-064', 1);
INSERT INTO unidad (id, comunidad_id, edificio_id, torre_id, codigo, alicuota, m2_utiles, m2_terrazas, nro_bodega, nro_estacionamiento, activa) VALUES (65, 5, 5, 3, 'U065', 0.007748, 107.98, 1.98, 'B-065', 'E-065', 1);
INSERT INTO unidad (id, comunidad_id, edificio_id, torre_id, codigo, alicuota, m2_utiles, m2_terrazas, nro_bodega, nro_estacionamiento, activa) VALUES (66, 3, 4, 10, 'U066', 0.013094, 45.68, 0.79, 'B-066', 'E-066', 1);
INSERT INTO unidad (id, comunidad_id, edificio_id, torre_id, codigo, alicuota, m2_utiles, m2_terrazas, nro_bodega, nro_estacionamiento, activa) VALUES (67, 4, 9, 2, 'U067', 0.023642, 72.86, 11.67, 'B-067', 'E-067', 1);
INSERT INTO unidad (id, comunidad_id, edificio_id, torre_id, codigo, alicuota, m2_utiles, m2_terrazas, nro_bodega, nro_estacionamiento, activa) VALUES (68, 5, 10, 2, 'U068', 0.0163, 49.94, 9.23, 'B-068', 'E-068', 1);
INSERT INTO unidad (id, comunidad_id, edificio_id, torre_id, codigo, alicuota, m2_utiles, m2_terrazas, nro_bodega, nro_estacionamiento, activa) VALUES (69, 5, 5, 8, 'U069', 0.021084, 32.8, 14.98, 'B-069', 'E-069', 1);
INSERT INTO unidad (id, comunidad_id, edificio_id, torre_id, codigo, alicuota, m2_utiles, m2_terrazas, nro_bodega, nro_estacionamiento, activa) VALUES (70, 4, 7, 11, 'U070', 0.007699, 94.12, 6.65, 'B-070', 'E-070', 1);
INSERT INTO unidad (id, comunidad_id, edificio_id, torre_id, codigo, alicuota, m2_utiles, m2_terrazas, nro_bodega, nro_estacionamiento, activa) VALUES (71, 1, 6, 10, 'U071', 0.008708, 41.36, 9.36, 'B-071', 'E-071', 1);
INSERT INTO unidad (id, comunidad_id, edificio_id, torre_id, codigo, alicuota, m2_utiles, m2_terrazas, nro_bodega, nro_estacionamiento, activa) VALUES (72, 5, 9, 12, 'U072', 0.01313, 119.52, 7.96, 'B-072', 'E-072', 1);
INSERT INTO unidad (id, comunidad_id, edificio_id, torre_id, codigo, alicuota, m2_utiles, m2_terrazas, nro_bodega, nro_estacionamiento, activa) VALUES (73, 4, 9, 10, 'U073', 0.015755, 101.38, 1.72, 'B-073', 'E-073', 1);
INSERT INTO unidad (id, comunidad_id, edificio_id, torre_id, codigo, alicuota, m2_utiles, m2_terrazas, nro_bodega, nro_estacionamiento, activa) VALUES (74, 5, 4, 7, 'U074', 0.016289, 50.56, 5.08, 'B-074', 'E-074', 1);
INSERT INTO unidad (id, comunidad_id, edificio_id, torre_id, codigo, alicuota, m2_utiles, m2_terrazas, nro_bodega, nro_estacionamiento, activa) VALUES (75, 4, 7, 7, 'U075', 0.02324, 58.13, 4.69, 'B-075', 'E-075', 1);
INSERT INTO unidad (id, comunidad_id, edificio_id, torre_id, codigo, alicuota, m2_utiles, m2_terrazas, nro_bodega, nro_estacionamiento, activa) VALUES (76, 3, 6, 3, 'U076', 0.022171, 72.68, 1.37, 'B-076', 'E-076', 1);
INSERT INTO unidad (id, comunidad_id, edificio_id, torre_id, codigo, alicuota, m2_utiles, m2_terrazas, nro_bodega, nro_estacionamiento, activa) VALUES (77, 1, 2, 7, 'U077', 0.007414, 96.49, 12.18, 'B-077', 'E-077', 1);
INSERT INTO unidad (id, comunidad_id, edificio_id, torre_id, codigo, alicuota, m2_utiles, m2_terrazas, nro_bodega, nro_estacionamiento, activa) VALUES (78, 5, 1, 10, 'U078', 0.028916, 80.55, 10.05, 'B-078', 'E-078', 1);
INSERT INTO unidad (id, comunidad_id, edificio_id, torre_id, codigo, alicuota, m2_utiles, m2_terrazas, nro_bodega, nro_estacionamiento, activa) VALUES (79, 4, 6, 11, 'U079', 0.028528, 68.06, 13.74, 'B-079', 'E-079', 1);
INSERT INTO unidad (id, comunidad_id, edificio_id, torre_id, codigo, alicuota, m2_utiles, m2_terrazas, nro_bodega, nro_estacionamiento, activa) VALUES (80, 1, 5, 10, 'U080', 0.012811, 39.32, 7.61, 'B-080', 'E-080', 1);
INSERT INTO unidad (id, comunidad_id, edificio_id, torre_id, codigo, alicuota, m2_utiles, m2_terrazas, nro_bodega, nro_estacionamiento, activa) VALUES (81, 2, 8, 4, 'U081', 0.026182, 61.51, 8.34, 'B-081', 'E-081', 1);
INSERT INTO unidad (id, comunidad_id, edificio_id, torre_id, codigo, alicuota, m2_utiles, m2_terrazas, nro_bodega, nro_estacionamiento, activa) VALUES (82, 1, 5, 10, 'U082', 0.010654, 68.62, 8.41, 'B-082', 'E-082', 1);
INSERT INTO unidad (id, comunidad_id, edificio_id, torre_id, codigo, alicuota, m2_utiles, m2_terrazas, nro_bodega, nro_estacionamiento, activa) VALUES (83, 5, 10, 11, 'U083', 0.021067, 32.36, 13.94, 'B-083', 'E-083', 1);
INSERT INTO unidad (id, comunidad_id, edificio_id, torre_id, codigo, alicuota, m2_utiles, m2_terrazas, nro_bodega, nro_estacionamiento, activa) VALUES (84, 3, 1, 3, 'U084', 0.011832, 98.62, 13.82, 'B-084', 'E-084', 1);
INSERT INTO unidad (id, comunidad_id, edificio_id, torre_id, codigo, alicuota, m2_utiles, m2_terrazas, nro_bodega, nro_estacionamiento, activa) VALUES (85, 3, 1, 3, 'U085', 0.026747, 80.97, 6.01, 'B-085', 'E-085', 1);
INSERT INTO unidad (id, comunidad_id, edificio_id, torre_id, codigo, alicuota, m2_utiles, m2_terrazas, nro_bodega, nro_estacionamiento, activa) VALUES (86, 2, 1, 2, 'U086', 0.023653, 49.36, 6.3, 'B-086', 'E-086', 1);
INSERT INTO unidad (id, comunidad_id, edificio_id, torre_id, codigo, alicuota, m2_utiles, m2_terrazas, nro_bodega, nro_estacionamiento, activa) VALUES (87, 3, 3, 6, 'U087', 0.012791, 59.19, 14.12, 'B-087', 'E-087', 1);
INSERT INTO unidad (id, comunidad_id, edificio_id, torre_id, codigo, alicuota, m2_utiles, m2_terrazas, nro_bodega, nro_estacionamiento, activa) VALUES (88, 5, 2, 1, 'U088', 0.008889, 97.9, 0.75, 'B-088', 'E-088', 1);
INSERT INTO unidad (id, comunidad_id, edificio_id, torre_id, codigo, alicuota, m2_utiles, m2_terrazas, nro_bodega, nro_estacionamiento, activa) VALUES (89, 1, 5, 8, 'U089', 0.021548, 73.71, 6.63, 'B-089', 'E-089', 1);
INSERT INTO unidad (id, comunidad_id, edificio_id, torre_id, codigo, alicuota, m2_utiles, m2_terrazas, nro_bodega, nro_estacionamiento, activa) VALUES (90, 3, 4, 9, 'U090', 0.007845, 68.69, 4.25, 'B-090', 'E-090', 1);
INSERT INTO unidad (id, comunidad_id, edificio_id, torre_id, codigo, alicuota, m2_utiles, m2_terrazas, nro_bodega, nro_estacionamiento, activa) VALUES (91, 5, 8, 9, 'U091', 0.021678, 34.09, 5.93, 'B-091', 'E-091', 1);
INSERT INTO unidad (id, comunidad_id, edificio_id, torre_id, codigo, alicuota, m2_utiles, m2_terrazas, nro_bodega, nro_estacionamiento, activa) VALUES (92, 5, 1, 1, 'U092', 0.010111, 115.08, 11.51, 'B-092', 'E-092', 1);
INSERT INTO unidad (id, comunidad_id, edificio_id, torre_id, codigo, alicuota, m2_utiles, m2_terrazas, nro_bodega, nro_estacionamiento, activa) VALUES (93, 3, 5, 6, 'U093', 0.008, 74.76, 6.46, 'B-093', 'E-093', 1);
INSERT INTO unidad (id, comunidad_id, edificio_id, torre_id, codigo, alicuota, m2_utiles, m2_terrazas, nro_bodega, nro_estacionamiento, activa) VALUES (94, 2, 7, 9, 'U094', 0.022592, 75.02, 12.5, 'B-094', 'E-094', 1);
INSERT INTO unidad (id, comunidad_id, edificio_id, torre_id, codigo, alicuota, m2_utiles, m2_terrazas, nro_bodega, nro_estacionamiento, activa) VALUES (95, 3, 2, 7, 'U095', 0.026544, 33.81, 0.28, 'B-095', 'E-095', 1);
INSERT INTO unidad (id, comunidad_id, edificio_id, torre_id, codigo, alicuota, m2_utiles, m2_terrazas, nro_bodega, nro_estacionamiento, activa) VALUES (96, 1, 6, 10, 'U096', 0.015732, 66.4, 9.6, 'B-096', 'E-096', 1);
INSERT INTO unidad (id, comunidad_id, edificio_id, torre_id, codigo, alicuota, m2_utiles, m2_terrazas, nro_bodega, nro_estacionamiento, activa) VALUES (97, 3, 2, 7, 'U097', 0.005521, 59.23, 12.02, 'B-097', 'E-097', 1);
INSERT INTO unidad (id, comunidad_id, edificio_id, torre_id, codigo, alicuota, m2_utiles, m2_terrazas, nro_bodega, nro_estacionamiento, activa) VALUES (98, 5, 8, 12, 'U098', 0.027994, 37.93, 12.67, 'B-098', 'E-098', 1);
INSERT INTO unidad (id, comunidad_id, edificio_id, torre_id, codigo, alicuota, m2_utiles, m2_terrazas, nro_bodega, nro_estacionamiento, activa) VALUES (99, 2, 7, 10, 'U099', 0.015011, 37.08, 13.06, 'B-099', 'E-099', 1);
INSERT INTO unidad (id, comunidad_id, edificio_id, torre_id, codigo, alicuota, m2_utiles, m2_terrazas, nro_bodega, nro_estacionamiento, activa) VALUES (100, 3, 4, 6, 'U100', 0.024478, 36.87, 9.5, 'B-100', 'E-100', 1);
INSERT INTO unidad (id, comunidad_id, edificio_id, torre_id, codigo, alicuota, m2_utiles, m2_terrazas, nro_bodega, nro_estacionamiento, activa) VALUES (101, 5, 9, 4, 'U101', 0.027648, 61.44, 10.91, 'B-101', 'E-101', 1);
INSERT INTO unidad (id, comunidad_id, edificio_id, torre_id, codigo, alicuota, m2_utiles, m2_terrazas, nro_bodega, nro_estacionamiento, activa) VALUES (102, 2, 4, 2, 'U102', 0.008661, 47.75, 9.04, 'B-102', 'E-102', 1);
INSERT INTO unidad (id, comunidad_id, edificio_id, torre_id, codigo, alicuota, m2_utiles, m2_terrazas, nro_bodega, nro_estacionamiento, activa) VALUES (103, 1, 3, 11, 'U103', 0.017353, 97.9, 11.4, 'B-103', 'E-103', 1);
INSERT INTO unidad (id, comunidad_id, edificio_id, torre_id, codigo, alicuota, m2_utiles, m2_terrazas, nro_bodega, nro_estacionamiento, activa) VALUES (104, 4, 10, 11, 'U104', 0.020882, 86.21, 12.96, 'B-104', 'E-104', 1);
INSERT INTO unidad (id, comunidad_id, edificio_id, torre_id, codigo, alicuota, m2_utiles, m2_terrazas, nro_bodega, nro_estacionamiento, activa) VALUES (105, 3, 3, 8, 'U105', 0.006707, 69.8, 4.54, 'B-105', 'E-105', 1);
INSERT INTO unidad (id, comunidad_id, edificio_id, torre_id, codigo, alicuota, m2_utiles, m2_terrazas, nro_bodega, nro_estacionamiento, activa) VALUES (106, 3, 10, 1, 'U106', 0.013799, 36.68, 6.93, 'B-106', 'E-106', 1);
INSERT INTO unidad (id, comunidad_id, edificio_id, torre_id, codigo, alicuota, m2_utiles, m2_terrazas, nro_bodega, nro_estacionamiento, activa) VALUES (107, 1, 1, 6, 'U107', 0.025792, 36.91, 12.96, 'B-107', 'E-107', 1);
INSERT INTO unidad (id, comunidad_id, edificio_id, torre_id, codigo, alicuota, m2_utiles, m2_terrazas, nro_bodega, nro_estacionamiento, activa) VALUES (108, 1, 10, 10, 'U108', 0.017677, 71.64, 8.31, 'B-108', 'E-108', 1);
INSERT INTO unidad (id, comunidad_id, edificio_id, torre_id, codigo, alicuota, m2_utiles, m2_terrazas, nro_bodega, nro_estacionamiento, activa) VALUES (109, 1, 8, 10, 'U109', 0.021296, 58.94, 7.13, 'B-109', 'E-109', 1);
INSERT INTO unidad (id, comunidad_id, edificio_id, torre_id, codigo, alicuota, m2_utiles, m2_terrazas, nro_bodega, nro_estacionamiento, activa) VALUES (110, 2, 1, 8, 'U110', 0.007588, 110.92, 5.15, 'B-110', 'E-110', 1);
INSERT INTO unidad (id, comunidad_id, edificio_id, torre_id, codigo, alicuota, m2_utiles, m2_terrazas, nro_bodega, nro_estacionamiento, activa) VALUES (111, 1, 9, 11, 'U111', 0.009314, 52.3, 6.57, 'B-111', 'E-111', 1);
INSERT INTO unidad (id, comunidad_id, edificio_id, torre_id, codigo, alicuota, m2_utiles, m2_terrazas, nro_bodega, nro_estacionamiento, activa) VALUES (112, 4, 9, 9, 'U112', 0.020245, 62.75, 13.77, 'B-112', 'E-112', 1);
INSERT INTO unidad (id, comunidad_id, edificio_id, torre_id, codigo, alicuota, m2_utiles, m2_terrazas, nro_bodega, nro_estacionamiento, activa) VALUES (113, 4, 7, 6, 'U113', 0.021972, 34.71, 9.46, 'B-113', 'E-113', 1);
INSERT INTO unidad (id, comunidad_id, edificio_id, torre_id, codigo, alicuota, m2_utiles, m2_terrazas, nro_bodega, nro_estacionamiento, activa) VALUES (114, 3, 2, 6, 'U114', 0.007363, 91.05, 4.26, 'B-114', 'E-114', 1);
INSERT INTO unidad (id, comunidad_id, edificio_id, torre_id, codigo, alicuota, m2_utiles, m2_terrazas, nro_bodega, nro_estacionamiento, activa) VALUES (115, 5, 3, 6, 'U115', 0.007038, 89.73, 13.75, 'B-115', 'E-115', 1);
INSERT INTO unidad (id, comunidad_id, edificio_id, torre_id, codigo, alicuota, m2_utiles, m2_terrazas, nro_bodega, nro_estacionamiento, activa) VALUES (116, 3, 7, 3, 'U116', 0.019876, 114.42, 4.64, 'B-116', 'E-116', 1);
INSERT INTO unidad (id, comunidad_id, edificio_id, torre_id, codigo, alicuota, m2_utiles, m2_terrazas, nro_bodega, nro_estacionamiento, activa) VALUES (117, 4, 6, 3, 'U117', 0.021753, 104.61, 11.08, 'B-117', 'E-117', 1);
INSERT INTO unidad (id, comunidad_id, edificio_id, torre_id, codigo, alicuota, m2_utiles, m2_terrazas, nro_bodega, nro_estacionamiento, activa) VALUES (118, 5, 2, 11, 'U118', 0.021761, 75.76, 0.27, 'B-118', 'E-118', 1);
INSERT INTO unidad (id, comunidad_id, edificio_id, torre_id, codigo, alicuota, m2_utiles, m2_terrazas, nro_bodega, nro_estacionamiento, activa) VALUES (119, 3, 3, 4, 'U119', 0.013543, 98.95, 2.88, 'B-119', 'E-119', 1);
INSERT INTO unidad (id, comunidad_id, edificio_id, torre_id, codigo, alicuota, m2_utiles, m2_terrazas, nro_bodega, nro_estacionamiento, activa) VALUES (120, 2, 3, 2, 'U120', 0.012395, 100.93, 7.62, 'B-120', 'E-120', 1);
INSERT INTO unidad (id, comunidad_id, edificio_id, torre_id, codigo, alicuota, m2_utiles, m2_terrazas, nro_bodega, nro_estacionamiento, activa) VALUES (121, 5, 9, 1, 'U121', 0.021548, 108.88, 9.27, 'B-121', 'E-121', 1);
INSERT INTO unidad (id, comunidad_id, edificio_id, torre_id, codigo, alicuota, m2_utiles, m2_terrazas, nro_bodega, nro_estacionamiento, activa) VALUES (122, 5, 7, 3, 'U122', 0.009056, 104.82, 11.57, 'B-122', 'E-122', 1);
INSERT INTO unidad (id, comunidad_id, edificio_id, torre_id, codigo, alicuota, m2_utiles, m2_terrazas, nro_bodega, nro_estacionamiento, activa) VALUES (123, 2, 8, 1, 'U123', 0.015271, 90.87, 3.56, 'B-123', 'E-123', 1);
INSERT INTO unidad (id, comunidad_id, edificio_id, torre_id, codigo, alicuota, m2_utiles, m2_terrazas, nro_bodega, nro_estacionamiento, activa) VALUES (124, 4, 10, 5, 'U124', 0.02381, 100.54, 3.51, 'B-124', 'E-124', 1);
INSERT INTO unidad (id, comunidad_id, edificio_id, torre_id, codigo, alicuota, m2_utiles, m2_terrazas, nro_bodega, nro_estacionamiento, activa) VALUES (125, 2, 5, 8, 'U125', 0.027599, 47.46, 10.17, 'B-125', 'E-125', 1);
INSERT INTO unidad (id, comunidad_id, edificio_id, torre_id, codigo, alicuota, m2_utiles, m2_terrazas, nro_bodega, nro_estacionamiento, activa) VALUES (126, 5, 8, 8, 'U126', 0.024236, 100.03, 7.54, 'B-126', 'E-126', 1);
INSERT INTO unidad (id, comunidad_id, edificio_id, torre_id, codigo, alicuota, m2_utiles, m2_terrazas, nro_bodega, nro_estacionamiento, activa) VALUES (127, 4, 3, 4, 'U127', 0.025031, 42.46, 3.75, 'B-127', 'E-127', 1);
INSERT INTO unidad (id, comunidad_id, edificio_id, torre_id, codigo, alicuota, m2_utiles, m2_terrazas, nro_bodega, nro_estacionamiento, activa) VALUES (128, 4, 6, 9, 'U128', 0.028357, 94.03, 7.74, 'B-128', 'E-128', 1);
INSERT INTO unidad (id, comunidad_id, edificio_id, torre_id, codigo, alicuota, m2_utiles, m2_terrazas, nro_bodega, nro_estacionamiento, activa) VALUES (129, 1, 5, 2, 'U129', 0.024078, 54.55, 13.58, 'B-129', 'E-129', 1);
INSERT INTO unidad (id, comunidad_id, edificio_id, torre_id, codigo, alicuota, m2_utiles, m2_terrazas, nro_bodega, nro_estacionamiento, activa) VALUES (130, 2, 7, 2, 'U130', 0.02866, 49.98, 6.77, 'B-130', 'E-130', 1);
INSERT INTO unidad (id, comunidad_id, edificio_id, torre_id, codigo, alicuota, m2_utiles, m2_terrazas, nro_bodega, nro_estacionamiento, activa) VALUES (131, 3, 1, 7, 'U131', 0.006331, 75.18, 3.54, 'B-131', 'E-131', 1);
INSERT INTO unidad (id, comunidad_id, edificio_id, torre_id, codigo, alicuota, m2_utiles, m2_terrazas, nro_bodega, nro_estacionamiento, activa) VALUES (132, 1, 6, 4, 'U132', 0.005705, 113.77, 12.59, 'B-132', 'E-132', 1);
INSERT INTO unidad (id, comunidad_id, edificio_id, torre_id, codigo, alicuota, m2_utiles, m2_terrazas, nro_bodega, nro_estacionamiento, activa) VALUES (133, 3, 3, 3, 'U133', 0.005958, 112.57, 7.09, 'B-133', 'E-133', 1);
INSERT INTO unidad (id, comunidad_id, edificio_id, torre_id, codigo, alicuota, m2_utiles, m2_terrazas, nro_bodega, nro_estacionamiento, activa) VALUES (134, 2, 8, 8, 'U134', 0.020384, 111.53, 0.29, 'B-134', 'E-134', 1);
INSERT INTO unidad (id, comunidad_id, edificio_id, torre_id, codigo, alicuota, m2_utiles, m2_terrazas, nro_bodega, nro_estacionamiento, activa) VALUES (135, 2, 3, 9, 'U135', 0.028506, 84.8, 6.35, 'B-135', 'E-135', 1);
INSERT INTO unidad (id, comunidad_id, edificio_id, torre_id, codigo, alicuota, m2_utiles, m2_terrazas, nro_bodega, nro_estacionamiento, activa) VALUES (136, 3, 4, 5, 'U136', 0.008046, 51.46, 9.58, 'B-136', 'E-136', 1);
INSERT INTO unidad (id, comunidad_id, edificio_id, torre_id, codigo, alicuota, m2_utiles, m2_terrazas, nro_bodega, nro_estacionamiento, activa) VALUES (137, 5, 8, 2, 'U137', 0.007771, 111.46, 8.95, 'B-137', 'E-137', 1);
INSERT INTO unidad (id, comunidad_id, edificio_id, torre_id, codigo, alicuota, m2_utiles, m2_terrazas, nro_bodega, nro_estacionamiento, activa) VALUES (138, 1, 9, 10, 'U138', 0.011048, 42.92, 6.44, 'B-138', 'E-138', 1);
INSERT INTO unidad (id, comunidad_id, edificio_id, torre_id, codigo, alicuota, m2_utiles, m2_terrazas, nro_bodega, nro_estacionamiento, activa) VALUES (139, 5, 6, 4, 'U139', 0.019267, 46.86, 10.02, 'B-139', 'E-139', 1);
INSERT INTO unidad (id, comunidad_id, edificio_id, torre_id, codigo, alicuota, m2_utiles, m2_terrazas, nro_bodega, nro_estacionamiento, activa) VALUES (140, 5, 6, 2, 'U140', 0.028835, 78.97, 11.8, 'B-140', 'E-140', 1);
INSERT INTO unidad (id, comunidad_id, edificio_id, torre_id, codigo, alicuota, m2_utiles, m2_terrazas, nro_bodega, nro_estacionamiento, activa) VALUES (141, 5, 9, 1, 'U141', 0.014761, 72.31, 9.54, 'B-141', 'E-141', 1);
INSERT INTO unidad (id, comunidad_id, edificio_id, torre_id, codigo, alicuota, m2_utiles, m2_terrazas, nro_bodega, nro_estacionamiento, activa) VALUES (142, 3, 5, 12, 'U142', 0.005406, 100.97, 5.17, 'B-142', 'E-142', 1);
INSERT INTO unidad (id, comunidad_id, edificio_id, torre_id, codigo, alicuota, m2_utiles, m2_terrazas, nro_bodega, nro_estacionamiento, activa) VALUES (143, 1, 10, 12, 'U143', 0.023917, 42.01, 5.28, 'B-143', 'E-143', 1);
INSERT INTO unidad (id, comunidad_id, edificio_id, torre_id, codigo, alicuota, m2_utiles, m2_terrazas, nro_bodega, nro_estacionamiento, activa) VALUES (144, 3, 3, 11, 'U144', 0.016616, 92.59, 9.48, 'B-144', 'E-144', 1);
INSERT INTO unidad (id, comunidad_id, edificio_id, torre_id, codigo, alicuota, m2_utiles, m2_terrazas, nro_bodega, nro_estacionamiento, activa) VALUES (145, 2, 2, 12, 'U145', 0.024405, 71.19, 4.4, 'B-145', 'E-145', 1);
INSERT INTO unidad (id, comunidad_id, edificio_id, torre_id, codigo, alicuota, m2_utiles, m2_terrazas, nro_bodega, nro_estacionamiento, activa) VALUES (146, 1, 4, 1, 'U146', 0.01289, 57.91, 5.97, 'B-146', 'E-146', 1);
INSERT INTO unidad (id, comunidad_id, edificio_id, torre_id, codigo, alicuota, m2_utiles, m2_terrazas, nro_bodega, nro_estacionamiento, activa) VALUES (147, 5, 8, 5, 'U147', 0.005916, 88.22, 4.29, 'B-147', 'E-147', 1);
INSERT INTO unidad (id, comunidad_id, edificio_id, torre_id, codigo, alicuota, m2_utiles, m2_terrazas, nro_bodega, nro_estacionamiento, activa) VALUES (148, 1, 6, 5, 'U148', 0.008112, 63.12, 13.34, 'B-148', 'E-148', 1);
INSERT INTO unidad (id, comunidad_id, edificio_id, torre_id, codigo, alicuota, m2_utiles, m2_terrazas, nro_bodega, nro_estacionamiento, activa) VALUES (149, 4, 7, 6, 'U149', 0.029343, 74.66, 7.46, 'B-149', 'E-149', 1);
INSERT INTO unidad (id, comunidad_id, edificio_id, torre_id, codigo, alicuota, m2_utiles, m2_terrazas, nro_bodega, nro_estacionamiento, activa) VALUES (150, 5, 5, 2, 'U150', 0.023177, 37.1, 9.04, 'B-150', 'E-150', 1);
INSERT INTO unidad (id, comunidad_id, edificio_id, torre_id, codigo, alicuota, m2_utiles, m2_terrazas, nro_bodega, nro_estacionamiento, activa) VALUES (151, 2, 9, 5, 'U151', 0.01303, 37.21, 9.91, 'B-151', 'E-151', 1);
INSERT INTO unidad (id, comunidad_id, edificio_id, torre_id, codigo, alicuota, m2_utiles, m2_terrazas, nro_bodega, nro_estacionamiento, activa) VALUES (152, 3, 8, 10, 'U152', 0.022942, 45.0, 6.66, 'B-152', 'E-152', 1);
INSERT INTO unidad (id, comunidad_id, edificio_id, torre_id, codigo, alicuota, m2_utiles, m2_terrazas, nro_bodega, nro_estacionamiento, activa) VALUES (153, 4, 1, 12, 'U153', 0.026751, 61.73, 14.97, 'B-153', 'E-153', 1);
INSERT INTO unidad (id, comunidad_id, edificio_id, torre_id, codigo, alicuota, m2_utiles, m2_terrazas, nro_bodega, nro_estacionamiento, activa) VALUES (154, 3, 1, 2, 'U154', 0.02178, 66.56, 7.7, 'B-154', 'E-154', 1);
INSERT INTO unidad (id, comunidad_id, edificio_id, torre_id, codigo, alicuota, m2_utiles, m2_terrazas, nro_bodega, nro_estacionamiento, activa) VALUES (155, 2, 1, 3, 'U155', 0.026217, 91.03, 6.57, 'B-155', 'E-155', 1);
INSERT INTO unidad (id, comunidad_id, edificio_id, torre_id, codigo, alicuota, m2_utiles, m2_terrazas, nro_bodega, nro_estacionamiento, activa) VALUES (156, 2, 2, 4, 'U156', 0.024463, 62.97, 5.74, 'B-156', 'E-156', 1);
INSERT INTO unidad (id, comunidad_id, edificio_id, torre_id, codigo, alicuota, m2_utiles, m2_terrazas, nro_bodega, nro_estacionamiento, activa) VALUES (157, 5, 1, 10, 'U157', 0.008836, 70.49, 5.56, 'B-157', 'E-157', 1);
INSERT INTO unidad (id, comunidad_id, edificio_id, torre_id, codigo, alicuota, m2_utiles, m2_terrazas, nro_bodega, nro_estacionamiento, activa) VALUES (158, 4, 2, 10, 'U158', 0.008442, 63.03, 4.72, 'B-158', 'E-158', 1);
INSERT INTO unidad (id, comunidad_id, edificio_id, torre_id, codigo, alicuota, m2_utiles, m2_terrazas, nro_bodega, nro_estacionamiento, activa) VALUES (159, 3, 4, 2, 'U159', 0.005648, 46.74, 7.77, 'B-159', 'E-159', 1);
INSERT INTO unidad (id, comunidad_id, edificio_id, torre_id, codigo, alicuota, m2_utiles, m2_terrazas, nro_bodega, nro_estacionamiento, activa) VALUES (160, 5, 2, 5, 'U160', 0.024374, 93.36, 3.22, 'B-160', 'E-160', 1);
INSERT INTO unidad (id, comunidad_id, edificio_id, torre_id, codigo, alicuota, m2_utiles, m2_terrazas, nro_bodega, nro_estacionamiento, activa) VALUES (161, 5, 5, 12, 'U161', 0.027912, 74.21, 1.84, 'B-161', 'E-161', 1);
INSERT INTO unidad (id, comunidad_id, edificio_id, torre_id, codigo, alicuota, m2_utiles, m2_terrazas, nro_bodega, nro_estacionamiento, activa) VALUES (162, 1, 8, 3, 'U162', 0.027467, 70.06, 1.32, 'B-162', 'E-162', 1);
INSERT INTO unidad (id, comunidad_id, edificio_id, torre_id, codigo, alicuota, m2_utiles, m2_terrazas, nro_bodega, nro_estacionamiento, activa) VALUES (163, 3, 6, 12, 'U163', 0.006623, 78.8, 13.37, 'B-163', 'E-163', 1);
INSERT INTO unidad (id, comunidad_id, edificio_id, torre_id, codigo, alicuota, m2_utiles, m2_terrazas, nro_bodega, nro_estacionamiento, activa) VALUES (164, 2, 3, 6, 'U164', 0.017719, 40.92, 3.01, 'B-164', 'E-164', 1);
INSERT INTO unidad (id, comunidad_id, edificio_id, torre_id, codigo, alicuota, m2_utiles, m2_terrazas, nro_bodega, nro_estacionamiento, activa) VALUES (165, 2, 4, 8, 'U165', 0.005657, 79.86, 5.53, 'B-165', 'E-165', 1);
INSERT INTO unidad (id, comunidad_id, edificio_id, torre_id, codigo, alicuota, m2_utiles, m2_terrazas, nro_bodega, nro_estacionamiento, activa) VALUES (166, 5, 3, 10, 'U166', 0.027106, 35.92, 5.97, 'B-166', 'E-166', 1);
INSERT INTO unidad (id, comunidad_id, edificio_id, torre_id, codigo, alicuota, m2_utiles, m2_terrazas, nro_bodega, nro_estacionamiento, activa) VALUES (167, 4, 9, 7, 'U167', 0.024229, 104.1, 1.11, 'B-167', 'E-167', 1);
INSERT INTO unidad (id, comunidad_id, edificio_id, torre_id, codigo, alicuota, m2_utiles, m2_terrazas, nro_bodega, nro_estacionamiento, activa) VALUES (168, 3, 2, 8, 'U168', 0.016646, 76.56, 1.93, 'B-168', 'E-168', 1);
INSERT INTO unidad (id, comunidad_id, edificio_id, torre_id, codigo, alicuota, m2_utiles, m2_terrazas, nro_bodega, nro_estacionamiento, activa) VALUES (169, 5, 10, 3, 'U169', 0.024195, 41.61, 7.54, 'B-169', 'E-169', 1);
INSERT INTO unidad (id, comunidad_id, edificio_id, torre_id, codigo, alicuota, m2_utiles, m2_terrazas, nro_bodega, nro_estacionamiento, activa) VALUES (170, 1, 2, 9, 'U170', 0.008825, 44.82, 4.84, 'B-170', 'E-170', 1);
INSERT INTO unidad (id, comunidad_id, edificio_id, torre_id, codigo, alicuota, m2_utiles, m2_terrazas, nro_bodega, nro_estacionamiento, activa) VALUES (171, 2, 6, 9, 'U171', 0.027373, 106.13, 3.76, 'B-171', 'E-171', 1);
INSERT INTO unidad (id, comunidad_id, edificio_id, torre_id, codigo, alicuota, m2_utiles, m2_terrazas, nro_bodega, nro_estacionamiento, activa) VALUES (172, 5, 5, 3, 'U172', 0.020626, 85.3, 1.4, 'B-172', 'E-172', 1);
INSERT INTO unidad (id, comunidad_id, edificio_id, torre_id, codigo, alicuota, m2_utiles, m2_terrazas, nro_bodega, nro_estacionamiento, activa) VALUES (173, 2, 10, 10, 'U173', 0.008855, 89.29, 10.81, 'B-173', 'E-173', 1);
INSERT INTO unidad (id, comunidad_id, edificio_id, torre_id, codigo, alicuota, m2_utiles, m2_terrazas, nro_bodega, nro_estacionamiento, activa) VALUES (174, 5, 6, 10, 'U174', 0.00603, 107.74, 1.22, 'B-174', 'E-174', 1);
INSERT INTO unidad (id, comunidad_id, edificio_id, torre_id, codigo, alicuota, m2_utiles, m2_terrazas, nro_bodega, nro_estacionamiento, activa) VALUES (175, 5, 5, 11, 'U175', 0.01027, 81.49, 9.27, 'B-175', 'E-175', 1);
INSERT INTO unidad (id, comunidad_id, edificio_id, torre_id, codigo, alicuota, m2_utiles, m2_terrazas, nro_bodega, nro_estacionamiento, activa) VALUES (176, 1, 8, 11, 'U176', 0.018639, 87.77, 4.53, 'B-176', 'E-176', 1);
INSERT INTO unidad (id, comunidad_id, edificio_id, torre_id, codigo, alicuota, m2_utiles, m2_terrazas, nro_bodega, nro_estacionamiento, activa) VALUES (177, 2, 7, 5, 'U177', 0.016339, 91.98, 2.37, 'B-177', 'E-177', 1);
INSERT INTO unidad (id, comunidad_id, edificio_id, torre_id, codigo, alicuota, m2_utiles, m2_terrazas, nro_bodega, nro_estacionamiento, activa) VALUES (178, 4, 8, 8, 'U178', 0.010101, 84.6, 4.69, 'B-178', 'E-178', 1);
INSERT INTO unidad (id, comunidad_id, edificio_id, torre_id, codigo, alicuota, m2_utiles, m2_terrazas, nro_bodega, nro_estacionamiento, activa) VALUES (179, 3, 6, 7, 'U179', 0.008269, 63.35, 8.42, 'B-179', 'E-179', 1);
INSERT INTO unidad (id, comunidad_id, edificio_id, torre_id, codigo, alicuota, m2_utiles, m2_terrazas, nro_bodega, nro_estacionamiento, activa) VALUES (180, 3, 4, 8, 'U180', 0.008063, 70.46, 2.11, 'B-180', 'E-180', 1);
INSERT INTO unidad (id, comunidad_id, edificio_id, torre_id, codigo, alicuota, m2_utiles, m2_terrazas, nro_bodega, nro_estacionamiento, activa) VALUES (181, 1, 5, 7, 'U181', 0.026604, 67.63, 14.44, 'B-181', 'E-181', 1);
INSERT INTO unidad (id, comunidad_id, edificio_id, torre_id, codigo, alicuota, m2_utiles, m2_terrazas, nro_bodega, nro_estacionamiento, activa) VALUES (182, 2, 6, 10, 'U182', 0.023028, 47.09, 2.39, 'B-182', 'E-182', 1);
INSERT INTO unidad (id, comunidad_id, edificio_id, torre_id, codigo, alicuota, m2_utiles, m2_terrazas, nro_bodega, nro_estacionamiento, activa) VALUES (183, 5, 8, 8, 'U183', 0.026977, 74.76, 1.35, 'B-183', 'E-183', 1);
INSERT INTO unidad (id, comunidad_id, edificio_id, torre_id, codigo, alicuota, m2_utiles, m2_terrazas, nro_bodega, nro_estacionamiento, activa) VALUES (184, 4, 9, 8, 'U184', 0.029167, 49.36, 5.29, 'B-184', 'E-184', 1);
INSERT INTO unidad (id, comunidad_id, edificio_id, torre_id, codigo, alicuota, m2_utiles, m2_terrazas, nro_bodega, nro_estacionamiento, activa) VALUES (185, 1, 5, 8, 'U185', 0.019938, 105.86, 10.09, 'B-185', 'E-185', 1);
INSERT INTO unidad (id, comunidad_id, edificio_id, torre_id, codigo, alicuota, m2_utiles, m2_terrazas, nro_bodega, nro_estacionamiento, activa) VALUES (186, 3, 9, 1, 'U186', 0.026179, 68.78, 13.24, 'B-186', 'E-186', 1);
INSERT INTO unidad (id, comunidad_id, edificio_id, torre_id, codigo, alicuota, m2_utiles, m2_terrazas, nro_bodega, nro_estacionamiento, activa) VALUES (187, 3, 7, 6, 'U187', 0.006131, 34.6, 8.43, 'B-187', 'E-187', 1);
INSERT INTO unidad (id, comunidad_id, edificio_id, torre_id, codigo, alicuota, m2_utiles, m2_terrazas, nro_bodega, nro_estacionamiento, activa) VALUES (188, 3, 9, 5, 'U188', 0.006838, 75.38, 11.47, 'B-188', 'E-188', 1);
INSERT INTO unidad (id, comunidad_id, edificio_id, torre_id, codigo, alicuota, m2_utiles, m2_terrazas, nro_bodega, nro_estacionamiento, activa) VALUES (189, 3, 10, 11, 'U189', 0.020276, 41.58, 1.45, 'B-189', 'E-189', 1);
INSERT INTO unidad (id, comunidad_id, edificio_id, torre_id, codigo, alicuota, m2_utiles, m2_terrazas, nro_bodega, nro_estacionamiento, activa) VALUES (190, 3, 6, 9, 'U190', 0.028474, 97.95, 2.99, 'B-190', 'E-190', 1);
INSERT INTO unidad (id, comunidad_id, edificio_id, torre_id, codigo, alicuota, m2_utiles, m2_terrazas, nro_bodega, nro_estacionamiento, activa) VALUES (191, 5, 7, 9, 'U191', 0.006006, 33.5, 10.7, 'B-191', 'E-191', 1);
INSERT INTO unidad (id, comunidad_id, edificio_id, torre_id, codigo, alicuota, m2_utiles, m2_terrazas, nro_bodega, nro_estacionamiento, activa) VALUES (192, 4, 9, 8, 'U192', 0.008724, 110.38, 2.1, 'B-192', 'E-192', 1);
INSERT INTO unidad (id, comunidad_id, edificio_id, torre_id, codigo, alicuota, m2_utiles, m2_terrazas, nro_bodega, nro_estacionamiento, activa) VALUES (193, 5, 6, 3, 'U193', 0.014824, 85.49, 12.64, 'B-193', 'E-193', 1);
INSERT INTO unidad (id, comunidad_id, edificio_id, torre_id, codigo, alicuota, m2_utiles, m2_terrazas, nro_bodega, nro_estacionamiento, activa) VALUES (194, 5, 6, 9, 'U194', 0.025707, 77.91, 10.63, 'B-194', 'E-194', 1);
INSERT INTO unidad (id, comunidad_id, edificio_id, torre_id, codigo, alicuota, m2_utiles, m2_terrazas, nro_bodega, nro_estacionamiento, activa) VALUES (195, 3, 8, 1, 'U195', 0.014209, 90.64, 14.7, 'B-195', 'E-195', 1);
INSERT INTO unidad (id, comunidad_id, edificio_id, torre_id, codigo, alicuota, m2_utiles, m2_terrazas, nro_bodega, nro_estacionamiento, activa) VALUES (196, 5, 5, 12, 'U196', 0.026802, 86.63, 8.95, 'B-196', 'E-196', 1);
INSERT INTO unidad (id, comunidad_id, edificio_id, torre_id, codigo, alicuota, m2_utiles, m2_terrazas, nro_bodega, nro_estacionamiento, activa) VALUES (197, 3, 10, 10, 'U197', 0.010689, 34.62, 7.21, 'B-197', 'E-197', 1);
INSERT INTO unidad (id, comunidad_id, edificio_id, torre_id, codigo, alicuota, m2_utiles, m2_terrazas, nro_bodega, nro_estacionamiento, activa) VALUES (198, 5, 10, 7, 'U198', 0.008694, 91.27, 0.47, 'B-198', 'E-198', 1);
INSERT INTO unidad (id, comunidad_id, edificio_id, torre_id, codigo, alicuota, m2_utiles, m2_terrazas, nro_bodega, nro_estacionamiento, activa) VALUES (199, 1, 4, 1, 'U199', 0.016026, 67.69, 6.19, 'B-199', 'E-199', 1);
INSERT INTO unidad (id, comunidad_id, edificio_id, torre_id, codigo, alicuota, m2_utiles, m2_terrazas, nro_bodega, nro_estacionamiento, activa) VALUES (200, 2, 7, 9, 'U200', 0.024374, 112.85, 13.09, 'B-200', 'E-200', 1);

-- Titulares Unidad
INSERT INTO titulares_unidad (id, comunidad_id, unidad_id, persona_id, tipo, desde, porcentaje) VALUES (1, 1, 181, 36, 'propietario', '2025-06-15', 100.00);
INSERT INTO titulares_unidad (id, comunidad_id, unidad_id, persona_id, tipo, desde, porcentaje) VALUES (2, 2, 144, 84, 'propietario', '2025-05-04', 100.00);
INSERT INTO titulares_unidad (id, comunidad_id, unidad_id, persona_id, tipo, desde, porcentaje) VALUES (3, 5, 97, 81, 'propietario', '2024-06-26', 100.00);
INSERT INTO titulares_unidad (id, comunidad_id, unidad_id, persona_id, tipo, desde, porcentaje) VALUES (4, 4, 137, 88, 'propietario', '2025-07-13', 100.00);
INSERT INTO titulares_unidad (id, comunidad_id, unidad_id, persona_id, tipo, desde, porcentaje) VALUES (5, 3, 174, 198, 'propietario', '2024-09-27', 100.00);
INSERT INTO titulares_unidad (id, comunidad_id, unidad_id, persona_id, tipo, desde, porcentaje) VALUES (6, 5, 124, 50, 'propietario', '2024-09-09', 100.00);
INSERT INTO titulares_unidad (id, comunidad_id, unidad_id, persona_id, tipo, desde, porcentaje) VALUES (7, 3, 143, 77, 'propietario', '2024-08-18', 100.00);
INSERT INTO titulares_unidad (id, comunidad_id, unidad_id, persona_id, tipo, desde, porcentaje) VALUES (8, 3, 198, 74, 'propietario', '2024-07-31', 100.00);
INSERT INTO titulares_unidad (id, comunidad_id, unidad_id, persona_id, tipo, desde, porcentaje) VALUES (9, 4, 82, 123, 'propietario', '2024-12-23', 100.00);
INSERT INTO titulares_unidad (id, comunidad_id, unidad_id, persona_id, tipo, desde, porcentaje) VALUES (10, 5, 185, 71, 'propietario', '2024-10-21', 100.00);
INSERT INTO titulares_unidad (id, comunidad_id, unidad_id, persona_id, tipo, desde, porcentaje) VALUES (11, 1, 147, 174, 'propietario', '2025-07-10', 100.00);
INSERT INTO titulares_unidad (id, comunidad_id, unidad_id, persona_id, tipo, desde, porcentaje) VALUES (12, 4, 102, 89, 'propietario', '2024-05-29', 100.00);
INSERT INTO titulares_unidad (id, comunidad_id, unidad_id, persona_id, tipo, desde, porcentaje) VALUES (13, 3, 11, 74, 'propietario', '2024-03-21', 100.00);
INSERT INTO titulares_unidad (id, comunidad_id, unidad_id, persona_id, tipo, desde, porcentaje) VALUES (14, 3, 114, 168, 'propietario', '2024-09-19', 100.00);
INSERT INTO titulares_unidad (id, comunidad_id, unidad_id, persona_id, tipo, desde, porcentaje) VALUES (15, 4, 55, 52, 'propietario', '2025-07-05', 100.00);
INSERT INTO titulares_unidad (id, comunidad_id, unidad_id, persona_id, tipo, desde, porcentaje) VALUES (16, 3, 144, 179, 'propietario', '2024-10-05', 100.00);
INSERT INTO titulares_unidad (id, comunidad_id, unidad_id, persona_id, tipo, desde, porcentaje) VALUES (17, 2, 28, 158, 'propietario', '2025-08-23', 100.00);
INSERT INTO titulares_unidad (id, comunidad_id, unidad_id, persona_id, tipo, desde, porcentaje) VALUES (18, 2, 63, 13, 'propietario', '2025-06-27', 100.00);
INSERT INTO titulares_unidad (id, comunidad_id, unidad_id, persona_id, tipo, desde, porcentaje) VALUES (19, 2, 164, 60, 'propietario', '2024-02-23', 100.00);
INSERT INTO titulares_unidad (id, comunidad_id, unidad_id, persona_id, tipo, desde, porcentaje) VALUES (20, 1, 106, 85, 'propietario', '2025-04-28', 100.00);
INSERT INTO titulares_unidad (id, comunidad_id, unidad_id, persona_id, tipo, desde, porcentaje) VALUES (21, 1, 175, 198, 'propietario', '2024-05-20', 100.00);
INSERT INTO titulares_unidad (id, comunidad_id, unidad_id, persona_id, tipo, desde, porcentaje) VALUES (22, 1, 141, 41, 'propietario', '2025-02-20', 100.00);
INSERT INTO titulares_unidad (id, comunidad_id, unidad_id, persona_id, tipo, desde, porcentaje) VALUES (23, 4, 123, 167, 'propietario', '2024-07-23', 100.00);
INSERT INTO titulares_unidad (id, comunidad_id, unidad_id, persona_id, tipo, desde, porcentaje) VALUES (24, 3, 83, 74, 'propietario', '2024-03-01', 100.00);
INSERT INTO titulares_unidad (id, comunidad_id, unidad_id, persona_id, tipo, desde, porcentaje) VALUES (25, 1, 167, 147, 'propietario', '2024-08-25', 100.00);
INSERT INTO titulares_unidad (id, comunidad_id, unidad_id, persona_id, tipo, desde, porcentaje) VALUES (26, 5, 190, 186, 'propietario', '2024-02-08', 100.00);
INSERT INTO titulares_unidad (id, comunidad_id, unidad_id, persona_id, tipo, desde, porcentaje) VALUES (27, 2, 107, 46, 'propietario', '2024-02-07', 100.00);
INSERT INTO titulares_unidad (id, comunidad_id, unidad_id, persona_id, tipo, desde, porcentaje) VALUES (28, 4, 127, 48, 'propietario', '2024-10-23', 100.00);
INSERT INTO titulares_unidad (id, comunidad_id, unidad_id, persona_id, tipo, desde, porcentaje) VALUES (29, 1, 3, 77, 'propietario', '2025-08-04', 100.00);
INSERT INTO titulares_unidad (id, comunidad_id, unidad_id, persona_id, tipo, desde, porcentaje) VALUES (30, 5, 28, 86, 'propietario', '2024-10-18', 100.00);
INSERT INTO titulares_unidad (id, comunidad_id, unidad_id, persona_id, tipo, desde, porcentaje) VALUES (31, 4, 165, 140, 'propietario', '2025-06-20', 100.00);
INSERT INTO titulares_unidad (id, comunidad_id, unidad_id, persona_id, tipo, desde, porcentaje) VALUES (32, 4, 35, 130, 'propietario', '2025-04-24', 100.00);
INSERT INTO titulares_unidad (id, comunidad_id, unidad_id, persona_id, tipo, desde, porcentaje) VALUES (33, 3, 50, 29, 'propietario', '2024-12-04', 100.00);
INSERT INTO titulares_unidad (id, comunidad_id, unidad_id, persona_id, tipo, desde, porcentaje) VALUES (34, 2, 188, 118, 'propietario', '2024-09-20', 100.00);
INSERT INTO titulares_unidad (id, comunidad_id, unidad_id, persona_id, tipo, desde, porcentaje) VALUES (35, 2, 4, 189, 'propietario', '2024-12-11', 100.00);
INSERT INTO titulares_unidad (id, comunidad_id, unidad_id, persona_id, tipo, desde, porcentaje) VALUES (36, 3, 146, 173, 'propietario', '2024-07-16', 100.00);
INSERT INTO titulares_unidad (id, comunidad_id, unidad_id, persona_id, tipo, desde, porcentaje) VALUES (37, 2, 157, 164, 'propietario', '2025-02-19', 100.00);
INSERT INTO titulares_unidad (id, comunidad_id, unidad_id, persona_id, tipo, desde, porcentaje) VALUES (38, 4, 132, 84, 'propietario', '2024-03-29', 100.00);
INSERT INTO titulares_unidad (id, comunidad_id, unidad_id, persona_id, tipo, desde, porcentaje) VALUES (39, 4, 172, 25, 'propietario', '2024-07-08', 100.00);
INSERT INTO titulares_unidad (id, comunidad_id, unidad_id, persona_id, tipo, desde, porcentaje) VALUES (40, 2, 123, 83, 'propietario', '2024-09-11', 100.00);
INSERT INTO titulares_unidad (id, comunidad_id, unidad_id, persona_id, tipo, desde, porcentaje) VALUES (41, 1, 67, 99, 'propietario', '2024-08-29', 100.00);
INSERT INTO titulares_unidad (id, comunidad_id, unidad_id, persona_id, tipo, desde, porcentaje) VALUES (42, 4, 193, 69, 'propietario', '2024-12-03', 100.00);
INSERT INTO titulares_unidad (id, comunidad_id, unidad_id, persona_id, tipo, desde, porcentaje) VALUES (43, 3, 150, 186, 'propietario', '2025-08-09', 100.00);
INSERT INTO titulares_unidad (id, comunidad_id, unidad_id, persona_id, tipo, desde, porcentaje) VALUES (44, 1, 67, 168, 'propietario', '2025-01-03', 100.00);
INSERT INTO titulares_unidad (id, comunidad_id, unidad_id, persona_id, tipo, desde, porcentaje) VALUES (45, 2, 16, 171, 'propietario', '2024-05-01', 100.00);
INSERT INTO titulares_unidad (id, comunidad_id, unidad_id, persona_id, tipo, desde, porcentaje) VALUES (46, 4, 79, 41, 'propietario', '2025-02-19', 100.00);
INSERT INTO titulares_unidad (id, comunidad_id, unidad_id, persona_id, tipo, desde, porcentaje) VALUES (47, 5, 181, 198, 'propietario', '2024-11-14', 100.00);
INSERT INTO titulares_unidad (id, comunidad_id, unidad_id, persona_id, tipo, desde, porcentaje) VALUES (48, 1, 164, 76, 'propietario', '2025-01-11', 100.00);
INSERT INTO titulares_unidad (id, comunidad_id, unidad_id, persona_id, tipo, desde, porcentaje) VALUES (49, 5, 57, 57, 'propietario', '2024-05-16', 100.00);
INSERT INTO titulares_unidad (id, comunidad_id, unidad_id, persona_id, tipo, desde, porcentaje) VALUES (50, 4, 40, 117, 'propietario', '2025-01-17', 100.00);
INSERT INTO titulares_unidad (id, comunidad_id, unidad_id, persona_id, tipo, desde, porcentaje) VALUES (51, 4, 180, 141, 'propietario', '2025-04-27', 100.00);
INSERT INTO titulares_unidad (id, comunidad_id, unidad_id, persona_id, tipo, desde, porcentaje) VALUES (52, 5, 171, 56, 'propietario', '2024-09-10', 100.00);
INSERT INTO titulares_unidad (id, comunidad_id, unidad_id, persona_id, tipo, desde, porcentaje) VALUES (53, 5, 21, 135, 'propietario', '2025-04-02', 100.00);
INSERT INTO titulares_unidad (id, comunidad_id, unidad_id, persona_id, tipo, desde, porcentaje) VALUES (54, 5, 181, 93, 'propietario', '2024-03-20', 100.00);
INSERT INTO titulares_unidad (id, comunidad_id, unidad_id, persona_id, tipo, desde, porcentaje) VALUES (55, 5, 29, 16, 'propietario', '2025-07-14', 100.00);
INSERT INTO titulares_unidad (id, comunidad_id, unidad_id, persona_id, tipo, desde, porcentaje) VALUES (56, 5, 52, 147, 'propietario', '2025-07-03', 100.00);
INSERT INTO titulares_unidad (id, comunidad_id, unidad_id, persona_id, tipo, desde, porcentaje) VALUES (57, 2, 43, 84, 'propietario', '2025-06-16', 100.00);
INSERT INTO titulares_unidad (id, comunidad_id, unidad_id, persona_id, tipo, desde, porcentaje) VALUES (58, 4, 30, 175, 'propietario', '2024-07-29', 100.00);
INSERT INTO titulares_unidad (id, comunidad_id, unidad_id, persona_id, tipo, desde, porcentaje) VALUES (59, 5, 126, 24, 'propietario', '2025-06-06', 100.00);
INSERT INTO titulares_unidad (id, comunidad_id, unidad_id, persona_id, tipo, desde, porcentaje) VALUES (60, 4, 15, 117, 'propietario', '2024-05-15', 100.00);
INSERT INTO titulares_unidad (id, comunidad_id, unidad_id, persona_id, tipo, desde, porcentaje) VALUES (61, 5, 107, 117, 'propietario', '2025-07-31', 100.00);
INSERT INTO titulares_unidad (id, comunidad_id, unidad_id, persona_id, tipo, desde, porcentaje) VALUES (62, 1, 144, 119, 'propietario', '2024-11-11', 100.00);
INSERT INTO titulares_unidad (id, comunidad_id, unidad_id, persona_id, tipo, desde, porcentaje) VALUES (63, 1, 102, 66, 'propietario', '2024-01-04', 100.00);
INSERT INTO titulares_unidad (id, comunidad_id, unidad_id, persona_id, tipo, desde, porcentaje) VALUES (64, 2, 149, 19, 'propietario', '2024-02-16', 100.00);
INSERT INTO titulares_unidad (id, comunidad_id, unidad_id, persona_id, tipo, desde, porcentaje) VALUES (65, 4, 89, 180, 'propietario', '2024-03-06', 100.00);
INSERT INTO titulares_unidad (id, comunidad_id, unidad_id, persona_id, tipo, desde, porcentaje) VALUES (66, 5, 16, 18, 'propietario', '2025-04-28', 100.00);
INSERT INTO titulares_unidad (id, comunidad_id, unidad_id, persona_id, tipo, desde, porcentaje) VALUES (67, 1, 74, 105, 'propietario', '2024-07-03', 100.00);
INSERT INTO titulares_unidad (id, comunidad_id, unidad_id, persona_id, tipo, desde, porcentaje) VALUES (68, 2, 197, 165, 'propietario', '2025-03-06', 100.00);
INSERT INTO titulares_unidad (id, comunidad_id, unidad_id, persona_id, tipo, desde, porcentaje) VALUES (69, 3, 98, 115, 'propietario', '2025-01-21', 100.00);
INSERT INTO titulares_unidad (id, comunidad_id, unidad_id, persona_id, tipo, desde, porcentaje) VALUES (70, 4, 21, 175, 'propietario', '2025-07-06', 100.00);
INSERT INTO titulares_unidad (id, comunidad_id, unidad_id, persona_id, tipo, desde, porcentaje) VALUES (71, 2, 168, 90, 'propietario', '2024-05-01', 100.00);
INSERT INTO titulares_unidad (id, comunidad_id, unidad_id, persona_id, tipo, desde, porcentaje) VALUES (72, 2, 138, 101, 'propietario', '2025-06-25', 100.00);
INSERT INTO titulares_unidad (id, comunidad_id, unidad_id, persona_id, tipo, desde, porcentaje) VALUES (73, 2, 187, 58, 'propietario', '2024-01-04', 100.00);
INSERT INTO titulares_unidad (id, comunidad_id, unidad_id, persona_id, tipo, desde, porcentaje) VALUES (74, 1, 77, 119, 'propietario', '2025-07-11', 100.00);
INSERT INTO titulares_unidad (id, comunidad_id, unidad_id, persona_id, tipo, desde, porcentaje) VALUES (75, 4, 137, 98, 'propietario', '2024-08-23', 100.00);
INSERT INTO titulares_unidad (id, comunidad_id, unidad_id, persona_id, tipo, desde, porcentaje) VALUES (76, 2, 118, 89, 'propietario', '2024-06-07', 100.00);
INSERT INTO titulares_unidad (id, comunidad_id, unidad_id, persona_id, tipo, desde, porcentaje) VALUES (77, 3, 49, 186, 'propietario', '2024-04-25', 100.00);
INSERT INTO titulares_unidad (id, comunidad_id, unidad_id, persona_id, tipo, desde, porcentaje) VALUES (78, 1, 170, 108, 'propietario', '2024-01-17', 100.00);
INSERT INTO titulares_unidad (id, comunidad_id, unidad_id, persona_id, tipo, desde, porcentaje) VALUES (79, 2, 53, 18, 'propietario', '2024-04-13', 100.00);
INSERT INTO titulares_unidad (id, comunidad_id, unidad_id, persona_id, tipo, desde, porcentaje) VALUES (80, 5, 9, 115, 'propietario', '2024-02-19', 100.00);
INSERT INTO titulares_unidad (id, comunidad_id, unidad_id, persona_id, tipo, desde, porcentaje) VALUES (81, 2, 190, 12, 'propietario', '2025-02-15', 100.00);
INSERT INTO titulares_unidad (id, comunidad_id, unidad_id, persona_id, tipo, desde, porcentaje) VALUES (82, 4, 60, 139, 'propietario', '2024-08-10', 100.00);
INSERT INTO titulares_unidad (id, comunidad_id, unidad_id, persona_id, tipo, desde, porcentaje) VALUES (83, 1, 36, 129, 'propietario', '2024-10-23', 100.00);
INSERT INTO titulares_unidad (id, comunidad_id, unidad_id, persona_id, tipo, desde, porcentaje) VALUES (84, 2, 188, 148, 'propietario', '2024-11-22', 100.00);
INSERT INTO titulares_unidad (id, comunidad_id, unidad_id, persona_id, tipo, desde, porcentaje) VALUES (85, 5, 154, 198, 'propietario', '2024-11-24', 100.00);
INSERT INTO titulares_unidad (id, comunidad_id, unidad_id, persona_id, tipo, desde, porcentaje) VALUES (86, 2, 78, 37, 'propietario', '2025-06-17', 100.00);
INSERT INTO titulares_unidad (id, comunidad_id, unidad_id, persona_id, tipo, desde, porcentaje) VALUES (87, 2, 106, 77, 'propietario', '2024-10-08', 100.00);
INSERT INTO titulares_unidad (id, comunidad_id, unidad_id, persona_id, tipo, desde, porcentaje) VALUES (88, 1, 143, 152, 'propietario', '2024-06-28', 100.00);
INSERT INTO titulares_unidad (id, comunidad_id, unidad_id, persona_id, tipo, desde, porcentaje) VALUES (89, 4, 143, 127, 'propietario', '2024-02-18', 100.00);
INSERT INTO titulares_unidad (id, comunidad_id, unidad_id, persona_id, tipo, desde, porcentaje) VALUES (90, 3, 165, 172, 'propietario', '2025-01-25', 100.00);
INSERT INTO titulares_unidad (id, comunidad_id, unidad_id, persona_id, tipo, desde, porcentaje) VALUES (91, 5, 82, 179, 'propietario', '2025-03-02', 100.00);
INSERT INTO titulares_unidad (id, comunidad_id, unidad_id, persona_id, tipo, desde, porcentaje) VALUES (92, 4, 39, 77, 'propietario', '2025-01-20', 100.00);
INSERT INTO titulares_unidad (id, comunidad_id, unidad_id, persona_id, tipo, desde, porcentaje) VALUES (93, 2, 194, 138, 'propietario', '2025-04-29', 100.00);
INSERT INTO titulares_unidad (id, comunidad_id, unidad_id, persona_id, tipo, desde, porcentaje) VALUES (94, 2, 58, 77, 'propietario', '2024-05-27', 100.00);
INSERT INTO titulares_unidad (id, comunidad_id, unidad_id, persona_id, tipo, desde, porcentaje) VALUES (95, 4, 15, 144, 'propietario', '2025-02-26', 100.00);
INSERT INTO titulares_unidad (id, comunidad_id, unidad_id, persona_id, tipo, desde, porcentaje) VALUES (96, 4, 143, 136, 'propietario', '2024-05-17', 100.00);
INSERT INTO titulares_unidad (id, comunidad_id, unidad_id, persona_id, tipo, desde, porcentaje) VALUES (97, 4, 63, 66, 'propietario', '2024-07-27', 100.00);
INSERT INTO titulares_unidad (id, comunidad_id, unidad_id, persona_id, tipo, desde, porcentaje) VALUES (98, 3, 166, 21, 'propietario', '2025-04-05', 100.00);
INSERT INTO titulares_unidad (id, comunidad_id, unidad_id, persona_id, tipo, desde, porcentaje) VALUES (99, 3, 24, 138, 'propietario', '2024-07-14', 100.00);
INSERT INTO titulares_unidad (id, comunidad_id, unidad_id, persona_id, tipo, desde, porcentaje) VALUES (100, 1, 69, 97, 'propietario', '2024-02-10', 100.00);
INSERT INTO titulares_unidad (id, comunidad_id, unidad_id, persona_id, tipo, desde, porcentaje) VALUES (101, 1, 49, 195, 'propietario', '2025-07-26', 100.00);
INSERT INTO titulares_unidad (id, comunidad_id, unidad_id, persona_id, tipo, desde, porcentaje) VALUES (102, 2, 123, 54, 'propietario', '2024-12-06', 100.00);
INSERT INTO titulares_unidad (id, comunidad_id, unidad_id, persona_id, tipo, desde, porcentaje) VALUES (103, 3, 4, 55, 'propietario', '2024-07-13', 100.00);
INSERT INTO titulares_unidad (id, comunidad_id, unidad_id, persona_id, tipo, desde, porcentaje) VALUES (104, 1, 192, 194, 'propietario', '2025-05-05', 100.00);
INSERT INTO titulares_unidad (id, comunidad_id, unidad_id, persona_id, tipo, desde, porcentaje) VALUES (105, 2, 179, 155, 'propietario', '2024-07-28', 100.00);
INSERT INTO titulares_unidad (id, comunidad_id, unidad_id, persona_id, tipo, desde, porcentaje) VALUES (106, 4, 62, 142, 'propietario', '2024-11-25', 100.00);
INSERT INTO titulares_unidad (id, comunidad_id, unidad_id, persona_id, tipo, desde, porcentaje) VALUES (107, 3, 98, 120, 'propietario', '2025-06-30', 100.00);
INSERT INTO titulares_unidad (id, comunidad_id, unidad_id, persona_id, tipo, desde, porcentaje) VALUES (108, 3, 79, 67, 'propietario', '2025-01-03', 100.00);
INSERT INTO titulares_unidad (id, comunidad_id, unidad_id, persona_id, tipo, desde, porcentaje) VALUES (109, 5, 128, 120, 'propietario', '2024-04-10', 100.00);
INSERT INTO titulares_unidad (id, comunidad_id, unidad_id, persona_id, tipo, desde, porcentaje) VALUES (110, 4, 195, 82, 'propietario', '2024-07-27', 100.00);
INSERT INTO titulares_unidad (id, comunidad_id, unidad_id, persona_id, tipo, desde, porcentaje) VALUES (111, 3, 81, 106, 'propietario', '2024-02-16', 100.00);
INSERT INTO titulares_unidad (id, comunidad_id, unidad_id, persona_id, tipo, desde, porcentaje) VALUES (112, 5, 57, 190, 'propietario', '2024-05-29', 100.00);
INSERT INTO titulares_unidad (id, comunidad_id, unidad_id, persona_id, tipo, desde, porcentaje) VALUES (113, 1, 67, 142, 'propietario', '2025-08-21', 100.00);
INSERT INTO titulares_unidad (id, comunidad_id, unidad_id, persona_id, tipo, desde, porcentaje) VALUES (114, 5, 185, 107, 'propietario', '2024-10-29', 100.00);
INSERT INTO titulares_unidad (id, comunidad_id, unidad_id, persona_id, tipo, desde, porcentaje) VALUES (115, 2, 51, 85, 'propietario', '2024-08-23', 100.00);
INSERT INTO titulares_unidad (id, comunidad_id, unidad_id, persona_id, tipo, desde, porcentaje) VALUES (116, 4, 146, 63, 'propietario', '2025-05-26', 100.00);
INSERT INTO titulares_unidad (id, comunidad_id, unidad_id, persona_id, tipo, desde, porcentaje) VALUES (117, 5, 168, 176, 'propietario', '2024-12-11', 100.00);
INSERT INTO titulares_unidad (id, comunidad_id, unidad_id, persona_id, tipo, desde, porcentaje) VALUES (118, 3, 196, 126, 'propietario', '2025-05-17', 100.00);
INSERT INTO titulares_unidad (id, comunidad_id, unidad_id, persona_id, tipo, desde, porcentaje) VALUES (119, 4, 44, 188, 'propietario', '2024-12-26', 100.00);
INSERT INTO titulares_unidad (id, comunidad_id, unidad_id, persona_id, tipo, desde, porcentaje) VALUES (120, 2, 36, 185, 'propietario', '2025-07-13', 100.00);
INSERT INTO titulares_unidad (id, comunidad_id, unidad_id, persona_id, tipo, desde, porcentaje) VALUES (121, 4, 48, 139, 'propietario', '2024-03-01', 100.00);
INSERT INTO titulares_unidad (id, comunidad_id, unidad_id, persona_id, tipo, desde, porcentaje) VALUES (122, 5, 9, 20, 'propietario', '2024-02-19', 100.00);
INSERT INTO titulares_unidad (id, comunidad_id, unidad_id, persona_id, tipo, desde, porcentaje) VALUES (123, 1, 106, 36, 'propietario', '2024-08-24', 100.00);
INSERT INTO titulares_unidad (id, comunidad_id, unidad_id, persona_id, tipo, desde, porcentaje) VALUES (124, 1, 182, 39, 'propietario', '2024-01-10', 100.00);
INSERT INTO titulares_unidad (id, comunidad_id, unidad_id, persona_id, tipo, desde, porcentaje) VALUES (125, 2, 130, 117, 'propietario', '2025-01-17', 100.00);
INSERT INTO titulares_unidad (id, comunidad_id, unidad_id, persona_id, tipo, desde, porcentaje) VALUES (126, 1, 159, 164, 'propietario', '2025-05-09', 100.00);
INSERT INTO titulares_unidad (id, comunidad_id, unidad_id, persona_id, tipo, desde, porcentaje) VALUES (127, 4, 5, 2, 'propietario', '2025-06-28', 100.00);
INSERT INTO titulares_unidad (id, comunidad_id, unidad_id, persona_id, tipo, desde, porcentaje) VALUES (128, 5, 106, 4, 'propietario', '2024-01-18', 100.00);
INSERT INTO titulares_unidad (id, comunidad_id, unidad_id, persona_id, tipo, desde, porcentaje) VALUES (129, 5, 185, 71, 'propietario', '2025-07-02', 100.00);
INSERT INTO titulares_unidad (id, comunidad_id, unidad_id, persona_id, tipo, desde, porcentaje) VALUES (130, 3, 5, 129, 'propietario', '2025-03-16', 100.00);
INSERT INTO titulares_unidad (id, comunidad_id, unidad_id, persona_id, tipo, desde, porcentaje) VALUES (131, 2, 28, 25, 'propietario', '2025-06-20', 100.00);
INSERT INTO titulares_unidad (id, comunidad_id, unidad_id, persona_id, tipo, desde, porcentaje) VALUES (132, 2, 62, 50, 'propietario', '2025-06-23', 100.00);
INSERT INTO titulares_unidad (id, comunidad_id, unidad_id, persona_id, tipo, desde, porcentaje) VALUES (133, 3, 91, 69, 'propietario', '2025-02-10', 100.00);
INSERT INTO titulares_unidad (id, comunidad_id, unidad_id, persona_id, tipo, desde, porcentaje) VALUES (134, 1, 96, 104, 'propietario', '2025-04-15', 100.00);
INSERT INTO titulares_unidad (id, comunidad_id, unidad_id, persona_id, tipo, desde, porcentaje) VALUES (135, 5, 63, 179, 'propietario', '2024-08-19', 100.00);
INSERT INTO titulares_unidad (id, comunidad_id, unidad_id, persona_id, tipo, desde, porcentaje) VALUES (136, 3, 176, 21, 'propietario', '2024-02-02', 100.00);
INSERT INTO titulares_unidad (id, comunidad_id, unidad_id, persona_id, tipo, desde, porcentaje) VALUES (137, 1, 104, 98, 'propietario', '2025-01-21', 100.00);
INSERT INTO titulares_unidad (id, comunidad_id, unidad_id, persona_id, tipo, desde, porcentaje) VALUES (138, 5, 122, 15, 'propietario', '2024-01-10', 100.00);
INSERT INTO titulares_unidad (id, comunidad_id, unidad_id, persona_id, tipo, desde, porcentaje) VALUES (139, 2, 22, 128, 'propietario', '2025-03-20', 100.00);
INSERT INTO titulares_unidad (id, comunidad_id, unidad_id, persona_id, tipo, desde, porcentaje) VALUES (140, 3, 145, 25, 'propietario', '2025-06-24', 100.00);
INSERT INTO titulares_unidad (id, comunidad_id, unidad_id, persona_id, tipo, desde, porcentaje) VALUES (141, 1, 59, 55, 'propietario', '2025-08-03', 100.00);
INSERT INTO titulares_unidad (id, comunidad_id, unidad_id, persona_id, tipo, desde, porcentaje) VALUES (142, 4, 70, 12, 'propietario', '2024-03-17', 100.00);
INSERT INTO titulares_unidad (id, comunidad_id, unidad_id, persona_id, tipo, desde, porcentaje) VALUES (143, 3, 140, 145, 'propietario', '2024-02-03', 100.00);
INSERT INTO titulares_unidad (id, comunidad_id, unidad_id, persona_id, tipo, desde, porcentaje) VALUES (144, 2, 81, 5, 'propietario', '2024-07-31', 100.00);
INSERT INTO titulares_unidad (id, comunidad_id, unidad_id, persona_id, tipo, desde, porcentaje) VALUES (145, 5, 37, 193, 'propietario', '2025-02-11', 100.00);
INSERT INTO titulares_unidad (id, comunidad_id, unidad_id, persona_id, tipo, desde, porcentaje) VALUES (146, 1, 77, 42, 'propietario', '2025-07-31', 100.00);
INSERT INTO titulares_unidad (id, comunidad_id, unidad_id, persona_id, tipo, desde, porcentaje) VALUES (147, 2, 146, 100, 'propietario', '2025-07-07', 100.00);
INSERT INTO titulares_unidad (id, comunidad_id, unidad_id, persona_id, tipo, desde, porcentaje) VALUES (148, 3, 99, 194, 'propietario', '2024-05-23', 100.00);
INSERT INTO titulares_unidad (id, comunidad_id, unidad_id, persona_id, tipo, desde, porcentaje) VALUES (149, 1, 129, 191, 'propietario', '2024-12-20', 100.00);
INSERT INTO titulares_unidad (id, comunidad_id, unidad_id, persona_id, tipo, desde, porcentaje) VALUES (150, 1, 26, 112, 'propietario', '2024-08-25', 100.00);
INSERT INTO titulares_unidad (id, comunidad_id, unidad_id, persona_id, tipo, desde, porcentaje) VALUES (151, 1, 88, 155, 'propietario', '2025-02-10', 100.00);
INSERT INTO titulares_unidad (id, comunidad_id, unidad_id, persona_id, tipo, desde, porcentaje) VALUES (152, 3, 8, 163, 'propietario', '2024-10-06', 100.00);
INSERT INTO titulares_unidad (id, comunidad_id, unidad_id, persona_id, tipo, desde, porcentaje) VALUES (153, 4, 126, 59, 'propietario', '2024-12-30', 100.00);
INSERT INTO titulares_unidad (id, comunidad_id, unidad_id, persona_id, tipo, desde, porcentaje) VALUES (154, 5, 97, 111, 'propietario', '2024-07-09', 100.00);
INSERT INTO titulares_unidad (id, comunidad_id, unidad_id, persona_id, tipo, desde, porcentaje) VALUES (155, 5, 170, 98, 'propietario', '2024-03-28', 100.00);
INSERT INTO titulares_unidad (id, comunidad_id, unidad_id, persona_id, tipo, desde, porcentaje) VALUES (156, 5, 76, 64, 'propietario', '2024-03-16', 100.00);
INSERT INTO titulares_unidad (id, comunidad_id, unidad_id, persona_id, tipo, desde, porcentaje) VALUES (157, 1, 69, 40, 'propietario', '2025-01-24', 100.00);
INSERT INTO titulares_unidad (id, comunidad_id, unidad_id, persona_id, tipo, desde, porcentaje) VALUES (158, 2, 190, 100, 'propietario', '2024-11-20', 100.00);
INSERT INTO titulares_unidad (id, comunidad_id, unidad_id, persona_id, tipo, desde, porcentaje) VALUES (159, 3, 28, 24, 'propietario', '2024-01-06', 100.00);
INSERT INTO titulares_unidad (id, comunidad_id, unidad_id, persona_id, tipo, desde, porcentaje) VALUES (160, 3, 114, 93, 'propietario', '2024-10-03', 100.00);
INSERT INTO titulares_unidad (id, comunidad_id, unidad_id, persona_id, tipo, desde, porcentaje) VALUES (161, 1, 34, 23, 'propietario', '2024-07-10', 100.00);
INSERT INTO titulares_unidad (id, comunidad_id, unidad_id, persona_id, tipo, desde, porcentaje) VALUES (162, 4, 115, 143, 'propietario', '2025-07-22', 100.00);
INSERT INTO titulares_unidad (id, comunidad_id, unidad_id, persona_id, tipo, desde, porcentaje) VALUES (163, 5, 105, 27, 'propietario', '2024-01-27', 100.00);
INSERT INTO titulares_unidad (id, comunidad_id, unidad_id, persona_id, tipo, desde, porcentaje) VALUES (164, 1, 91, 142, 'propietario', '2024-04-05', 100.00);
INSERT INTO titulares_unidad (id, comunidad_id, unidad_id, persona_id, tipo, desde, porcentaje) VALUES (165, 5, 154, 84, 'propietario', '2025-01-29', 100.00);
INSERT INTO titulares_unidad (id, comunidad_id, unidad_id, persona_id, tipo, desde, porcentaje) VALUES (166, 1, 75, 106, 'propietario', '2025-02-01', 100.00);
INSERT INTO titulares_unidad (id, comunidad_id, unidad_id, persona_id, tipo, desde, porcentaje) VALUES (167, 1, 186, 144, 'propietario', '2024-09-05', 100.00);
INSERT INTO titulares_unidad (id, comunidad_id, unidad_id, persona_id, tipo, desde, porcentaje) VALUES (168, 5, 134, 44, 'propietario', '2025-01-24', 100.00);
INSERT INTO titulares_unidad (id, comunidad_id, unidad_id, persona_id, tipo, desde, porcentaje) VALUES (169, 2, 36, 69, 'propietario', '2024-11-04', 100.00);
INSERT INTO titulares_unidad (id, comunidad_id, unidad_id, persona_id, tipo, desde, porcentaje) VALUES (170, 3, 127, 38, 'propietario', '2024-03-05', 100.00);
INSERT INTO titulares_unidad (id, comunidad_id, unidad_id, persona_id, tipo, desde, porcentaje) VALUES (171, 2, 112, 71, 'propietario', '2025-03-07', 100.00);
INSERT INTO titulares_unidad (id, comunidad_id, unidad_id, persona_id, tipo, desde, porcentaje) VALUES (172, 3, 124, 20, 'propietario', '2025-01-04', 100.00);
INSERT INTO titulares_unidad (id, comunidad_id, unidad_id, persona_id, tipo, desde, porcentaje) VALUES (173, 3, 64, 185, 'propietario', '2025-05-22', 100.00);
INSERT INTO titulares_unidad (id, comunidad_id, unidad_id, persona_id, tipo, desde, porcentaje) VALUES (174, 5, 158, 51, 'propietario', '2025-04-13', 100.00);
INSERT INTO titulares_unidad (id, comunidad_id, unidad_id, persona_id, tipo, desde, porcentaje) VALUES (175, 1, 35, 78, 'propietario', '2024-01-07', 100.00);
INSERT INTO titulares_unidad (id, comunidad_id, unidad_id, persona_id, tipo, desde, porcentaje) VALUES (176, 4, 86, 159, 'propietario', '2025-01-24', 100.00);
INSERT INTO titulares_unidad (id, comunidad_id, unidad_id, persona_id, tipo, desde, porcentaje) VALUES (177, 3, 113, 86, 'propietario', '2025-03-16', 100.00);
INSERT INTO titulares_unidad (id, comunidad_id, unidad_id, persona_id, tipo, desde, porcentaje) VALUES (178, 5, 35, 77, 'propietario', '2024-11-24', 100.00);
INSERT INTO titulares_unidad (id, comunidad_id, unidad_id, persona_id, tipo, desde, porcentaje) VALUES (179, 5, 178, 52, 'propietario', '2025-05-05', 100.00);
INSERT INTO titulares_unidad (id, comunidad_id, unidad_id, persona_id, tipo, desde, porcentaje) VALUES (180, 3, 46, 102, 'propietario', '2024-11-22', 100.00);
INSERT INTO titulares_unidad (id, comunidad_id, unidad_id, persona_id, tipo, desde, porcentaje) VALUES (181, 3, 189, 178, 'propietario', '2025-05-17', 100.00);
INSERT INTO titulares_unidad (id, comunidad_id, unidad_id, persona_id, tipo, desde, porcentaje) VALUES (182, 5, 63, 84, 'propietario', '2025-01-20', 100.00);
INSERT INTO titulares_unidad (id, comunidad_id, unidad_id, persona_id, tipo, desde, porcentaje) VALUES (183, 3, 101, 94, 'propietario', '2024-04-26', 100.00);
INSERT INTO titulares_unidad (id, comunidad_id, unidad_id, persona_id, tipo, desde, porcentaje) VALUES (184, 5, 52, 152, 'propietario', '2025-07-12', 100.00);
INSERT INTO titulares_unidad (id, comunidad_id, unidad_id, persona_id, tipo, desde, porcentaje) VALUES (185, 2, 175, 197, 'propietario', '2025-07-17', 100.00);
INSERT INTO titulares_unidad (id, comunidad_id, unidad_id, persona_id, tipo, desde, porcentaje) VALUES (186, 1, 187, 119, 'propietario', '2024-08-02', 100.00);
INSERT INTO titulares_unidad (id, comunidad_id, unidad_id, persona_id, tipo, desde, porcentaje) VALUES (187, 4, 75, 178, 'propietario', '2024-03-11', 100.00);
INSERT INTO titulares_unidad (id, comunidad_id, unidad_id, persona_id, tipo, desde, porcentaje) VALUES (188, 4, 173, 128, 'propietario', '2024-05-22', 100.00);
INSERT INTO titulares_unidad (id, comunidad_id, unidad_id, persona_id, tipo, desde, porcentaje) VALUES (189, 3, 62, 65, 'propietario', '2024-06-06', 100.00);
INSERT INTO titulares_unidad (id, comunidad_id, unidad_id, persona_id, tipo, desde, porcentaje) VALUES (190, 4, 97, 19, 'propietario', '2025-04-04', 100.00);
INSERT INTO titulares_unidad (id, comunidad_id, unidad_id, persona_id, tipo, desde, porcentaje) VALUES (191, 5, 123, 150, 'propietario', '2025-02-14', 100.00);
INSERT INTO titulares_unidad (id, comunidad_id, unidad_id, persona_id, tipo, desde, porcentaje) VALUES (192, 5, 130, 178, 'propietario', '2025-03-04', 100.00);
INSERT INTO titulares_unidad (id, comunidad_id, unidad_id, persona_id, tipo, desde, porcentaje) VALUES (193, 5, 10, 93, 'propietario', '2025-07-03', 100.00);
INSERT INTO titulares_unidad (id, comunidad_id, unidad_id, persona_id, tipo, desde, porcentaje) VALUES (194, 5, 164, 22, 'propietario', '2024-04-21', 100.00);
INSERT INTO titulares_unidad (id, comunidad_id, unidad_id, persona_id, tipo, desde, porcentaje) VALUES (195, 2, 169, 171, 'propietario', '2024-12-29', 100.00);
INSERT INTO titulares_unidad (id, comunidad_id, unidad_id, persona_id, tipo, desde, porcentaje) VALUES (196, 2, 166, 157, 'propietario', '2024-02-15', 100.00);
INSERT INTO titulares_unidad (id, comunidad_id, unidad_id, persona_id, tipo, desde, porcentaje) VALUES (197, 5, 166, 174, 'propietario', '2025-02-13', 100.00);
INSERT INTO titulares_unidad (id, comunidad_id, unidad_id, persona_id, tipo, desde, porcentaje) VALUES (198, 3, 111, 28, 'propietario', '2024-01-11', 100.00);
INSERT INTO titulares_unidad (id, comunidad_id, unidad_id, persona_id, tipo, desde, porcentaje) VALUES (199, 1, 67, 57, 'propietario', '2025-06-06', 100.00);
INSERT INTO titulares_unidad (id, comunidad_id, unidad_id, persona_id, tipo, desde, porcentaje) VALUES (200, 5, 143, 149, 'propietario', '2025-08-12', 100.00);
INSERT INTO titulares_unidad (id, comunidad_id, unidad_id, persona_id, tipo, desde, porcentaje) VALUES (201, 2, 115, 96, 'propietario', '2025-02-04', 100.00);
INSERT INTO titulares_unidad (id, comunidad_id, unidad_id, persona_id, tipo, desde, porcentaje) VALUES (202, 4, 198, 174, 'propietario', '2025-05-27', 100.00);
INSERT INTO titulares_unidad (id, comunidad_id, unidad_id, persona_id, tipo, desde, porcentaje) VALUES (203, 2, 89, 7, 'propietario', '2025-05-09', 100.00);
INSERT INTO titulares_unidad (id, comunidad_id, unidad_id, persona_id, tipo, desde, porcentaje) VALUES (204, 1, 76, 107, 'propietario', '2024-03-28', 100.00);
INSERT INTO titulares_unidad (id, comunidad_id, unidad_id, persona_id, tipo, desde, porcentaje) VALUES (205, 1, 187, 37, 'propietario', '2024-12-22', 100.00);
INSERT INTO titulares_unidad (id, comunidad_id, unidad_id, persona_id, tipo, desde, porcentaje) VALUES (206, 3, 88, 117, 'propietario', '2024-07-30', 100.00);
INSERT INTO titulares_unidad (id, comunidad_id, unidad_id, persona_id, tipo, desde, porcentaje) VALUES (207, 5, 124, 90, 'propietario', '2025-05-02', 100.00);
INSERT INTO titulares_unidad (id, comunidad_id, unidad_id, persona_id, tipo, desde, porcentaje) VALUES (208, 1, 113, 185, 'propietario', '2025-04-08', 100.00);
INSERT INTO titulares_unidad (id, comunidad_id, unidad_id, persona_id, tipo, desde, porcentaje) VALUES (209, 3, 18, 77, 'propietario', '2024-02-15', 100.00);
INSERT INTO titulares_unidad (id, comunidad_id, unidad_id, persona_id, tipo, desde, porcentaje) VALUES (210, 1, 6, 88, 'propietario', '2024-04-21', 100.00);
INSERT INTO titulares_unidad (id, comunidad_id, unidad_id, persona_id, tipo, desde, porcentaje) VALUES (211, 2, 190, 63, 'propietario', '2025-06-12', 100.00);
INSERT INTO titulares_unidad (id, comunidad_id, unidad_id, persona_id, tipo, desde, porcentaje) VALUES (212, 2, 142, 41, 'propietario', '2024-12-04', 100.00);
INSERT INTO titulares_unidad (id, comunidad_id, unidad_id, persona_id, tipo, desde, porcentaje) VALUES (213, 5, 110, 119, 'propietario', '2024-08-25', 100.00);
INSERT INTO titulares_unidad (id, comunidad_id, unidad_id, persona_id, tipo, desde, porcentaje) VALUES (214, 4, 162, 48, 'propietario', '2024-07-09', 100.00);
INSERT INTO titulares_unidad (id, comunidad_id, unidad_id, persona_id, tipo, desde, porcentaje) VALUES (215, 4, 102, 8, 'propietario', '2024-07-21', 100.00);
INSERT INTO titulares_unidad (id, comunidad_id, unidad_id, persona_id, tipo, desde, porcentaje) VALUES (216, 4, 152, 110, 'propietario', '2025-02-02', 100.00);
INSERT INTO titulares_unidad (id, comunidad_id, unidad_id, persona_id, tipo, desde, porcentaje) VALUES (217, 1, 181, 55, 'propietario', '2024-07-29', 100.00);
INSERT INTO titulares_unidad (id, comunidad_id, unidad_id, persona_id, tipo, desde, porcentaje) VALUES (218, 3, 193, 181, 'propietario', '2024-03-05', 100.00);
INSERT INTO titulares_unidad (id, comunidad_id, unidad_id, persona_id, tipo, desde, porcentaje) VALUES (219, 5, 27, 138, 'propietario', '2024-07-10', 100.00);
INSERT INTO titulares_unidad (id, comunidad_id, unidad_id, persona_id, tipo, desde, porcentaje) VALUES (220, 3, 84, 51, 'propietario', '2025-04-13', 100.00);

-- Medidores
INSERT INTO medidor (id, comunidad_id, unidad_id, tipo, codigo, es_compartido) VALUES (1, 1, 68, 'electricidad', 'M-0001', 0);
INSERT INTO medidor (id, comunidad_id, unidad_id, tipo, codigo, es_compartido) VALUES (2, 5, 164, 'electricidad', 'M-0002', 0);
INSERT INTO medidor (id, comunidad_id, unidad_id, tipo, codigo, es_compartido) VALUES (3, 5, 100, 'electricidad', 'M-0003', 0);
INSERT INTO medidor (id, comunidad_id, unidad_id, tipo, codigo, es_compartido) VALUES (4, 5, 30, 'electricidad', 'M-0004', 0);
INSERT INTO medidor (id, comunidad_id, unidad_id, tipo, codigo, es_compartido) VALUES (5, 3, 118, 'agua', 'M-0005', 0);
INSERT INTO medidor (id, comunidad_id, unidad_id, tipo, codigo, es_compartido) VALUES (6, 3, 158, 'agua', 'M-0006', 0);
INSERT INTO medidor (id, comunidad_id, unidad_id, tipo, codigo, es_compartido) VALUES (7, 2, 81, 'agua', 'M-0007', 0);
INSERT INTO medidor (id, comunidad_id, unidad_id, tipo, codigo, es_compartido) VALUES (8, 2, 79, 'agua', 'M-0008', 0);
INSERT INTO medidor (id, comunidad_id, unidad_id, tipo, codigo, es_compartido) VALUES (9, 2, 96, 'agua', 'M-0009', 0);
INSERT INTO medidor (id, comunidad_id, unidad_id, tipo, codigo, es_compartido) VALUES (10, 5, 100, 'electricidad', 'M-0010', 0);
INSERT INTO medidor (id, comunidad_id, unidad_id, tipo, codigo, es_compartido) VALUES (11, 5, 36, 'electricidad', 'M-0011', 0);
INSERT INTO medidor (id, comunidad_id, unidad_id, tipo, codigo, es_compartido) VALUES (12, 4, 48, 'electricidad', 'M-0012', 0);
INSERT INTO medidor (id, comunidad_id, unidad_id, tipo, codigo, es_compartido) VALUES (13, 5, 178, 'agua', 'M-0013', 0);
INSERT INTO medidor (id, comunidad_id, unidad_id, tipo, codigo, es_compartido) VALUES (14, 5, 43, 'electricidad', 'M-0014', 0);
INSERT INTO medidor (id, comunidad_id, unidad_id, tipo, codigo, es_compartido) VALUES (15, 3, 36, 'agua', 'M-0015', 0);
INSERT INTO medidor (id, comunidad_id, unidad_id, tipo, codigo, es_compartido) VALUES (16, 3, 116, 'agua', 'M-0016', 0);
INSERT INTO medidor (id, comunidad_id, unidad_id, tipo, codigo, es_compartido) VALUES (17, 3, 3, 'electricidad', 'M-0017', 0);
INSERT INTO medidor (id, comunidad_id, unidad_id, tipo, codigo, es_compartido) VALUES (18, 2, 50, 'electricidad', 'M-0018', 0);
INSERT INTO medidor (id, comunidad_id, unidad_id, tipo, codigo, es_compartido) VALUES (19, 5, 130, 'electricidad', 'M-0019', 0);
INSERT INTO medidor (id, comunidad_id, unidad_id, tipo, codigo, es_compartido) VALUES (20, 4, 176, 'electricidad', 'M-0020', 0);
INSERT INTO medidor (id, comunidad_id, unidad_id, tipo, codigo, es_compartido) VALUES (21, 4, 182, 'electricidad', 'M-0021', 0);
INSERT INTO medidor (id, comunidad_id, unidad_id, tipo, codigo, es_compartido) VALUES (22, 4, 43, 'agua', 'M-0022', 0);
INSERT INTO medidor (id, comunidad_id, unidad_id, tipo, codigo, es_compartido) VALUES (23, 5, 8, 'agua', 'M-0023', 0);
INSERT INTO medidor (id, comunidad_id, unidad_id, tipo, codigo, es_compartido) VALUES (24, 3, 9, 'electricidad', 'M-0024', 0);
INSERT INTO medidor (id, comunidad_id, unidad_id, tipo, codigo, es_compartido) VALUES (25, 2, 138, 'electricidad', 'M-0025', 0);
INSERT INTO medidor (id, comunidad_id, unidad_id, tipo, codigo, es_compartido) VALUES (26, 2, 200, 'electricidad', 'M-0026', 0);
INSERT INTO medidor (id, comunidad_id, unidad_id, tipo, codigo, es_compartido) VALUES (27, 5, 191, 'electricidad', 'M-0027', 0);
INSERT INTO medidor (id, comunidad_id, unidad_id, tipo, codigo, es_compartido) VALUES (28, 5, 131, 'agua', 'M-0028', 0);
INSERT INTO medidor (id, comunidad_id, unidad_id, tipo, codigo, es_compartido) VALUES (29, 5, 30, 'electricidad', 'M-0029', 0);
INSERT INTO medidor (id, comunidad_id, unidad_id, tipo, codigo, es_compartido) VALUES (30, 5, 94, 'agua', 'M-0030', 0);
INSERT INTO medidor (id, comunidad_id, unidad_id, tipo, codigo, es_compartido) VALUES (31, 4, 140, 'agua', 'M-0031', 0);
INSERT INTO medidor (id, comunidad_id, unidad_id, tipo, codigo, es_compartido) VALUES (32, 4, 27, 'agua', 'M-0032', 0);
INSERT INTO medidor (id, comunidad_id, unidad_id, tipo, codigo, es_compartido) VALUES (33, 3, 9, 'electricidad', 'M-0033', 0);
INSERT INTO medidor (id, comunidad_id, unidad_id, tipo, codigo, es_compartido) VALUES (34, 3, 90, 'agua', 'M-0034', 0);
INSERT INTO medidor (id, comunidad_id, unidad_id, tipo, codigo, es_compartido) VALUES (35, 4, 31, 'agua', 'M-0035', 0);
INSERT INTO medidor (id, comunidad_id, unidad_id, tipo, codigo, es_compartido) VALUES (36, 2, 189, 'electricidad', 'M-0036', 0);
INSERT INTO medidor (id, comunidad_id, unidad_id, tipo, codigo, es_compartido) VALUES (37, 5, 162, 'electricidad', 'M-0037', 0);
INSERT INTO medidor (id, comunidad_id, unidad_id, tipo, codigo, es_compartido) VALUES (38, 2, 158, 'agua', 'M-0038', 0);
INSERT INTO medidor (id, comunidad_id, unidad_id, tipo, codigo, es_compartido) VALUES (39, 2, 53, 'agua', 'M-0039', 0);
INSERT INTO medidor (id, comunidad_id, unidad_id, tipo, codigo, es_compartido) VALUES (40, 5, 90, 'electricidad', 'M-0040', 0);
INSERT INTO medidor (id, comunidad_id, unidad_id, tipo, codigo, es_compartido) VALUES (41, 5, 138, 'agua', 'M-0041', 0);
INSERT INTO medidor (id, comunidad_id, unidad_id, tipo, codigo, es_compartido) VALUES (42, 3, 181, 'electricidad', 'M-0042', 0);
INSERT INTO medidor (id, comunidad_id, unidad_id, tipo, codigo, es_compartido) VALUES (43, 3, 147, 'electricidad', 'M-0043', 0);
INSERT INTO medidor (id, comunidad_id, unidad_id, tipo, codigo, es_compartido) VALUES (44, 5, 174, 'agua', 'M-0044', 0);
INSERT INTO medidor (id, comunidad_id, unidad_id, tipo, codigo, es_compartido) VALUES (45, 2, 193, 'electricidad', 'M-0045', 0);
INSERT INTO medidor (id, comunidad_id, unidad_id, tipo, codigo, es_compartido) VALUES (46, 1, 71, 'agua', 'M-0046', 0);
INSERT INTO medidor (id, comunidad_id, unidad_id, tipo, codigo, es_compartido) VALUES (47, 2, 64, 'agua', 'M-0047', 0);
INSERT INTO medidor (id, comunidad_id, unidad_id, tipo, codigo, es_compartido) VALUES (48, 3, 64, 'electricidad', 'M-0048', 0);
INSERT INTO medidor (id, comunidad_id, unidad_id, tipo, codigo, es_compartido) VALUES (49, 4, 37, 'electricidad', 'M-0049', 0);
INSERT INTO medidor (id, comunidad_id, unidad_id, tipo, codigo, es_compartido) VALUES (50, 4, 97, 'electricidad', 'M-0050', 0);
INSERT INTO medidor (id, comunidad_id, unidad_id, tipo, codigo, es_compartido) VALUES (51, 1, 163, 'agua', 'M-0051', 0);
INSERT INTO medidor (id, comunidad_id, unidad_id, tipo, codigo, es_compartido) VALUES (52, 4, 132, 'electricidad', 'M-0052', 0);
INSERT INTO medidor (id, comunidad_id, unidad_id, tipo, codigo, es_compartido) VALUES (53, 3, 117, 'electricidad', 'M-0053', 0);
INSERT INTO medidor (id, comunidad_id, unidad_id, tipo, codigo, es_compartido) VALUES (54, 3, 149, 'agua', 'M-0054', 0);
INSERT INTO medidor (id, comunidad_id, unidad_id, tipo, codigo, es_compartido) VALUES (55, 1, 188, 'electricidad', 'M-0055', 0);
INSERT INTO medidor (id, comunidad_id, unidad_id, tipo, codigo, es_compartido) VALUES (56, 3, 17, 'electricidad', 'M-0056', 0);
INSERT INTO medidor (id, comunidad_id, unidad_id, tipo, codigo, es_compartido) VALUES (57, 2, 110, 'agua', 'M-0057', 0);
INSERT INTO medidor (id, comunidad_id, unidad_id, tipo, codigo, es_compartido) VALUES (58, 4, 69, 'electricidad', 'M-0058', 0);
INSERT INTO medidor (id, comunidad_id, unidad_id, tipo, codigo, es_compartido) VALUES (59, 3, 87, 'agua', 'M-0059', 0);
INSERT INTO medidor (id, comunidad_id, unidad_id, tipo, codigo, es_compartido) VALUES (60, 5, 125, 'electricidad', 'M-0060', 0);
INSERT INTO medidor (id, comunidad_id, unidad_id, tipo, codigo, es_compartido) VALUES (61, 1, 12, 'agua', 'M-0061', 0);
INSERT INTO medidor (id, comunidad_id, unidad_id, tipo, codigo, es_compartido) VALUES (62, 4, 5, 'agua', 'M-0062', 0);
INSERT INTO medidor (id, comunidad_id, unidad_id, tipo, codigo, es_compartido) VALUES (63, 2, 113, 'electricidad', 'M-0063', 0);
INSERT INTO medidor (id, comunidad_id, unidad_id, tipo, codigo, es_compartido) VALUES (64, 1, 110, 'agua', 'M-0064', 0);
INSERT INTO medidor (id, comunidad_id, unidad_id, tipo, codigo, es_compartido) VALUES (65, 2, 167, 'electricidad', 'M-0065', 0);
INSERT INTO medidor (id, comunidad_id, unidad_id, tipo, codigo, es_compartido) VALUES (66, 2, 71, 'agua', 'M-0066', 0);
INSERT INTO medidor (id, comunidad_id, unidad_id, tipo, codigo, es_compartido) VALUES (67, 3, 65, 'agua', 'M-0067', 0);
INSERT INTO medidor (id, comunidad_id, unidad_id, tipo, codigo, es_compartido) VALUES (68, 3, 171, 'agua', 'M-0068', 0);
INSERT INTO medidor (id, comunidad_id, unidad_id, tipo, codigo, es_compartido) VALUES (69, 1, 102, 'electricidad', 'M-0069', 0);
INSERT INTO medidor (id, comunidad_id, unidad_id, tipo, codigo, es_compartido) VALUES (70, 2, 110, 'agua', 'M-0070', 0);
INSERT INTO medidor (id, comunidad_id, unidad_id, tipo, codigo, es_compartido) VALUES (71, 1, 1, 'agua', 'M-0071', 0);
INSERT INTO medidor (id, comunidad_id, unidad_id, tipo, codigo, es_compartido) VALUES (72, 4, 20, 'agua', 'M-0072', 0);
INSERT INTO medidor (id, comunidad_id, unidad_id, tipo, codigo, es_compartido) VALUES (73, 5, 58, 'electricidad', 'M-0073', 0);
INSERT INTO medidor (id, comunidad_id, unidad_id, tipo, codigo, es_compartido) VALUES (74, 1, 3, 'electricidad', 'M-0074', 0);
INSERT INTO medidor (id, comunidad_id, unidad_id, tipo, codigo, es_compartido) VALUES (75, 1, 109, 'agua', 'M-0075', 0);
INSERT INTO medidor (id, comunidad_id, unidad_id, tipo, codigo, es_compartido) VALUES (76, 4, 19, 'agua', 'M-0076', 0);
INSERT INTO medidor (id, comunidad_id, unidad_id, tipo, codigo, es_compartido) VALUES (77, 4, 23, 'agua', 'M-0077', 0);
INSERT INTO medidor (id, comunidad_id, unidad_id, tipo, codigo, es_compartido) VALUES (78, 1, 81, 'electricidad', 'M-0078', 0);
INSERT INTO medidor (id, comunidad_id, unidad_id, tipo, codigo, es_compartido) VALUES (79, 3, 36, 'electricidad', 'M-0079', 0);
INSERT INTO medidor (id, comunidad_id, unidad_id, tipo, codigo, es_compartido) VALUES (80, 2, 165, 'agua', 'M-0080', 0);
INSERT INTO medidor (id, comunidad_id, unidad_id, tipo, codigo, es_compartido) VALUES (81, 1, 136, 'agua', 'M-0081', 0);
INSERT INTO medidor (id, comunidad_id, unidad_id, tipo, codigo, es_compartido) VALUES (82, 5, 167, 'agua', 'M-0082', 0);
INSERT INTO medidor (id, comunidad_id, unidad_id, tipo, codigo, es_compartido) VALUES (83, 4, 90, 'agua', 'M-0083', 0);
INSERT INTO medidor (id, comunidad_id, unidad_id, tipo, codigo, es_compartido) VALUES (84, 2, 106, 'electricidad', 'M-0084', 0);
INSERT INTO medidor (id, comunidad_id, unidad_id, tipo, codigo, es_compartido) VALUES (85, 2, 23, 'agua', 'M-0085', 0);
INSERT INTO medidor (id, comunidad_id, unidad_id, tipo, codigo, es_compartido) VALUES (86, 2, 193, 'agua', 'M-0086', 0);
INSERT INTO medidor (id, comunidad_id, unidad_id, tipo, codigo, es_compartido) VALUES (87, 5, 187, 'electricidad', 'M-0087', 0);
INSERT INTO medidor (id, comunidad_id, unidad_id, tipo, codigo, es_compartido) VALUES (88, 3, 110, 'electricidad', 'M-0088', 0);
INSERT INTO medidor (id, comunidad_id, unidad_id, tipo, codigo, es_compartido) VALUES (89, 2, 64, 'electricidad', 'M-0089', 0);
INSERT INTO medidor (id, comunidad_id, unidad_id, tipo, codigo, es_compartido) VALUES (90, 1, 64, 'electricidad', 'M-0090', 0);
INSERT INTO medidor (id, comunidad_id, unidad_id, tipo, codigo, es_compartido) VALUES (91, 1, 169, 'electricidad', 'M-0091', 0);
INSERT INTO medidor (id, comunidad_id, unidad_id, tipo, codigo, es_compartido) VALUES (92, 2, 133, 'agua', 'M-0092', 0);
INSERT INTO medidor (id, comunidad_id, unidad_id, tipo, codigo, es_compartido) VALUES (93, 4, 76, 'agua', 'M-0093', 0);
INSERT INTO medidor (id, comunidad_id, unidad_id, tipo, codigo, es_compartido) VALUES (94, 2, 127, 'electricidad', 'M-0094', 0);
INSERT INTO medidor (id, comunidad_id, unidad_id, tipo, codigo, es_compartido) VALUES (95, 1, 62, 'electricidad', 'M-0095', 0);
INSERT INTO medidor (id, comunidad_id, unidad_id, tipo, codigo, es_compartido) VALUES (96, 5, 19, 'agua', 'M-0096', 0);
INSERT INTO medidor (id, comunidad_id, unidad_id, tipo, codigo, es_compartido) VALUES (97, 3, 82, 'agua', 'M-0097', 0);
INSERT INTO medidor (id, comunidad_id, unidad_id, tipo, codigo, es_compartido) VALUES (98, 4, 146, 'electricidad', 'M-0098', 0);
INSERT INTO medidor (id, comunidad_id, unidad_id, tipo, codigo, es_compartido) VALUES (99, 3, 140, 'agua', 'M-0099', 0);
INSERT INTO medidor (id, comunidad_id, unidad_id, tipo, codigo, es_compartido) VALUES (100, 4, 198, 'agua', 'M-0100', 0);
INSERT INTO medidor (id, comunidad_id, unidad_id, tipo, codigo, es_compartido) VALUES (101, 1, 151, 'agua', 'M-0101', 0);
INSERT INTO medidor (id, comunidad_id, unidad_id, tipo, codigo, es_compartido) VALUES (102, 1, 68, 'agua', 'M-0102', 0);
INSERT INTO medidor (id, comunidad_id, unidad_id, tipo, codigo, es_compartido) VALUES (103, 1, 16, 'electricidad', 'M-0103', 0);
INSERT INTO medidor (id, comunidad_id, unidad_id, tipo, codigo, es_compartido) VALUES (104, 5, 74, 'electricidad', 'M-0104', 0);
INSERT INTO medidor (id, comunidad_id, unidad_id, tipo, codigo, es_compartido) VALUES (105, 4, 180, 'electricidad', 'M-0105', 0);
INSERT INTO medidor (id, comunidad_id, unidad_id, tipo, codigo, es_compartido) VALUES (106, 1, 164, 'agua', 'M-0106', 0);
INSERT INTO medidor (id, comunidad_id, unidad_id, tipo, codigo, es_compartido) VALUES (107, 3, 22, 'electricidad', 'M-0107', 0);
INSERT INTO medidor (id, comunidad_id, unidad_id, tipo, codigo, es_compartido) VALUES (108, 1, 131, 'agua', 'M-0108', 0);
INSERT INTO medidor (id, comunidad_id, unidad_id, tipo, codigo, es_compartido) VALUES (109, 2, 138, 'electricidad', 'M-0109', 0);
INSERT INTO medidor (id, comunidad_id, unidad_id, tipo, codigo, es_compartido) VALUES (110, 4, 151, 'agua', 'M-0110', 0);
INSERT INTO medidor (id, comunidad_id, unidad_id, tipo, codigo, es_compartido) VALUES (111, 3, 179, 'electricidad', 'M-0111', 0);
INSERT INTO medidor (id, comunidad_id, unidad_id, tipo, codigo, es_compartido) VALUES (112, 2, 15, 'agua', 'M-0112', 0);
INSERT INTO medidor (id, comunidad_id, unidad_id, tipo, codigo, es_compartido) VALUES (113, 1, 112, 'agua', 'M-0113', 0);
INSERT INTO medidor (id, comunidad_id, unidad_id, tipo, codigo, es_compartido) VALUES (114, 4, 157, 'agua', 'M-0114', 0);
INSERT INTO medidor (id, comunidad_id, unidad_id, tipo, codigo, es_compartido) VALUES (115, 3, 171, 'agua', 'M-0115', 0);
INSERT INTO medidor (id, comunidad_id, unidad_id, tipo, codigo, es_compartido) VALUES (116, 1, 4, 'agua', 'M-0116', 0);
INSERT INTO medidor (id, comunidad_id, unidad_id, tipo, codigo, es_compartido) VALUES (117, 1, 42, 'electricidad', 'M-0117', 0);
INSERT INTO medidor (id, comunidad_id, unidad_id, tipo, codigo, es_compartido) VALUES (118, 3, 134, 'electricidad', 'M-0118', 0);
INSERT INTO medidor (id, comunidad_id, unidad_id, tipo, codigo, es_compartido) VALUES (119, 2, 96, 'agua', 'M-0119', 0);
INSERT INTO medidor (id, comunidad_id, unidad_id, tipo, codigo, es_compartido) VALUES (120, 3, 188, 'agua', 'M-0120', 0);
INSERT INTO medidor (id, comunidad_id, unidad_id, tipo, codigo, es_compartido) VALUES (121, 1, 86, 'electricidad', 'M-0121', 0);
INSERT INTO medidor (id, comunidad_id, unidad_id, tipo, codigo, es_compartido) VALUES (122, 3, 135, 'agua', 'M-0122', 0);
INSERT INTO medidor (id, comunidad_id, unidad_id, tipo, codigo, es_compartido) VALUES (123, 3, 183, 'agua', 'M-0123', 0);
INSERT INTO medidor (id, comunidad_id, unidad_id, tipo, codigo, es_compartido) VALUES (124, 4, 117, 'electricidad', 'M-0124', 0);
INSERT INTO medidor (id, comunidad_id, unidad_id, tipo, codigo, es_compartido) VALUES (125, 1, 128, 'agua', 'M-0125', 0);
INSERT INTO medidor (id, comunidad_id, unidad_id, tipo, codigo, es_compartido) VALUES (126, 3, 41, 'electricidad', 'M-0126', 0);
INSERT INTO medidor (id, comunidad_id, unidad_id, tipo, codigo, es_compartido) VALUES (127, 1, 147, 'agua', 'M-0127', 0);
INSERT INTO medidor (id, comunidad_id, unidad_id, tipo, codigo, es_compartido) VALUES (128, 2, 190, 'agua', 'M-0128', 0);
INSERT INTO medidor (id, comunidad_id, unidad_id, tipo, codigo, es_compartido) VALUES (129, 1, 4, 'agua', 'M-0129', 0);
INSERT INTO medidor (id, comunidad_id, unidad_id, tipo, codigo, es_compartido) VALUES (130, 1, 121, 'electricidad', 'M-0130', 0);
INSERT INTO medidor (id, comunidad_id, unidad_id, tipo, codigo, es_compartido) VALUES (131, 4, 39, 'agua', 'M-0131', 0);
INSERT INTO medidor (id, comunidad_id, unidad_id, tipo, codigo, es_compartido) VALUES (132, 1, 142, 'electricidad', 'M-0132', 0);
INSERT INTO medidor (id, comunidad_id, unidad_id, tipo, codigo, es_compartido) VALUES (133, 2, 83, 'agua', 'M-0133', 0);
INSERT INTO medidor (id, comunidad_id, unidad_id, tipo, codigo, es_compartido) VALUES (134, 4, 185, 'electricidad', 'M-0134', 0);
INSERT INTO medidor (id, comunidad_id, unidad_id, tipo, codigo, es_compartido) VALUES (135, 3, 20, 'electricidad', 'M-0135', 0);
INSERT INTO medidor (id, comunidad_id, unidad_id, tipo, codigo, es_compartido) VALUES (136, 1, 129, 'agua', 'M-0136', 0);
INSERT INTO medidor (id, comunidad_id, unidad_id, tipo, codigo, es_compartido) VALUES (137, 2, 58, 'agua', 'M-0137', 0);
INSERT INTO medidor (id, comunidad_id, unidad_id, tipo, codigo, es_compartido) VALUES (138, 4, 18, 'electricidad', 'M-0138', 0);
INSERT INTO medidor (id, comunidad_id, unidad_id, tipo, codigo, es_compartido) VALUES (139, 3, 199, 'electricidad', 'M-0139', 0);
INSERT INTO medidor (id, comunidad_id, unidad_id, tipo, codigo, es_compartido) VALUES (140, 3, 23, 'electricidad', 'M-0140', 0);
INSERT INTO medidor (id, comunidad_id, unidad_id, tipo, codigo, es_compartido) VALUES (141, 1, 95, 'agua', 'M-0141', 0);
INSERT INTO medidor (id, comunidad_id, unidad_id, tipo, codigo, es_compartido) VALUES (142, 3, 145, 'electricidad', 'M-0142', 0);
INSERT INTO medidor (id, comunidad_id, unidad_id, tipo, codigo, es_compartido) VALUES (143, 5, 63, 'electricidad', 'M-0143', 0);
INSERT INTO medidor (id, comunidad_id, unidad_id, tipo, codigo, es_compartido) VALUES (144, 3, 152, 'electricidad', 'M-0144', 0);
INSERT INTO medidor (id, comunidad_id, unidad_id, tipo, codigo, es_compartido) VALUES (145, 2, 188, 'agua', 'M-0145', 0);
INSERT INTO medidor (id, comunidad_id, unidad_id, tipo, codigo, es_compartido) VALUES (146, 2, 2, 'electricidad', 'M-0146', 0);
INSERT INTO medidor (id, comunidad_id, unidad_id, tipo, codigo, es_compartido) VALUES (147, 1, 60, 'electricidad', 'M-0147', 0);
INSERT INTO medidor (id, comunidad_id, unidad_id, tipo, codigo, es_compartido) VALUES (148, 1, 86, 'agua', 'M-0148', 0);
INSERT INTO medidor (id, comunidad_id, unidad_id, tipo, codigo, es_compartido) VALUES (149, 4, 189, 'electricidad', 'M-0149', 0);
INSERT INTO medidor (id, comunidad_id, unidad_id, tipo, codigo, es_compartido) VALUES (150, 1, 53, 'agua', 'M-0150', 0);
INSERT INTO medidor (id, comunidad_id, unidad_id, tipo, codigo, es_compartido) VALUES (151, 4, 126, 'agua', 'M-0151', 0);
INSERT INTO medidor (id, comunidad_id, unidad_id, tipo, codigo, es_compartido) VALUES (152, 2, 183, 'electricidad', 'M-0152', 0);
INSERT INTO medidor (id, comunidad_id, unidad_id, tipo, codigo, es_compartido) VALUES (153, 1, 12, 'agua', 'M-0153', 0);
INSERT INTO medidor (id, comunidad_id, unidad_id, tipo, codigo, es_compartido) VALUES (154, 5, 106, 'electricidad', 'M-0154', 0);
INSERT INTO medidor (id, comunidad_id, unidad_id, tipo, codigo, es_compartido) VALUES (155, 4, 192, 'agua', 'M-0155', 0);
INSERT INTO medidor (id, comunidad_id, unidad_id, tipo, codigo, es_compartido) VALUES (156, 5, 25, 'agua', 'M-0156', 0);
INSERT INTO medidor (id, comunidad_id, unidad_id, tipo, codigo, es_compartido) VALUES (157, 4, 20, 'agua', 'M-0157', 0);
INSERT INTO medidor (id, comunidad_id, unidad_id, tipo, codigo, es_compartido) VALUES (158, 4, 170, 'agua', 'M-0158', 0);
INSERT INTO medidor (id, comunidad_id, unidad_id, tipo, codigo, es_compartido) VALUES (159, 2, 75, 'electricidad', 'M-0159', 0);
INSERT INTO medidor (id, comunidad_id, unidad_id, tipo, codigo, es_compartido) VALUES (160, 3, 101, 'electricidad', 'M-0160', 0);
INSERT INTO medidor (id, comunidad_id, unidad_id, tipo, codigo, es_compartido) VALUES (161, 3, 116, 'electricidad', 'M-0161', 0);
INSERT INTO medidor (id, comunidad_id, unidad_id, tipo, codigo, es_compartido) VALUES (162, 2, 20, 'agua', 'M-0162', 0);
INSERT INTO medidor (id, comunidad_id, unidad_id, tipo, codigo, es_compartido) VALUES (163, 2, 200, 'agua', 'M-0163', 0);
INSERT INTO medidor (id, comunidad_id, unidad_id, tipo, codigo, es_compartido) VALUES (164, 2, 28, 'agua', 'M-0164', 0);
INSERT INTO medidor (id, comunidad_id, unidad_id, tipo, codigo, es_compartido) VALUES (165, 4, 120, 'electricidad', 'M-0165', 0);
INSERT INTO medidor (id, comunidad_id, unidad_id, tipo, codigo, es_compartido) VALUES (166, 4, 31, 'electricidad', 'M-0166', 0);
INSERT INTO medidor (id, comunidad_id, unidad_id, tipo, codigo, es_compartido) VALUES (167, 2, 116, 'electricidad', 'M-0167', 0);
INSERT INTO medidor (id, comunidad_id, unidad_id, tipo, codigo, es_compartido) VALUES (168, 4, 68, 'agua', 'M-0168', 0);
INSERT INTO medidor (id, comunidad_id, unidad_id, tipo, codigo, es_compartido) VALUES (169, 1, 41, 'electricidad', 'M-0169', 0);
INSERT INTO medidor (id, comunidad_id, unidad_id, tipo, codigo, es_compartido) VALUES (170, 5, 11, 'agua', 'M-0170', 0);
INSERT INTO medidor (id, comunidad_id, unidad_id, tipo, codigo, es_compartido) VALUES (171, 3, 38, 'agua', 'M-0171', 0);
INSERT INTO medidor (id, comunidad_id, unidad_id, tipo, codigo, es_compartido) VALUES (172, 2, 92, 'electricidad', 'M-0172', 0);
INSERT INTO medidor (id, comunidad_id, unidad_id, tipo, codigo, es_compartido) VALUES (173, 5, 13, 'electricidad', 'M-0173', 0);
INSERT INTO medidor (id, comunidad_id, unidad_id, tipo, codigo, es_compartido) VALUES (174, 3, 45, 'agua', 'M-0174', 0);
INSERT INTO medidor (id, comunidad_id, unidad_id, tipo, codigo, es_compartido) VALUES (175, 4, 116, 'agua', 'M-0175', 0);
INSERT INTO medidor (id, comunidad_id, unidad_id, tipo, codigo, es_compartido) VALUES (176, 1, 119, 'agua', 'M-0176', 0);
INSERT INTO medidor (id, comunidad_id, unidad_id, tipo, codigo, es_compartido) VALUES (177, 2, 32, 'agua', 'M-0177', 0);
INSERT INTO medidor (id, comunidad_id, unidad_id, tipo, codigo, es_compartido) VALUES (178, 1, 200, 'agua', 'M-0178', 0);
INSERT INTO medidor (id, comunidad_id, unidad_id, tipo, codigo, es_compartido) VALUES (179, 2, 51, 'electricidad', 'M-0179', 0);
INSERT INTO medidor (id, comunidad_id, unidad_id, tipo, codigo, es_compartido) VALUES (180, 3, 176, 'agua', 'M-0180', 0);
INSERT INTO medidor (id, comunidad_id, unidad_id, tipo, codigo, es_compartido) VALUES (181, 5, 151, 'electricidad', 'M-0181', 0);
INSERT INTO medidor (id, comunidad_id, unidad_id, tipo, codigo, es_compartido) VALUES (182, 1, 6, 'agua', 'M-0182', 0);
INSERT INTO medidor (id, comunidad_id, unidad_id, tipo, codigo, es_compartido) VALUES (183, 2, 166, 'electricidad', 'M-0183', 0);
INSERT INTO medidor (id, comunidad_id, unidad_id, tipo, codigo, es_compartido) VALUES (184, 2, 24, 'electricidad', 'M-0184', 0);
INSERT INTO medidor (id, comunidad_id, unidad_id, tipo, codigo, es_compartido) VALUES (185, 1, 11, 'electricidad', 'M-0185', 0);
INSERT INTO medidor (id, comunidad_id, unidad_id, tipo, codigo, es_compartido) VALUES (186, 1, 44, 'electricidad', 'M-0186', 0);
INSERT INTO medidor (id, comunidad_id, unidad_id, tipo, codigo, es_compartido) VALUES (187, 4, 128, 'agua', 'M-0187', 0);
INSERT INTO medidor (id, comunidad_id, unidad_id, tipo, codigo, es_compartido) VALUES (188, 4, 175, 'electricidad', 'M-0188', 0);
INSERT INTO medidor (id, comunidad_id, unidad_id, tipo, codigo, es_compartido) VALUES (189, 2, 91, 'agua', 'M-0189', 0);
INSERT INTO medidor (id, comunidad_id, unidad_id, tipo, codigo, es_compartido) VALUES (190, 2, 71, 'electricidad', 'M-0190', 0);
INSERT INTO medidor (id, comunidad_id, unidad_id, tipo, codigo, es_compartido) VALUES (191, 4, 39, 'agua', 'M-0191', 0);
INSERT INTO medidor (id, comunidad_id, unidad_id, tipo, codigo, es_compartido) VALUES (192, 5, 159, 'agua', 'M-0192', 0);
INSERT INTO medidor (id, comunidad_id, unidad_id, tipo, codigo, es_compartido) VALUES (193, 3, 128, 'electricidad', 'M-0193', 0);
INSERT INTO medidor (id, comunidad_id, unidad_id, tipo, codigo, es_compartido) VALUES (194, 5, 123, 'agua', 'M-0194', 0);
INSERT INTO medidor (id, comunidad_id, unidad_id, tipo, codigo, es_compartido) VALUES (195, 1, 72, 'electricidad', 'M-0195', 0);
INSERT INTO medidor (id, comunidad_id, unidad_id, tipo, codigo, es_compartido) VALUES (196, 2, 108, 'agua', 'M-0196', 0);
INSERT INTO medidor (id, comunidad_id, unidad_id, tipo, codigo, es_compartido) VALUES (197, 5, 64, 'agua', 'M-0197', 0);
INSERT INTO medidor (id, comunidad_id, unidad_id, tipo, codigo, es_compartido) VALUES (198, 4, 183, 'electricidad', 'M-0198', 0);
INSERT INTO medidor (id, comunidad_id, unidad_id, tipo, codigo, es_compartido) VALUES (199, 4, 140, 'electricidad', 'M-0199', 0);
INSERT INTO medidor (id, comunidad_id, unidad_id, tipo, codigo, es_compartido) VALUES (200, 3, 145, 'electricidad', 'M-0200', 0);

-- Tarifas Consumo
INSERT INTO tarifa_consumo (id, comunidad_id, tipo, periodo_desde, periodo_hasta, precio_por_unidad, cargo_fijo) VALUES (1, 4, 'electricidad', '2025-03', NULL, 1.274809, 130.31);
INSERT INTO tarifa_consumo (id, comunidad_id, tipo, periodo_desde, periodo_hasta, precio_por_unidad, cargo_fijo) VALUES (2, 1, 'electricidad', '2025-01', NULL, 1.049032, 4043.27);
INSERT INTO tarifa_consumo (id, comunidad_id, tipo, periodo_desde, periodo_hasta, precio_por_unidad, cargo_fijo) VALUES (3, 3, 'agua', '2025-03', NULL, 1.382356, 500.67);
INSERT INTO tarifa_consumo (id, comunidad_id, tipo, periodo_desde, periodo_hasta, precio_por_unidad, cargo_fijo) VALUES (4, 3, 'agua', '2025-04', NULL, 1.968796, 2878.46);
INSERT INTO tarifa_consumo (id, comunidad_id, tipo, periodo_desde, periodo_hasta, precio_por_unidad, cargo_fijo) VALUES (5, 4, 'electricidad', '2025-03', NULL, 1.266535, 880.5);
INSERT INTO tarifa_consumo (id, comunidad_id, tipo, periodo_desde, periodo_hasta, precio_por_unidad, cargo_fijo) VALUES (6, 3, 'agua', '2025-12', NULL, 1.905606, 3502.8);
INSERT INTO tarifa_consumo (id, comunidad_id, tipo, periodo_desde, periodo_hasta, precio_por_unidad, cargo_fijo) VALUES (7, 5, 'agua', '2025-10', NULL, 1.706054, 4741.84);
INSERT INTO tarifa_consumo (id, comunidad_id, tipo, periodo_desde, periodo_hasta, precio_por_unidad, cargo_fijo) VALUES (8, 4, 'electricidad', '2025-03', NULL, 0.362463, 2452.18);
INSERT INTO tarifa_consumo (id, comunidad_id, tipo, periodo_desde, periodo_hasta, precio_por_unidad, cargo_fijo) VALUES (9, 2, 'agua', '2025-01', NULL, 0.20123, 2632.24);
INSERT INTO tarifa_consumo (id, comunidad_id, tipo, periodo_desde, periodo_hasta, precio_por_unidad, cargo_fijo) VALUES (10, 5, 'agua', '2025-03', NULL, 0.519428, 1703.8);
INSERT INTO tarifa_consumo (id, comunidad_id, tipo, periodo_desde, periodo_hasta, precio_por_unidad, cargo_fijo) VALUES (11, 3, 'agua', '2025-01', NULL, 1.468453, 738.56);
INSERT INTO tarifa_consumo (id, comunidad_id, tipo, periodo_desde, periodo_hasta, precio_por_unidad, cargo_fijo) VALUES (12, 2, 'agua', '2025-09', NULL, 1.929006, 4303.35);
INSERT INTO tarifa_consumo (id, comunidad_id, tipo, periodo_desde, periodo_hasta, precio_por_unidad, cargo_fijo) VALUES (13, 3, 'electricidad', '2025-10', NULL, 0.743177, 505.16);
INSERT INTO tarifa_consumo (id, comunidad_id, tipo, periodo_desde, periodo_hasta, precio_por_unidad, cargo_fijo) VALUES (14, 2, 'agua', '2025-12', NULL, 1.625317, 4743.47);
INSERT INTO tarifa_consumo (id, comunidad_id, tipo, periodo_desde, periodo_hasta, precio_por_unidad, cargo_fijo) VALUES (15, 4, 'electricidad', '2025-03', NULL, 1.211559, 3535.91);
INSERT INTO tarifa_consumo (id, comunidad_id, tipo, periodo_desde, periodo_hasta, precio_por_unidad, cargo_fijo) VALUES (16, 5, 'electricidad', '2025-04', NULL, 1.666018, 3327.66);
INSERT INTO tarifa_consumo (id, comunidad_id, tipo, periodo_desde, periodo_hasta, precio_por_unidad, cargo_fijo) VALUES (17, 4, 'electricidad', '2025-12', NULL, 0.429227, 3442.49);
INSERT INTO tarifa_consumo (id, comunidad_id, tipo, periodo_desde, periodo_hasta, precio_por_unidad, cargo_fijo) VALUES (18, 1, 'electricidad', '2025-10', NULL, 1.2843, 161.91);
INSERT INTO tarifa_consumo (id, comunidad_id, tipo, periodo_desde, periodo_hasta, precio_por_unidad, cargo_fijo) VALUES (19, 5, 'agua', '2025-11', NULL, 1.886038, 2827.75);
INSERT INTO tarifa_consumo (id, comunidad_id, tipo, periodo_desde, periodo_hasta, precio_por_unidad, cargo_fijo) VALUES (20, 2, 'electricidad', '2025-12', NULL, 0.824258, 389.03);
INSERT INTO tarifa_consumo (id, comunidad_id, tipo, periodo_desde, periodo_hasta, precio_por_unidad, cargo_fijo) VALUES (21, 3, 'agua', '2025-11', NULL, 0.359707, 4426.6);
INSERT INTO tarifa_consumo (id, comunidad_id, tipo, periodo_desde, periodo_hasta, precio_por_unidad, cargo_fijo) VALUES (22, 3, 'electricidad', '2025-01', NULL, 0.649174, 1326.06);
INSERT INTO tarifa_consumo (id, comunidad_id, tipo, periodo_desde, periodo_hasta, precio_por_unidad, cargo_fijo) VALUES (23, 1, 'electricidad', '2025-05', NULL, 1.496744, 3935.1);
INSERT INTO tarifa_consumo (id, comunidad_id, tipo, periodo_desde, periodo_hasta, precio_por_unidad, cargo_fijo) VALUES (24, 1, 'electricidad', '2025-08', NULL, 1.944383, 3662.92);
INSERT INTO tarifa_consumo (id, comunidad_id, tipo, periodo_desde, periodo_hasta, precio_por_unidad, cargo_fijo) VALUES (25, 4, 'electricidad', '2025-07', NULL, 0.875626, 1756.16);
INSERT INTO tarifa_consumo (id, comunidad_id, tipo, periodo_desde, periodo_hasta, precio_por_unidad, cargo_fijo) VALUES (26, 4, 'agua', '2025-03', NULL, 1.63855, 2256.44);
INSERT INTO tarifa_consumo (id, comunidad_id, tipo, periodo_desde, periodo_hasta, precio_por_unidad, cargo_fijo) VALUES (27, 1, 'electricidad', '2025-01', NULL, 1.912992, 1593.58);
INSERT INTO tarifa_consumo (id, comunidad_id, tipo, periodo_desde, periodo_hasta, precio_por_unidad, cargo_fijo) VALUES (28, 1, 'electricidad', '2025-03', NULL, 0.489628, 4439.66);
INSERT INTO tarifa_consumo (id, comunidad_id, tipo, periodo_desde, periodo_hasta, precio_por_unidad, cargo_fijo) VALUES (29, 1, 'agua', '2025-06', NULL, 1.304561, 2970.15);
INSERT INTO tarifa_consumo (id, comunidad_id, tipo, periodo_desde, periodo_hasta, precio_por_unidad, cargo_fijo) VALUES (30, 4, 'agua', '2025-07', NULL, 0.496995, 4712.21);
INSERT INTO tarifa_consumo (id, comunidad_id, tipo, periodo_desde, periodo_hasta, precio_por_unidad, cargo_fijo) VALUES (31, 4, 'agua', '2025-01', NULL, 0.569991, 506.29);
INSERT INTO tarifa_consumo (id, comunidad_id, tipo, periodo_desde, periodo_hasta, precio_por_unidad, cargo_fijo) VALUES (32, 2, 'electricidad', '2025-12', NULL, 1.866032, 2770.56);
INSERT INTO tarifa_consumo (id, comunidad_id, tipo, periodo_desde, periodo_hasta, precio_por_unidad, cargo_fijo) VALUES (33, 5, 'electricidad', '2025-11', NULL, 0.627587, 1407.62);
INSERT INTO tarifa_consumo (id, comunidad_id, tipo, periodo_desde, periodo_hasta, precio_por_unidad, cargo_fijo) VALUES (34, 1, 'electricidad', '2025-10', NULL, 1.083707, 2748.31);
INSERT INTO tarifa_consumo (id, comunidad_id, tipo, periodo_desde, periodo_hasta, precio_por_unidad, cargo_fijo) VALUES (35, 1, 'electricidad', '2025-01', NULL, 0.730189, 2138.03);
INSERT INTO tarifa_consumo (id, comunidad_id, tipo, periodo_desde, periodo_hasta, precio_por_unidad, cargo_fijo) VALUES (36, 5, 'electricidad', '2025-04', NULL, 0.572515, 484.93);
INSERT INTO tarifa_consumo (id, comunidad_id, tipo, periodo_desde, periodo_hasta, precio_por_unidad, cargo_fijo) VALUES (37, 3, 'agua', '2025-08', NULL, 0.755036, 4218.85);
INSERT INTO tarifa_consumo (id, comunidad_id, tipo, periodo_desde, periodo_hasta, precio_por_unidad, cargo_fijo) VALUES (38, 4, 'electricidad', '2025-08', NULL, 0.677008, 4474.39);
INSERT INTO tarifa_consumo (id, comunidad_id, tipo, periodo_desde, periodo_hasta, precio_por_unidad, cargo_fijo) VALUES (39, 5, 'electricidad', '2025-03', NULL, 0.886601, 1855.1);
INSERT INTO tarifa_consumo (id, comunidad_id, tipo, periodo_desde, periodo_hasta, precio_por_unidad, cargo_fijo) VALUES (40, 2, 'electricidad', '2025-01', NULL, 1.037104, 1316.48);
INSERT INTO tarifa_consumo (id, comunidad_id, tipo, periodo_desde, periodo_hasta, precio_por_unidad, cargo_fijo) VALUES (41, 2, 'electricidad', '2025-10', NULL, 1.554023, 308.2);
INSERT INTO tarifa_consumo (id, comunidad_id, tipo, periodo_desde, periodo_hasta, precio_por_unidad, cargo_fijo) VALUES (42, 1, 'agua', '2025-11', NULL, 1.174608, 1718.96);
INSERT INTO tarifa_consumo (id, comunidad_id, tipo, periodo_desde, periodo_hasta, precio_por_unidad, cargo_fijo) VALUES (43, 5, 'agua', '2025-09', NULL, 0.896791, 304.92);
INSERT INTO tarifa_consumo (id, comunidad_id, tipo, periodo_desde, periodo_hasta, precio_por_unidad, cargo_fijo) VALUES (44, 5, 'electricidad', '2025-09', NULL, 1.885451, 3435.34);
INSERT INTO tarifa_consumo (id, comunidad_id, tipo, periodo_desde, periodo_hasta, precio_por_unidad, cargo_fijo) VALUES (45, 5, 'agua', '2025-08', NULL, 0.910648, 1494.26);
INSERT INTO tarifa_consumo (id, comunidad_id, tipo, periodo_desde, periodo_hasta, precio_por_unidad, cargo_fijo) VALUES (46, 1, 'agua', '2025-02', NULL, 1.008272, 4746.27);
INSERT INTO tarifa_consumo (id, comunidad_id, tipo, periodo_desde, periodo_hasta, precio_por_unidad, cargo_fijo) VALUES (47, 2, 'agua', '2025-04', NULL, 0.962075, 630.93);
INSERT INTO tarifa_consumo (id, comunidad_id, tipo, periodo_desde, periodo_hasta, precio_por_unidad, cargo_fijo) VALUES (48, 4, 'agua', '2025-11', NULL, 1.271086, 739.39);
INSERT INTO tarifa_consumo (id, comunidad_id, tipo, periodo_desde, periodo_hasta, precio_por_unidad, cargo_fijo) VALUES (49, 3, 'agua', '2025-02', NULL, 0.915239, 1940.5);
INSERT INTO tarifa_consumo (id, comunidad_id, tipo, periodo_desde, periodo_hasta, precio_por_unidad, cargo_fijo) VALUES (50, 3, 'electricidad', '2025-09', NULL, 1.772239, 2290.79);
INSERT INTO tarifa_consumo (id, comunidad_id, tipo, periodo_desde, periodo_hasta, precio_por_unidad, cargo_fijo) VALUES (51, 5, 'electricidad', '2025-02', NULL, 0.46676, 2072.21);
INSERT INTO tarifa_consumo (id, comunidad_id, tipo, periodo_desde, periodo_hasta, precio_por_unidad, cargo_fijo) VALUES (52, 5, 'agua', '2025-02', NULL, 0.381783, 2813.42);
INSERT INTO tarifa_consumo (id, comunidad_id, tipo, periodo_desde, periodo_hasta, precio_por_unidad, cargo_fijo) VALUES (53, 3, 'electricidad', '2025-07', NULL, 1.378618, 1320.68);
INSERT INTO tarifa_consumo (id, comunidad_id, tipo, periodo_desde, periodo_hasta, precio_por_unidad, cargo_fijo) VALUES (54, 5, 'electricidad', '2025-01', NULL, 0.925353, 861.0);
INSERT INTO tarifa_consumo (id, comunidad_id, tipo, periodo_desde, periodo_hasta, precio_por_unidad, cargo_fijo) VALUES (55, 5, 'electricidad', '2025-01', NULL, 1.782124, 1978.96);
INSERT INTO tarifa_consumo (id, comunidad_id, tipo, periodo_desde, periodo_hasta, precio_por_unidad, cargo_fijo) VALUES (56, 2, 'agua', '2025-12', NULL, 0.683452, 2376.09);
INSERT INTO tarifa_consumo (id, comunidad_id, tipo, periodo_desde, periodo_hasta, precio_por_unidad, cargo_fijo) VALUES (57, 3, 'agua', '2025-06', NULL, 0.745499, 4086.93);
INSERT INTO tarifa_consumo (id, comunidad_id, tipo, periodo_desde, periodo_hasta, precio_por_unidad, cargo_fijo) VALUES (58, 3, 'electricidad', '2025-12', NULL, 1.950494, 3424.26);
INSERT INTO tarifa_consumo (id, comunidad_id, tipo, periodo_desde, periodo_hasta, precio_por_unidad, cargo_fijo) VALUES (59, 2, 'agua', '2025-05', NULL, 0.997599, 4871.1);
INSERT INTO tarifa_consumo (id, comunidad_id, tipo, periodo_desde, periodo_hasta, precio_por_unidad, cargo_fijo) VALUES (60, 3, 'electricidad', '2025-12', NULL, 1.361999, 2083.86);
INSERT INTO tarifa_consumo (id, comunidad_id, tipo, periodo_desde, periodo_hasta, precio_por_unidad, cargo_fijo) VALUES (61, 2, 'electricidad', '2025-04', NULL, 0.932907, 4567.16);
INSERT INTO tarifa_consumo (id, comunidad_id, tipo, periodo_desde, periodo_hasta, precio_por_unidad, cargo_fijo) VALUES (62, 4, 'electricidad', '2025-01', NULL, 0.48615, 2576.35);
INSERT INTO tarifa_consumo (id, comunidad_id, tipo, periodo_desde, periodo_hasta, precio_por_unidad, cargo_fijo) VALUES (63, 3, 'electricidad', '2025-03', NULL, 1.143715, 3902.58);
INSERT INTO tarifa_consumo (id, comunidad_id, tipo, periodo_desde, periodo_hasta, precio_por_unidad, cargo_fijo) VALUES (64, 5, 'agua', '2025-03', NULL, 1.699274, 963.82);
INSERT INTO tarifa_consumo (id, comunidad_id, tipo, periodo_desde, periodo_hasta, precio_por_unidad, cargo_fijo) VALUES (65, 1, 'agua', '2025-01', NULL, 1.852456, 2282.24);
INSERT INTO tarifa_consumo (id, comunidad_id, tipo, periodo_desde, periodo_hasta, precio_por_unidad, cargo_fijo) VALUES (66, 2, 'electricidad', '2025-06', NULL, 1.109227, 4117.53);
INSERT INTO tarifa_consumo (id, comunidad_id, tipo, periodo_desde, periodo_hasta, precio_por_unidad, cargo_fijo) VALUES (67, 1, 'agua', '2025-04', NULL, 1.269278, 1862.33);
INSERT INTO tarifa_consumo (id, comunidad_id, tipo, periodo_desde, periodo_hasta, precio_por_unidad, cargo_fijo) VALUES (68, 2, 'electricidad', '2025-10', NULL, 0.819648, 2756.67);
INSERT INTO tarifa_consumo (id, comunidad_id, tipo, periodo_desde, periodo_hasta, precio_por_unidad, cargo_fijo) VALUES (69, 3, 'agua', '2025-05', NULL, 0.289372, 137.25);
INSERT INTO tarifa_consumo (id, comunidad_id, tipo, periodo_desde, periodo_hasta, precio_por_unidad, cargo_fijo) VALUES (70, 5, 'agua', '2025-04', NULL, 1.419851, 3236.9);
INSERT INTO tarifa_consumo (id, comunidad_id, tipo, periodo_desde, periodo_hasta, precio_por_unidad, cargo_fijo) VALUES (71, 3, 'electricidad', '2025-09', NULL, 1.604547, 100.26);
INSERT INTO tarifa_consumo (id, comunidad_id, tipo, periodo_desde, periodo_hasta, precio_por_unidad, cargo_fijo) VALUES (72, 1, 'electricidad', '2025-03', NULL, 1.282056, 3236.86);
INSERT INTO tarifa_consumo (id, comunidad_id, tipo, periodo_desde, periodo_hasta, precio_por_unidad, cargo_fijo) VALUES (73, 1, 'agua', '2025-05', NULL, 1.897409, 3041.72);
INSERT INTO tarifa_consumo (id, comunidad_id, tipo, periodo_desde, periodo_hasta, precio_por_unidad, cargo_fijo) VALUES (74, 3, 'electricidad', '2025-07', NULL, 1.026196, 4257.93);
INSERT INTO tarifa_consumo (id, comunidad_id, tipo, periodo_desde, periodo_hasta, precio_por_unidad, cargo_fijo) VALUES (75, 2, 'electricidad', '2025-05', NULL, 1.683759, 3385.98);
INSERT INTO tarifa_consumo (id, comunidad_id, tipo, periodo_desde, periodo_hasta, precio_por_unidad, cargo_fijo) VALUES (76, 4, 'agua', '2025-01', NULL, 1.39224, 2557.57);
INSERT INTO tarifa_consumo (id, comunidad_id, tipo, periodo_desde, periodo_hasta, precio_por_unidad, cargo_fijo) VALUES (77, 3, 'electricidad', '2025-05', NULL, 1.067129, 3422.07);
INSERT INTO tarifa_consumo (id, comunidad_id, tipo, periodo_desde, periodo_hasta, precio_por_unidad, cargo_fijo) VALUES (78, 3, 'electricidad', '2025-11', NULL, 0.698393, 1625.69);
INSERT INTO tarifa_consumo (id, comunidad_id, tipo, periodo_desde, periodo_hasta, precio_por_unidad, cargo_fijo) VALUES (79, 3, 'agua', '2025-03', NULL, 0.632544, 2586.47);
INSERT INTO tarifa_consumo (id, comunidad_id, tipo, periodo_desde, periodo_hasta, precio_por_unidad, cargo_fijo) VALUES (80, 1, 'electricidad', '2025-11', NULL, 0.451873, 1597.93);

-- Lecturas Medidor
INSERT INTO lectura_medidor (id, medidor_id, fecha, lectura, periodo) VALUES (1, 7, '2025-10-02', 498.76, '2025-11');
INSERT INTO lectura_medidor (id, medidor_id, fecha, lectura, periodo) VALUES (2, 67, '2025-09-26', 200.255, '2025-07');
INSERT INTO lectura_medidor (id, medidor_id, fecha, lectura, periodo) VALUES (3, 10, '2025-10-16', 497.429, '2025-10');
INSERT INTO lectura_medidor (id, medidor_id, fecha, lectura, periodo) VALUES (4, 49, '2025-10-17', 359.551, '2025-06');
INSERT INTO lectura_medidor (id, medidor_id, fecha, lectura, periodo) VALUES (5, 176, '2025-10-11', 394.6, '2025-09');
INSERT INTO lectura_medidor (id, medidor_id, fecha, lectura, periodo) VALUES (6, 172, '2025-10-03', 157.095, '2025-06');
INSERT INTO lectura_medidor (id, medidor_id, fecha, lectura, periodo) VALUES (7, 44, '2025-10-27', 283.542, '2025-11');
INSERT INTO lectura_medidor (id, medidor_id, fecha, lectura, periodo) VALUES (8, 76, '2025-10-01', 72.693, '2025-02');
INSERT INTO lectura_medidor (id, medidor_id, fecha, lectura, periodo) VALUES (9, 67, '2025-10-22', 283.926, '2025-12');
INSERT INTO lectura_medidor (id, medidor_id, fecha, lectura, periodo) VALUES (10, 47, '2025-10-28', 174.46, '2025-11');
INSERT INTO lectura_medidor (id, medidor_id, fecha, lectura, periodo) VALUES (11, 23, '2025-09-23', 119.431, '2025-04');
INSERT INTO lectura_medidor (id, medidor_id, fecha, lectura, periodo) VALUES (12, 79, '2025-10-21', 444.553, '2025-07');
INSERT INTO lectura_medidor (id, medidor_id, fecha, lectura, periodo) VALUES (13, 96, '2025-10-08', 154.085, '2025-05');
INSERT INTO lectura_medidor (id, medidor_id, fecha, lectura, periodo) VALUES (14, 31, '2025-09-04', 434.533, '2025-08');
INSERT INTO lectura_medidor (id, medidor_id, fecha, lectura, periodo) VALUES (15, 150, '2025-10-31', 314.121, '2025-10');
INSERT INTO lectura_medidor (id, medidor_id, fecha, lectura, periodo) VALUES (16, 121, '2025-10-03', 68.71, '2025-04');
INSERT INTO lectura_medidor (id, medidor_id, fecha, lectura, periodo) VALUES (17, 175, '2025-10-04', 156.194, '2025-07');
INSERT INTO lectura_medidor (id, medidor_id, fecha, lectura, periodo) VALUES (18, 14, '2025-09-09', 496.25, '2025-03');
INSERT INTO lectura_medidor (id, medidor_id, fecha, lectura, periodo) VALUES (19, 88, '2025-10-07', 447.494, '2025-07');
INSERT INTO lectura_medidor (id, medidor_id, fecha, lectura, periodo) VALUES (20, 118, '2025-09-21', 432.573, '2025-03');
INSERT INTO lectura_medidor (id, medidor_id, fecha, lectura, periodo) VALUES (21, 47, '2025-10-02', 172.988, '2025-02');
INSERT INTO lectura_medidor (id, medidor_id, fecha, lectura, periodo) VALUES (22, 46, '2025-10-11', 38.427, '2025-06');
INSERT INTO lectura_medidor (id, medidor_id, fecha, lectura, periodo) VALUES (23, 116, '2025-09-14', 382.985, '2025-05');
INSERT INTO lectura_medidor (id, medidor_id, fecha, lectura, periodo) VALUES (24, 44, '2025-10-19', 87.633, '2025-10');
INSERT INTO lectura_medidor (id, medidor_id, fecha, lectura, periodo) VALUES (25, 196, '2025-09-09', 311.095, '2025-02');
INSERT INTO lectura_medidor (id, medidor_id, fecha, lectura, periodo) VALUES (26, 163, '2025-09-26', 220.222, '2025-07');
INSERT INTO lectura_medidor (id, medidor_id, fecha, lectura, periodo) VALUES (27, 123, '2025-09-01', 28.485, '2025-07');
INSERT INTO lectura_medidor (id, medidor_id, fecha, lectura, periodo) VALUES (28, 52, '2025-09-24', 475.534, '2025-12');
INSERT INTO lectura_medidor (id, medidor_id, fecha, lectura, periodo) VALUES (29, 83, '2025-09-13', 18.779, '2025-09');
INSERT INTO lectura_medidor (id, medidor_id, fecha, lectura, periodo) VALUES (30, 2, '2025-10-17', 131.923, '2025-11');
INSERT INTO lectura_medidor (id, medidor_id, fecha, lectura, periodo) VALUES (31, 178, '2025-09-20', 73.176, '2025-06');
INSERT INTO lectura_medidor (id, medidor_id, fecha, lectura, periodo) VALUES (32, 99, '2025-10-08', 159.996, '2025-09');
INSERT INTO lectura_medidor (id, medidor_id, fecha, lectura, periodo) VALUES (33, 17, '2025-09-20', 474.747, '2025-01');
INSERT INTO lectura_medidor (id, medidor_id, fecha, lectura, periodo) VALUES (34, 117, '2025-10-04', 302.221, '2025-12');
INSERT INTO lectura_medidor (id, medidor_id, fecha, lectura, periodo) VALUES (35, 87, '2025-10-27', 346.522, '2025-07');
INSERT INTO lectura_medidor (id, medidor_id, fecha, lectura, periodo) VALUES (36, 35, '2025-10-28', 250.188, '2025-06');
INSERT INTO lectura_medidor (id, medidor_id, fecha, lectura, periodo) VALUES (37, 193, '2025-09-11', 474.561, '2025-04');
INSERT INTO lectura_medidor (id, medidor_id, fecha, lectura, periodo) VALUES (38, 104, '2025-09-15', 119.917, '2025-01');
INSERT INTO lectura_medidor (id, medidor_id, fecha, lectura, periodo) VALUES (39, 34, '2025-10-17', 20.738, '2025-04');
INSERT INTO lectura_medidor (id, medidor_id, fecha, lectura, periodo) VALUES (40, 130, '2025-09-08', 189.63, '2025-03');
INSERT INTO lectura_medidor (id, medidor_id, fecha, lectura, periodo) VALUES (41, 167, '2025-09-25', 439.507, '2025-01');
INSERT INTO lectura_medidor (id, medidor_id, fecha, lectura, periodo) VALUES (42, 66, '2025-10-10', 33.808, '2025-09');
INSERT INTO lectura_medidor (id, medidor_id, fecha, lectura, periodo) VALUES (43, 13, '2025-09-07', 330.248, '2025-11');
INSERT INTO lectura_medidor (id, medidor_id, fecha, lectura, periodo) VALUES (44, 6, '2025-10-15', 66.737, '2025-01');
INSERT INTO lectura_medidor (id, medidor_id, fecha, lectura, periodo) VALUES (45, 114, '2025-09-08', 278.168, '2025-07');
INSERT INTO lectura_medidor (id, medidor_id, fecha, lectura, periodo) VALUES (46, 122, '2025-09-10', 110.693, '2025-12');
INSERT INTO lectura_medidor (id, medidor_id, fecha, lectura, periodo) VALUES (47, 176, '2025-09-01', 157.547, '2025-11');
INSERT INTO lectura_medidor (id, medidor_id, fecha, lectura, periodo) VALUES (48, 170, '2025-10-13', 264.952, '2025-02');
INSERT INTO lectura_medidor (id, medidor_id, fecha, lectura, periodo) VALUES (49, 160, '2025-10-15', 77.21, '2025-10');
INSERT INTO lectura_medidor (id, medidor_id, fecha, lectura, periodo) VALUES (50, 27, '2025-10-17', 312.672, '2025-09');
INSERT INTO lectura_medidor (id, medidor_id, fecha, lectura, periodo) VALUES (51, 73, '2025-10-21', 62.069, '2025-02');
INSERT INTO lectura_medidor (id, medidor_id, fecha, lectura, periodo) VALUES (52, 51, '2025-09-13', 391.2, '2025-10');
INSERT INTO lectura_medidor (id, medidor_id, fecha, lectura, periodo) VALUES (53, 134, '2025-09-23', 354.684, '2025-04');
INSERT INTO lectura_medidor (id, medidor_id, fecha, lectura, periodo) VALUES (54, 76, '2025-09-03', 278.588, '2025-03');
INSERT INTO lectura_medidor (id, medidor_id, fecha, lectura, periodo) VALUES (55, 54, '2025-10-30', 245.525, '2025-12');
INSERT INTO lectura_medidor (id, medidor_id, fecha, lectura, periodo) VALUES (56, 61, '2025-09-01', 339.1, '2025-01');
INSERT INTO lectura_medidor (id, medidor_id, fecha, lectura, periodo) VALUES (57, 29, '2025-10-13', 252.111, '2025-10');
INSERT INTO lectura_medidor (id, medidor_id, fecha, lectura, periodo) VALUES (58, 24, '2025-09-05', 364.546, '2025-09');
INSERT INTO lectura_medidor (id, medidor_id, fecha, lectura, periodo) VALUES (59, 26, '2025-10-12', 123.269, '2025-05');
INSERT INTO lectura_medidor (id, medidor_id, fecha, lectura, periodo) VALUES (60, 76, '2025-09-30', 34.539, '2025-05');
INSERT INTO lectura_medidor (id, medidor_id, fecha, lectura, periodo) VALUES (61, 45, '2025-10-25', 152.378, '2025-01');
INSERT INTO lectura_medidor (id, medidor_id, fecha, lectura, periodo) VALUES (62, 174, '2025-09-28', 371.885, '2025-06');
INSERT INTO lectura_medidor (id, medidor_id, fecha, lectura, periodo) VALUES (63, 25, '2025-09-01', 427.479, '2025-01');
INSERT INTO lectura_medidor (id, medidor_id, fecha, lectura, periodo) VALUES (64, 170, '2025-09-11', 171.044, '2025-11');
INSERT INTO lectura_medidor (id, medidor_id, fecha, lectura, periodo) VALUES (65, 113, '2025-09-18', 440.453, '2025-10');
INSERT INTO lectura_medidor (id, medidor_id, fecha, lectura, periodo) VALUES (66, 24, '2025-10-23', 177.934, '2025-06');
INSERT INTO lectura_medidor (id, medidor_id, fecha, lectura, periodo) VALUES (67, 30, '2025-09-26', 481.532, '2025-07');
INSERT INTO lectura_medidor (id, medidor_id, fecha, lectura, periodo) VALUES (68, 70, '2025-10-15', 426.829, '2025-07');
INSERT INTO lectura_medidor (id, medidor_id, fecha, lectura, periodo) VALUES (69, 108, '2025-10-27', 400.486, '2025-11');
INSERT INTO lectura_medidor (id, medidor_id, fecha, lectura, periodo) VALUES (70, 29, '2025-10-15', 365.941, '2025-03');
INSERT INTO lectura_medidor (id, medidor_id, fecha, lectura, periodo) VALUES (71, 41, '2025-09-27', 456.501, '2025-02');
INSERT INTO lectura_medidor (id, medidor_id, fecha, lectura, periodo) VALUES (72, 124, '2025-10-14', 224.7, '2025-10');
INSERT INTO lectura_medidor (id, medidor_id, fecha, lectura, periodo) VALUES (73, 157, '2025-10-20', 185.713, '2025-07');
INSERT INTO lectura_medidor (id, medidor_id, fecha, lectura, periodo) VALUES (74, 8, '2025-10-27', 420.883, '2025-11');
INSERT INTO lectura_medidor (id, medidor_id, fecha, lectura, periodo) VALUES (75, 34, '2025-10-29', 249.18, '2025-08');
INSERT INTO lectura_medidor (id, medidor_id, fecha, lectura, periodo) VALUES (76, 106, '2025-09-03', 41.035, '2025-08');
INSERT INTO lectura_medidor (id, medidor_id, fecha, lectura, periodo) VALUES (77, 168, '2025-09-01', 355.238, '2025-06');
INSERT INTO lectura_medidor (id, medidor_id, fecha, lectura, periodo) VALUES (78, 174, '2025-10-20', 374.376, '2025-09');
INSERT INTO lectura_medidor (id, medidor_id, fecha, lectura, periodo) VALUES (79, 186, '2025-09-15', 489.169, '2025-10');
INSERT INTO lectura_medidor (id, medidor_id, fecha, lectura, periodo) VALUES (80, 172, '2025-10-04', 266.321, '2025-06');
INSERT INTO lectura_medidor (id, medidor_id, fecha, lectura, periodo) VALUES (81, 180, '2025-09-07', 222.095, '2025-10');
INSERT INTO lectura_medidor (id, medidor_id, fecha, lectura, periodo) VALUES (82, 187, '2025-10-01', 179.417, '2025-04');
INSERT INTO lectura_medidor (id, medidor_id, fecha, lectura, periodo) VALUES (83, 174, '2025-09-25', 82.841, '2025-11');
INSERT INTO lectura_medidor (id, medidor_id, fecha, lectura, periodo) VALUES (84, 143, '2025-09-04', 15.706, '2025-10');
INSERT INTO lectura_medidor (id, medidor_id, fecha, lectura, periodo) VALUES (85, 41, '2025-10-25', 239.952, '2025-09');
INSERT INTO lectura_medidor (id, medidor_id, fecha, lectura, periodo) VALUES (86, 127, '2025-09-05', 378.201, '2025-03');
INSERT INTO lectura_medidor (id, medidor_id, fecha, lectura, periodo) VALUES (87, 83, '2025-09-22', 485.371, '2025-04');
INSERT INTO lectura_medidor (id, medidor_id, fecha, lectura, periodo) VALUES (88, 13, '2025-09-15', 279.743, '2025-09');
INSERT INTO lectura_medidor (id, medidor_id, fecha, lectura, periodo) VALUES (89, 97, '2025-10-23', 125.15, '2025-07');
INSERT INTO lectura_medidor (id, medidor_id, fecha, lectura, periodo) VALUES (90, 118, '2025-10-22', 290.787, '2025-08');
INSERT INTO lectura_medidor (id, medidor_id, fecha, lectura, periodo) VALUES (91, 23, '2025-09-29', 164.87, '2025-08');
INSERT INTO lectura_medidor (id, medidor_id, fecha, lectura, periodo) VALUES (92, 128, '2025-10-12', 18.707, '2025-12');
INSERT INTO lectura_medidor (id, medidor_id, fecha, lectura, periodo) VALUES (93, 104, '2025-09-03', 282.994, '2025-07');
INSERT INTO lectura_medidor (id, medidor_id, fecha, lectura, periodo) VALUES (94, 1, '2025-10-21', 306.06, '2025-02');
INSERT INTO lectura_medidor (id, medidor_id, fecha, lectura, periodo) VALUES (95, 159, '2025-09-20', 446.154, '2025-11');
INSERT INTO lectura_medidor (id, medidor_id, fecha, lectura, periodo) VALUES (96, 144, '2025-10-12', 339.022, '2025-04');
INSERT INTO lectura_medidor (id, medidor_id, fecha, lectura, periodo) VALUES (97, 88, '2025-10-23', 36.595, '2025-06');
INSERT INTO lectura_medidor (id, medidor_id, fecha, lectura, periodo) VALUES (98, 58, '2025-09-22', 284.474, '2025-08');
INSERT INTO lectura_medidor (id, medidor_id, fecha, lectura, periodo) VALUES (99, 159, '2025-10-01', 361.162, '2025-10');
INSERT INTO lectura_medidor (id, medidor_id, fecha, lectura, periodo) VALUES (100, 94, '2025-09-29', 65.871, '2025-12');
INSERT INTO lectura_medidor (id, medidor_id, fecha, lectura, periodo) VALUES (101, 195, '2025-09-15', 11.077, '2025-11');
INSERT INTO lectura_medidor (id, medidor_id, fecha, lectura, periodo) VALUES (102, 91, '2025-10-22', 153.072, '2025-11');
INSERT INTO lectura_medidor (id, medidor_id, fecha, lectura, periodo) VALUES (103, 134, '2025-10-15', 62.098, '2025-06');
INSERT INTO lectura_medidor (id, medidor_id, fecha, lectura, periodo) VALUES (104, 43, '2025-09-09', 412.701, '2025-08');
INSERT INTO lectura_medidor (id, medidor_id, fecha, lectura, periodo) VALUES (105, 191, '2025-09-27', 62.411, '2025-12');
INSERT INTO lectura_medidor (id, medidor_id, fecha, lectura, periodo) VALUES (106, 157, '2025-09-13', 69.165, '2025-04');
INSERT INTO lectura_medidor (id, medidor_id, fecha, lectura, periodo) VALUES (107, 101, '2025-09-30', 414.032, '2025-04');
INSERT INTO lectura_medidor (id, medidor_id, fecha, lectura, periodo) VALUES (108, 49, '2025-09-22', 62.805, '2025-12');
INSERT INTO lectura_medidor (id, medidor_id, fecha, lectura, periodo) VALUES (109, 107, '2025-10-30', 320.288, '2025-01');
INSERT INTO lectura_medidor (id, medidor_id, fecha, lectura, periodo) VALUES (110, 173, '2025-09-08', 388.351, '2025-10');
INSERT INTO lectura_medidor (id, medidor_id, fecha, lectura, periodo) VALUES (111, 116, '2025-10-13', 298.765, '2025-08');
INSERT INTO lectura_medidor (id, medidor_id, fecha, lectura, periodo) VALUES (112, 130, '2025-10-02', 12.125, '2025-03');
INSERT INTO lectura_medidor (id, medidor_id, fecha, lectura, periodo) VALUES (113, 189, '2025-10-06', 468.301, '2025-01');
INSERT INTO lectura_medidor (id, medidor_id, fecha, lectura, periodo) VALUES (114, 150, '2025-10-30', 259.083, '2025-08');
INSERT INTO lectura_medidor (id, medidor_id, fecha, lectura, periodo) VALUES (115, 46, '2025-10-08', 95.089, '2025-12');
INSERT INTO lectura_medidor (id, medidor_id, fecha, lectura, periodo) VALUES (116, 33, '2025-09-25', 332.186, '2025-02');
INSERT INTO lectura_medidor (id, medidor_id, fecha, lectura, periodo) VALUES (117, 156, '2025-10-03', 441.881, '2025-06');
INSERT INTO lectura_medidor (id, medidor_id, fecha, lectura, periodo) VALUES (118, 108, '2025-10-29', 349.333, '2025-10');
INSERT INTO lectura_medidor (id, medidor_id, fecha, lectura, periodo) VALUES (119, 64, '2025-09-26', 482.161, '2025-05');
INSERT INTO lectura_medidor (id, medidor_id, fecha, lectura, periodo) VALUES (120, 76, '2025-10-22', 75.352, '2025-08');
INSERT INTO lectura_medidor (id, medidor_id, fecha, lectura, periodo) VALUES (121, 106, '2025-10-15', 444.354, '2025-10');
INSERT INTO lectura_medidor (id, medidor_id, fecha, lectura, periodo) VALUES (122, 132, '2025-10-24', 353.732, '2025-05');
INSERT INTO lectura_medidor (id, medidor_id, fecha, lectura, periodo) VALUES (123, 81, '2025-10-18', 468.401, '2025-12');
INSERT INTO lectura_medidor (id, medidor_id, fecha, lectura, periodo) VALUES (124, 162, '2025-09-13', 112.759, '2025-04');
INSERT INTO lectura_medidor (id, medidor_id, fecha, lectura, periodo) VALUES (125, 183, '2025-10-14', 179.194, '2025-05');
INSERT INTO lectura_medidor (id, medidor_id, fecha, lectura, periodo) VALUES (126, 173, '2025-10-16', 328.542, '2025-03');
INSERT INTO lectura_medidor (id, medidor_id, fecha, lectura, periodo) VALUES (127, 46, '2025-10-05', 350.213, '2025-09');
INSERT INTO lectura_medidor (id, medidor_id, fecha, lectura, periodo) VALUES (128, 83, '2025-09-08', 382.78, '2025-12');
INSERT INTO lectura_medidor (id, medidor_id, fecha, lectura, periodo) VALUES (129, 144, '2025-10-08', 289.613, '2025-08');
INSERT INTO lectura_medidor (id, medidor_id, fecha, lectura, periodo) VALUES (130, 171, '2025-09-27', 340.379, '2025-12');
INSERT INTO lectura_medidor (id, medidor_id, fecha, lectura, periodo) VALUES (131, 137, '2025-10-27', 425.178, '2025-05');
INSERT INTO lectura_medidor (id, medidor_id, fecha, lectura, periodo) VALUES (132, 4, '2025-09-07', 22.383, '2025-09');
INSERT INTO lectura_medidor (id, medidor_id, fecha, lectura, periodo) VALUES (133, 38, '2025-10-13', 37.736, '2025-01');
INSERT INTO lectura_medidor (id, medidor_id, fecha, lectura, periodo) VALUES (134, 69, '2025-09-19', 344.861, '2025-03');
INSERT INTO lectura_medidor (id, medidor_id, fecha, lectura, periodo) VALUES (135, 38, '2025-10-15', 394.335, '2025-01');
INSERT INTO lectura_medidor (id, medidor_id, fecha, lectura, periodo) VALUES (136, 53, '2025-09-03', 185.754, '2025-09');
INSERT INTO lectura_medidor (id, medidor_id, fecha, lectura, periodo) VALUES (137, 116, '2025-10-10', 435.337, '2025-02');
INSERT INTO lectura_medidor (id, medidor_id, fecha, lectura, periodo) VALUES (138, 190, '2025-10-26', 119.911, '2025-09');
INSERT INTO lectura_medidor (id, medidor_id, fecha, lectura, periodo) VALUES (139, 166, '2025-09-25', 126.422, '2025-09');
INSERT INTO lectura_medidor (id, medidor_id, fecha, lectura, periodo) VALUES (140, 179, '2025-10-15', 335.602, '2025-05');
INSERT INTO lectura_medidor (id, medidor_id, fecha, lectura, periodo) VALUES (141, 98, '2025-09-27', 478.784, '2025-07');
INSERT INTO lectura_medidor (id, medidor_id, fecha, lectura, periodo) VALUES (142, 176, '2025-10-06', 36.363, '2025-06');
INSERT INTO lectura_medidor (id, medidor_id, fecha, lectura, periodo) VALUES (143, 191, '2025-09-13', 314.075, '2025-05');
INSERT INTO lectura_medidor (id, medidor_id, fecha, lectura, periodo) VALUES (144, 200, '2025-10-24', 120.519, '2025-08');
INSERT INTO lectura_medidor (id, medidor_id, fecha, lectura, periodo) VALUES (145, 163, '2025-10-16', 327.34, '2025-12');
INSERT INTO lectura_medidor (id, medidor_id, fecha, lectura, periodo) VALUES (146, 194, '2025-10-05', 371.841, '2025-10');
INSERT INTO lectura_medidor (id, medidor_id, fecha, lectura, periodo) VALUES (147, 51, '2025-09-13', 154.147, '2025-12');
INSERT INTO lectura_medidor (id, medidor_id, fecha, lectura, periodo) VALUES (148, 46, '2025-09-05', 101.619, '2025-11');
INSERT INTO lectura_medidor (id, medidor_id, fecha, lectura, periodo) VALUES (149, 45, '2025-10-03', 68.483, '2025-12');
INSERT INTO lectura_medidor (id, medidor_id, fecha, lectura, periodo) VALUES (150, 11, '2025-09-18', 282.733, '2025-07');
INSERT INTO lectura_medidor (id, medidor_id, fecha, lectura, periodo) VALUES (151, 34, '2025-10-08', 424.547, '2025-03');
INSERT INTO lectura_medidor (id, medidor_id, fecha, lectura, periodo) VALUES (152, 2, '2025-09-30', 357.748, '2025-06');
INSERT INTO lectura_medidor (id, medidor_id, fecha, lectura, periodo) VALUES (153, 40, '2025-09-10', 465.028, '2025-01');
INSERT INTO lectura_medidor (id, medidor_id, fecha, lectura, periodo) VALUES (154, 153, '2025-10-20', 466.867, '2025-01');
INSERT INTO lectura_medidor (id, medidor_id, fecha, lectura, periodo) VALUES (155, 158, '2025-09-20', 250.37, '2025-11');
INSERT INTO lectura_medidor (id, medidor_id, fecha, lectura, periodo) VALUES (156, 147, '2025-09-23', 45.712, '2025-09');
INSERT INTO lectura_medidor (id, medidor_id, fecha, lectura, periodo) VALUES (157, 182, '2025-10-04', 117.781, '2025-06');
INSERT INTO lectura_medidor (id, medidor_id, fecha, lectura, periodo) VALUES (158, 48, '2025-09-05', 395.267, '2025-09');
INSERT INTO lectura_medidor (id, medidor_id, fecha, lectura, periodo) VALUES (159, 41, '2025-10-05', 273.148, '2025-07');
INSERT INTO lectura_medidor (id, medidor_id, fecha, lectura, periodo) VALUES (160, 24, '2025-09-15', 442.864, '2025-06');
INSERT INTO lectura_medidor (id, medidor_id, fecha, lectura, periodo) VALUES (161, 170, '2025-09-22', 186.791, '2025-06');
INSERT INTO lectura_medidor (id, medidor_id, fecha, lectura, periodo) VALUES (162, 56, '2025-10-04', 242.68, '2025-10');
INSERT INTO lectura_medidor (id, medidor_id, fecha, lectura, periodo) VALUES (163, 144, '2025-09-01', 66.214, '2025-11');
INSERT INTO lectura_medidor (id, medidor_id, fecha, lectura, periodo) VALUES (164, 89, '2025-09-16', 453.203, '2025-08');
INSERT INTO lectura_medidor (id, medidor_id, fecha, lectura, periodo) VALUES (165, 158, '2025-09-16', 479.859, '2025-10');
INSERT INTO lectura_medidor (id, medidor_id, fecha, lectura, periodo) VALUES (166, 175, '2025-09-25', 458.807, '2025-06');
INSERT INTO lectura_medidor (id, medidor_id, fecha, lectura, periodo) VALUES (167, 30, '2025-09-17', 274.716, '2025-07');
INSERT INTO lectura_medidor (id, medidor_id, fecha, lectura, periodo) VALUES (168, 73, '2025-10-29', 263.265, '2025-01');
INSERT INTO lectura_medidor (id, medidor_id, fecha, lectura, periodo) VALUES (169, 198, '2025-10-03', 403.38, '2025-06');
INSERT INTO lectura_medidor (id, medidor_id, fecha, lectura, periodo) VALUES (170, 115, '2025-09-03', 155.253, '2025-08');
INSERT INTO lectura_medidor (id, medidor_id, fecha, lectura, periodo) VALUES (171, 167, '2025-09-21', 261.808, '2025-04');
INSERT INTO lectura_medidor (id, medidor_id, fecha, lectura, periodo) VALUES (172, 25, '2025-10-20', 273.608, '2025-03');
INSERT INTO lectura_medidor (id, medidor_id, fecha, lectura, periodo) VALUES (173, 2, '2025-09-05', 113.283, '2025-11');
INSERT INTO lectura_medidor (id, medidor_id, fecha, lectura, periodo) VALUES (174, 162, '2025-10-26', 345.849, '2025-04');
INSERT INTO lectura_medidor (id, medidor_id, fecha, lectura, periodo) VALUES (175, 27, '2025-10-05', 416.087, '2025-04');
INSERT INTO lectura_medidor (id, medidor_id, fecha, lectura, periodo) VALUES (176, 190, '2025-10-12', 410.21, '2025-07');
INSERT INTO lectura_medidor (id, medidor_id, fecha, lectura, periodo) VALUES (177, 19, '2025-10-14', 85.34, '2025-12');
INSERT INTO lectura_medidor (id, medidor_id, fecha, lectura, periodo) VALUES (178, 118, '2025-09-22', 28.564, '2025-12');
INSERT INTO lectura_medidor (id, medidor_id, fecha, lectura, periodo) VALUES (179, 19, '2025-09-12', 399.165, '2025-01');
INSERT INTO lectura_medidor (id, medidor_id, fecha, lectura, periodo) VALUES (180, 143, '2025-10-07', 412.593, '2025-02');
INSERT INTO lectura_medidor (id, medidor_id, fecha, lectura, periodo) VALUES (181, 67, '2025-09-25', 231.052, '2025-07');
INSERT INTO lectura_medidor (id, medidor_id, fecha, lectura, periodo) VALUES (182, 104, '2025-09-21', 18.277, '2025-07');
INSERT INTO lectura_medidor (id, medidor_id, fecha, lectura, periodo) VALUES (183, 173, '2025-10-05', 12.89, '2025-02');
INSERT INTO lectura_medidor (id, medidor_id, fecha, lectura, periodo) VALUES (184, 185, '2025-09-05', 380.421, '2025-10');
INSERT INTO lectura_medidor (id, medidor_id, fecha, lectura, periodo) VALUES (185, 150, '2025-10-15', 425.643, '2025-01');
INSERT INTO lectura_medidor (id, medidor_id, fecha, lectura, periodo) VALUES (186, 92, '2025-09-07', 152.02, '2025-09');
INSERT INTO lectura_medidor (id, medidor_id, fecha, lectura, periodo) VALUES (187, 176, '2025-10-09', 52.388, '2025-05');
INSERT INTO lectura_medidor (id, medidor_id, fecha, lectura, periodo) VALUES (188, 196, '2025-09-25', 203.605, '2025-08');
INSERT INTO lectura_medidor (id, medidor_id, fecha, lectura, periodo) VALUES (189, 170, '2025-10-01', 86.599, '2025-01');
INSERT INTO lectura_medidor (id, medidor_id, fecha, lectura, periodo) VALUES (190, 57, '2025-10-18', 201.586, '2025-03');
INSERT INTO lectura_medidor (id, medidor_id, fecha, lectura, periodo) VALUES (191, 140, '2025-10-11', 80.597, '2025-05');
INSERT INTO lectura_medidor (id, medidor_id, fecha, lectura, periodo) VALUES (192, 174, '2025-10-12', 192.834, '2025-12');
INSERT INTO lectura_medidor (id, medidor_id, fecha, lectura, periodo) VALUES (193, 3, '2025-10-26', 281.984, '2025-09');
INSERT INTO lectura_medidor (id, medidor_id, fecha, lectura, periodo) VALUES (194, 32, '2025-09-01', 290.632, '2025-01');
INSERT INTO lectura_medidor (id, medidor_id, fecha, lectura, periodo) VALUES (195, 101, '2025-10-06', 474.02, '2025-09');
INSERT INTO lectura_medidor (id, medidor_id, fecha, lectura, periodo) VALUES (196, 79, '2025-10-18', 373.301, '2025-04');
INSERT INTO lectura_medidor (id, medidor_id, fecha, lectura, periodo) VALUES (197, 186, '2025-09-14', 212.201, '2025-06');
INSERT INTO lectura_medidor (id, medidor_id, fecha, lectura, periodo) VALUES (198, 166, '2025-09-10', 88.868, '2025-09');
INSERT INTO lectura_medidor (id, medidor_id, fecha, lectura, periodo) VALUES (199, 57, '2025-10-24', 133.843, '2025-10');
INSERT INTO lectura_medidor (id, medidor_id, fecha, lectura, periodo) VALUES (200, 30, '2025-10-13', 401.833, '2025-03');
INSERT INTO lectura_medidor (id, medidor_id, fecha, lectura, periodo) VALUES (201, 14, '2025-09-30', 325.891, '2025-09');
INSERT INTO lectura_medidor (id, medidor_id, fecha, lectura, periodo) VALUES (202, 19, '2025-10-13', 43.008, '2025-05');
INSERT INTO lectura_medidor (id, medidor_id, fecha, lectura, periodo) VALUES (203, 26, '2025-10-17', 294.492, '2025-04');
INSERT INTO lectura_medidor (id, medidor_id, fecha, lectura, periodo) VALUES (204, 85, '2025-09-09', 338.935, '2025-06');
INSERT INTO lectura_medidor (id, medidor_id, fecha, lectura, periodo) VALUES (205, 61, '2025-09-19', 313.563, '2025-02');
INSERT INTO lectura_medidor (id, medidor_id, fecha, lectura, periodo) VALUES (206, 50, '2025-10-02', 230.817, '2025-06');
INSERT INTO lectura_medidor (id, medidor_id, fecha, lectura, periodo) VALUES (207, 158, '2025-09-20', 349.794, '2025-11');
INSERT INTO lectura_medidor (id, medidor_id, fecha, lectura, periodo) VALUES (208, 40, '2025-10-07', 188.602, '2025-10');
INSERT INTO lectura_medidor (id, medidor_id, fecha, lectura, periodo) VALUES (209, 81, '2025-09-11', 12.368, '2025-07');
INSERT INTO lectura_medidor (id, medidor_id, fecha, lectura, periodo) VALUES (210, 64, '2025-10-16', 372.51, '2025-04');
INSERT INTO lectura_medidor (id, medidor_id, fecha, lectura, periodo) VALUES (211, 112, '2025-10-24', 186.148, '2025-05');
INSERT INTO lectura_medidor (id, medidor_id, fecha, lectura, periodo) VALUES (212, 174, '2025-09-22', 440.164, '2025-12');
INSERT INTO lectura_medidor (id, medidor_id, fecha, lectura, periodo) VALUES (213, 119, '2025-09-23', 389.636, '2025-08');
INSERT INTO lectura_medidor (id, medidor_id, fecha, lectura, periodo) VALUES (214, 125, '2025-09-07', 96.127, '2025-09');
INSERT INTO lectura_medidor (id, medidor_id, fecha, lectura, periodo) VALUES (215, 156, '2025-10-24', 147.502, '2025-02');
INSERT INTO lectura_medidor (id, medidor_id, fecha, lectura, periodo) VALUES (216, 36, '2025-09-13', 138.985, '2025-09');
INSERT INTO lectura_medidor (id, medidor_id, fecha, lectura, periodo) VALUES (217, 161, '2025-10-17', 46.946, '2025-02');
INSERT INTO lectura_medidor (id, medidor_id, fecha, lectura, periodo) VALUES (218, 5, '2025-10-11', 25.285, '2025-09');
INSERT INTO lectura_medidor (id, medidor_id, fecha, lectura, periodo) VALUES (219, 149, '2025-09-26', 386.908, '2025-10');
INSERT INTO lectura_medidor (id, medidor_id, fecha, lectura, periodo) VALUES (220, 55, '2025-10-06', 137.702, '2025-01');
INSERT INTO lectura_medidor (id, medidor_id, fecha, lectura, periodo) VALUES (221, 139, '2025-10-12', 389.847, '2025-08');
INSERT INTO lectura_medidor (id, medidor_id, fecha, lectura, periodo) VALUES (222, 94, '2025-09-15', 446.804, '2025-07');
INSERT INTO lectura_medidor (id, medidor_id, fecha, lectura, periodo) VALUES (223, 151, '2025-10-25', 152.59, '2025-12');
INSERT INTO lectura_medidor (id, medidor_id, fecha, lectura, periodo) VALUES (224, 119, '2025-10-03', 54.371, '2025-09');
INSERT INTO lectura_medidor (id, medidor_id, fecha, lectura, periodo) VALUES (225, 94, '2025-09-01', 334.712, '2025-09');
INSERT INTO lectura_medidor (id, medidor_id, fecha, lectura, periodo) VALUES (226, 158, '2025-09-11', 381.031, '2025-11');
INSERT INTO lectura_medidor (id, medidor_id, fecha, lectura, periodo) VALUES (227, 36, '2025-09-11', 97.781, '2025-08');
INSERT INTO lectura_medidor (id, medidor_id, fecha, lectura, periodo) VALUES (228, 145, '2025-10-26', 484.19, '2025-11');
INSERT INTO lectura_medidor (id, medidor_id, fecha, lectura, periodo) VALUES (229, 189, '2025-10-01', 470.196, '2025-12');
INSERT INTO lectura_medidor (id, medidor_id, fecha, lectura, periodo) VALUES (230, 11, '2025-10-19', 248.945, '2025-04');
INSERT INTO lectura_medidor (id, medidor_id, fecha, lectura, periodo) VALUES (231, 17, '2025-09-24', 124.669, '2025-05');
INSERT INTO lectura_medidor (id, medidor_id, fecha, lectura, periodo) VALUES (232, 172, '2025-10-04', 454.786, '2025-04');
INSERT INTO lectura_medidor (id, medidor_id, fecha, lectura, periodo) VALUES (233, 93, '2025-10-01', 459.772, '2025-07');
INSERT INTO lectura_medidor (id, medidor_id, fecha, lectura, periodo) VALUES (234, 12, '2025-10-12', 168.795, '2025-01');
INSERT INTO lectura_medidor (id, medidor_id, fecha, lectura, periodo) VALUES (235, 181, '2025-10-11', 416.527, '2025-09');
INSERT INTO lectura_medidor (id, medidor_id, fecha, lectura, periodo) VALUES (236, 190, '2025-10-08', 276.732, '2025-05');
INSERT INTO lectura_medidor (id, medidor_id, fecha, lectura, periodo) VALUES (237, 45, '2025-10-12', 195.474, '2025-07');
INSERT INTO lectura_medidor (id, medidor_id, fecha, lectura, periodo) VALUES (238, 151, '2025-10-28', 419.38, '2025-11');
INSERT INTO lectura_medidor (id, medidor_id, fecha, lectura, periodo) VALUES (239, 133, '2025-09-25', 486.61, '2025-05');
INSERT INTO lectura_medidor (id, medidor_id, fecha, lectura, periodo) VALUES (240, 58, '2025-09-26', 182.92, '2025-09');
INSERT INTO lectura_medidor (id, medidor_id, fecha, lectura, periodo) VALUES (241, 89, '2025-10-21', 246.234, '2025-08');
INSERT INTO lectura_medidor (id, medidor_id, fecha, lectura, periodo) VALUES (242, 155, '2025-10-03', 442.197, '2025-01');
INSERT INTO lectura_medidor (id, medidor_id, fecha, lectura, periodo) VALUES (243, 113, '2025-09-15', 47.773, '2025-03');
INSERT INTO lectura_medidor (id, medidor_id, fecha, lectura, periodo) VALUES (244, 165, '2025-09-14', 83.618, '2025-05');
INSERT INTO lectura_medidor (id, medidor_id, fecha, lectura, periodo) VALUES (245, 41, '2025-10-09', 361.478, '2025-06');
INSERT INTO lectura_medidor (id, medidor_id, fecha, lectura, periodo) VALUES (246, 31, '2025-09-15', 213.161, '2025-11');
INSERT INTO lectura_medidor (id, medidor_id, fecha, lectura, periodo) VALUES (247, 85, '2025-09-08', 245.943, '2025-12');
INSERT INTO lectura_medidor (id, medidor_id, fecha, lectura, periodo) VALUES (248, 123, '2025-09-14', 299.488, '2025-08');
INSERT INTO lectura_medidor (id, medidor_id, fecha, lectura, periodo) VALUES (249, 166, '2025-09-02', 129.398, '2025-07');
INSERT INTO lectura_medidor (id, medidor_id, fecha, lectura, periodo) VALUES (250, 33, '2025-10-08', 88.953, '2025-10');
INSERT INTO lectura_medidor (id, medidor_id, fecha, lectura, periodo) VALUES (251, 162, '2025-09-03', 446.491, '2025-09');
INSERT INTO lectura_medidor (id, medidor_id, fecha, lectura, periodo) VALUES (252, 38, '2025-09-11', 136.547, '2025-01');
INSERT INTO lectura_medidor (id, medidor_id, fecha, lectura, periodo) VALUES (253, 47, '2025-09-26', 303.685, '2025-09');
INSERT INTO lectura_medidor (id, medidor_id, fecha, lectura, periodo) VALUES (254, 145, '2025-09-02', 440.469, '2025-11');
INSERT INTO lectura_medidor (id, medidor_id, fecha, lectura, periodo) VALUES (255, 187, '2025-10-23', 148.893, '2025-11');
INSERT INTO lectura_medidor (id, medidor_id, fecha, lectura, periodo) VALUES (256, 22, '2025-09-29', 307.198, '2025-04');
INSERT INTO lectura_medidor (id, medidor_id, fecha, lectura, periodo) VALUES (257, 121, '2025-09-11', 117.488, '2025-08');
INSERT INTO lectura_medidor (id, medidor_id, fecha, lectura, periodo) VALUES (258, 106, '2025-09-10', 399.362, '2025-10');
INSERT INTO lectura_medidor (id, medidor_id, fecha, lectura, periodo) VALUES (259, 197, '2025-10-10', 333.228, '2025-03');
INSERT INTO lectura_medidor (id, medidor_id, fecha, lectura, periodo) VALUES (260, 68, '2025-10-17', 345.94, '2025-03');

-- Amenidades
INSERT INTO amenidad (id, comunidad_id, nombre, reglas, capacidad, requiere_aprobacion, tarifa) VALUES (1, 4, 'Sala Reuniones 1', 'Reglas bsicas', 32, 0, 2298.14);
INSERT INTO amenidad (id, comunidad_id, nombre, reglas, capacidad, requiere_aprobacion, tarifa) VALUES (2, 2, 'Quincho 2', 'Reglas bsicas', 40, 0, 2023.49);
INSERT INTO amenidad (id, comunidad_id, nombre, reglas, capacidad, requiere_aprobacion, tarifa) VALUES (3, 4, 'Sala Multiuso 3', 'Reglas bsicas', 10, 0, 1774.22);
INSERT INTO amenidad (id, comunidad_id, nombre, reglas, capacidad, requiere_aprobacion, tarifa) VALUES (4, 5, 'Sala Reuniones 4', 'Reglas bsicas', 16, 0, 931.9);
INSERT INTO amenidad (id, comunidad_id, nombre, reglas, capacidad, requiere_aprobacion, tarifa) VALUES (5, 5, 'Sala Reuniones 5', 'Reglas bsicas', 35, 0, 8969.69);
INSERT INTO amenidad (id, comunidad_id, nombre, reglas, capacidad, requiere_aprobacion, tarifa) VALUES (6, 5, 'Gimnasio 6', 'Reglas bsicas', 35, 1, 8748.24);
INSERT INTO amenidad (id, comunidad_id, nombre, reglas, capacidad, requiere_aprobacion, tarifa) VALUES (7, 2, 'Gimnasio 7', 'Reglas bsicas', 14, 1, 3505.18);
INSERT INTO amenidad (id, comunidad_id, nombre, reglas, capacidad, requiere_aprobacion, tarifa) VALUES (8, 4, 'Sala Multiuso 8', 'Reglas bsicas', 22, 1, 4771.41);
INSERT INTO amenidad (id, comunidad_id, nombre, reglas, capacidad, requiere_aprobacion, tarifa) VALUES (9, 1, 'Piscina 9', 'Reglas bsicas', 8, 1, 2578.05);
INSERT INTO amenidad (id, comunidad_id, nombre, reglas, capacidad, requiere_aprobacion, tarifa) VALUES (10, 1, 'Sala Reuniones 10', 'Reglas bsicas', 32, 0, 5197.62);
INSERT INTO amenidad (id, comunidad_id, nombre, reglas, capacidad, requiere_aprobacion, tarifa) VALUES (11, 2, 'Piscina 11', 'Reglas bsicas', 17, 1, 3622.7);
INSERT INTO amenidad (id, comunidad_id, nombre, reglas, capacidad, requiere_aprobacion, tarifa) VALUES (12, 4, 'Sala Reuniones 12', 'Reglas bsicas', 35, 1, 2613.03);
INSERT INTO amenidad (id, comunidad_id, nombre, reglas, capacidad, requiere_aprobacion, tarifa) VALUES (13, 5, 'Piscina 13', 'Reglas bsicas', 33, 1, 9917.99);
INSERT INTO amenidad (id, comunidad_id, nombre, reglas, capacidad, requiere_aprobacion, tarifa) VALUES (14, 2, 'Gimnasio 14', 'Reglas bsicas', 38, 1, 1787.2);
INSERT INTO amenidad (id, comunidad_id, nombre, reglas, capacidad, requiere_aprobacion, tarifa) VALUES (15, 3, 'Piscina 15', 'Reglas bsicas', 33, 1, 7741.94);
INSERT INTO amenidad (id, comunidad_id, nombre, reglas, capacidad, requiere_aprobacion, tarifa) VALUES (16, 2, 'Quincho 16', 'Reglas bsicas', 18, 0, 4465.95);
INSERT INTO amenidad (id, comunidad_id, nombre, reglas, capacidad, requiere_aprobacion, tarifa) VALUES (17, 1, 'Sala Multiuso 17', 'Reglas bsicas', 11, 1, 7860.81);
INSERT INTO amenidad (id, comunidad_id, nombre, reglas, capacidad, requiere_aprobacion, tarifa) VALUES (18, 2, 'Gimnasio 18', 'Reglas bsicas', 17, 0, 8043.69);
INSERT INTO amenidad (id, comunidad_id, nombre, reglas, capacidad, requiere_aprobacion, tarifa) VALUES (19, 4, 'Sala Reuniones 19', 'Reglas bsicas', 24, 1, 881.41);
INSERT INTO amenidad (id, comunidad_id, nombre, reglas, capacidad, requiere_aprobacion, tarifa) VALUES (20, 2, 'Piscina 20', 'Reglas bsicas', 32, 0, 6090.29);
INSERT INTO amenidad (id, comunidad_id, nombre, reglas, capacidad, requiere_aprobacion, tarifa) VALUES (21, 4, 'Sala Reuniones 21', 'Reglas bsicas', 11, 1, 7116.06);
INSERT INTO amenidad (id, comunidad_id, nombre, reglas, capacidad, requiere_aprobacion, tarifa) VALUES (22, 2, 'Gimnasio 22', 'Reglas bsicas', 26, 1, 107.1);
INSERT INTO amenidad (id, comunidad_id, nombre, reglas, capacidad, requiere_aprobacion, tarifa) VALUES (23, 2, 'Quincho 23', 'Reglas bsicas', 10, 0, 6151.9);
INSERT INTO amenidad (id, comunidad_id, nombre, reglas, capacidad, requiere_aprobacion, tarifa) VALUES (24, 3, 'Sala Multiuso 24', 'Reglas bsicas', 13, 0, 9756.46);
INSERT INTO amenidad (id, comunidad_id, nombre, reglas, capacidad, requiere_aprobacion, tarifa) VALUES (25, 3, 'Gimnasio 25', 'Reglas bsicas', 33, 1, 6696.62);
INSERT INTO amenidad (id, comunidad_id, nombre, reglas, capacidad, requiere_aprobacion, tarifa) VALUES (26, 5, 'Sala Multiuso 26', 'Reglas bsicas', 12, 0, 7369.26);
INSERT INTO amenidad (id, comunidad_id, nombre, reglas, capacidad, requiere_aprobacion, tarifa) VALUES (27, 1, 'Sala Reuniones 27', 'Reglas bsicas', 30, 1, 7261.39);
INSERT INTO amenidad (id, comunidad_id, nombre, reglas, capacidad, requiere_aprobacion, tarifa) VALUES (28, 3, 'Piscina 28', 'Reglas bsicas', 20, 0, 6063.63);
INSERT INTO amenidad (id, comunidad_id, nombre, reglas, capacidad, requiere_aprobacion, tarifa) VALUES (29, 4, 'Gimnasio 29', 'Reglas bsicas', 34, 0, 2611.08);
INSERT INTO amenidad (id, comunidad_id, nombre, reglas, capacidad, requiere_aprobacion, tarifa) VALUES (30, 5, 'Quincho 30', 'Reglas bsicas', 29, 0, 5031.69);
INSERT INTO amenidad (id, comunidad_id, nombre, reglas, capacidad, requiere_aprobacion, tarifa) VALUES (31, 1, 'Sala Reuniones 31', 'Reglas bsicas', 24, 1, 8761.13);
INSERT INTO amenidad (id, comunidad_id, nombre, reglas, capacidad, requiere_aprobacion, tarifa) VALUES (32, 4, 'Gimnasio 32', 'Reglas bsicas', 29, 1, 7699.67);
INSERT INTO amenidad (id, comunidad_id, nombre, reglas, capacidad, requiere_aprobacion, tarifa) VALUES (33, 4, 'Gimnasio 33', 'Reglas bsicas', 24, 0, 4819.7);
INSERT INTO amenidad (id, comunidad_id, nombre, reglas, capacidad, requiere_aprobacion, tarifa) VALUES (34, 1, 'Gimnasio 34', 'Reglas bsicas', 22, 0, 6769.13);
INSERT INTO amenidad (id, comunidad_id, nombre, reglas, capacidad, requiere_aprobacion, tarifa) VALUES (35, 3, 'Gimnasio 35', 'Reglas bsicas', 8, 1, 5165.04);
INSERT INTO amenidad (id, comunidad_id, nombre, reglas, capacidad, requiere_aprobacion, tarifa) VALUES (36, 3, 'Sala Multiuso 36', 'Reglas bsicas', 29, 1, 930.09);
INSERT INTO amenidad (id, comunidad_id, nombre, reglas, capacidad, requiere_aprobacion, tarifa) VALUES (37, 1, 'Sala Reuniones 37', 'Reglas bsicas', 30, 0, 4765.55);
INSERT INTO amenidad (id, comunidad_id, nombre, reglas, capacidad, requiere_aprobacion, tarifa) VALUES (38, 2, 'Sala Reuniones 38', 'Reglas bsicas', 20, 1, 1827.84);
INSERT INTO amenidad (id, comunidad_id, nombre, reglas, capacidad, requiere_aprobacion, tarifa) VALUES (39, 4, 'Sala Multiuso 39', 'Reglas bsicas', 24, 0, 7354.29);
INSERT INTO amenidad (id, comunidad_id, nombre, reglas, capacidad, requiere_aprobacion, tarifa) VALUES (40, 2, 'Sala Multiuso 40', 'Reglas bsicas', 30, 0, 8349.4);
INSERT INTO amenidad (id, comunidad_id, nombre, reglas, capacidad, requiere_aprobacion, tarifa) VALUES (41, 2, 'Quincho 41', 'Reglas bsicas', 39, 0, 9201.88);
INSERT INTO amenidad (id, comunidad_id, nombre, reglas, capacidad, requiere_aprobacion, tarifa) VALUES (42, 5, 'Quincho 42', 'Reglas bsicas', 31, 0, 8480.11);
INSERT INTO amenidad (id, comunidad_id, nombre, reglas, capacidad, requiere_aprobacion, tarifa) VALUES (43, 5, 'Piscina 43', 'Reglas bsicas', 25, 1, 8981.21);
INSERT INTO amenidad (id, comunidad_id, nombre, reglas, capacidad, requiere_aprobacion, tarifa) VALUES (44, 4, 'Sala Multiuso 44', 'Reglas bsicas', 16, 1, 3978.79);
INSERT INTO amenidad (id, comunidad_id, nombre, reglas, capacidad, requiere_aprobacion, tarifa) VALUES (45, 1, 'Sala Reuniones 45', 'Reglas bsicas', 10, 1, 4783.2);
INSERT INTO amenidad (id, comunidad_id, nombre, reglas, capacidad, requiere_aprobacion, tarifa) VALUES (46, 5, 'Piscina 46', 'Reglas bsicas', 19, 1, 8604.0);
INSERT INTO amenidad (id, comunidad_id, nombre, reglas, capacidad, requiere_aprobacion, tarifa) VALUES (47, 4, 'Quincho 47', 'Reglas bsicas', 8, 1, 3156.51);
INSERT INTO amenidad (id, comunidad_id, nombre, reglas, capacidad, requiere_aprobacion, tarifa) VALUES (48, 1, 'Sala Multiuso 48', 'Reglas bsicas', 28, 1, 5810.08);
INSERT INTO amenidad (id, comunidad_id, nombre, reglas, capacidad, requiere_aprobacion, tarifa) VALUES (49, 3, 'Sala Reuniones 49', 'Reglas bsicas', 24, 1, 1871.52);
INSERT INTO amenidad (id, comunidad_id, nombre, reglas, capacidad, requiere_aprobacion, tarifa) VALUES (50, 2, 'Piscina 50', 'Reglas bsicas', 29, 1, 9585.27);
INSERT INTO amenidad (id, comunidad_id, nombre, reglas, capacidad, requiere_aprobacion, tarifa) VALUES (51, 3, 'Sala Multiuso 51', 'Reglas bsicas', 34, 1, 4239.43);
INSERT INTO amenidad (id, comunidad_id, nombre, reglas, capacidad, requiere_aprobacion, tarifa) VALUES (52, 3, 'Piscina 52', 'Reglas bsicas', 19, 1, 2796.3);
INSERT INTO amenidad (id, comunidad_id, nombre, reglas, capacidad, requiere_aprobacion, tarifa) VALUES (53, 5, 'Sala Multiuso 53', 'Reglas bsicas', 25, 0, 8141.91);
INSERT INTO amenidad (id, comunidad_id, nombre, reglas, capacidad, requiere_aprobacion, tarifa) VALUES (54, 2, 'Sala Reuniones 54', 'Reglas bsicas', 20, 1, 8563.09);
INSERT INTO amenidad (id, comunidad_id, nombre, reglas, capacidad, requiere_aprobacion, tarifa) VALUES (55, 2, 'Sala Multiuso 55', 'Reglas bsicas', 19, 1, 8056.68);
INSERT INTO amenidad (id, comunidad_id, nombre, reglas, capacidad, requiere_aprobacion, tarifa) VALUES (56, 4, 'Gimnasio 56', 'Reglas bsicas', 28, 0, 9955.62);
INSERT INTO amenidad (id, comunidad_id, nombre, reglas, capacidad, requiere_aprobacion, tarifa) VALUES (57, 4, 'Piscina 57', 'Reglas bsicas', 11, 1, 5621.38);
INSERT INTO amenidad (id, comunidad_id, nombre, reglas, capacidad, requiere_aprobacion, tarifa) VALUES (58, 4, 'Quincho 58', 'Reglas bsicas', 24, 0, 600.36);
INSERT INTO amenidad (id, comunidad_id, nombre, reglas, capacidad, requiere_aprobacion, tarifa) VALUES (59, 4, 'Quincho 59', 'Reglas bsicas', 24, 1, 7445.93);
INSERT INTO amenidad (id, comunidad_id, nombre, reglas, capacidad, requiere_aprobacion, tarifa) VALUES (60, 3, 'Piscina 60', 'Reglas bsicas', 34, 1, 3441.4);

-- Reservas Amenidad
INSERT INTO reserva_amenidad (id, comunidad_id, amenidad_id, unidad_id, persona_id, inicio, fin, estado) VALUES (1, 1, 23, 174, 156, '2025-10-07 17:00:00', '2025-10-07 21:00:00', 'aprobada');
INSERT INTO reserva_amenidad (id, comunidad_id, amenidad_id, unidad_id, persona_id, inicio, fin, estado) VALUES (2, 3, 23, 84, 173, '2025-10-17 15:00:00', '2025-10-17 19:00:00', 'usada');
INSERT INTO reserva_amenidad (id, comunidad_id, amenidad_id, unidad_id, persona_id, inicio, fin, estado) VALUES (3, 1, 25, 158, 74, '2025-10-15 18:00:00', '2025-10-15 20:00:00', 'aprobada');
INSERT INTO reserva_amenidad (id, comunidad_id, amenidad_id, unidad_id, persona_id, inicio, fin, estado) VALUES (4, 3, 27, 162, 157, '2025-10-19 14:00:00', '2025-10-19 16:00:00', 'solicitada');
INSERT INTO reserva_amenidad (id, comunidad_id, amenidad_id, unidad_id, persona_id, inicio, fin, estado) VALUES (5, 2, 22, 59, 81, '2025-10-11 18:00:00', '2025-10-11 21:00:00', 'rechazada');
INSERT INTO reserva_amenidad (id, comunidad_id, amenidad_id, unidad_id, persona_id, inicio, fin, estado) VALUES (6, 5, 42, 102, 70, '2025-10-15 20:00:00', '2025-10-15 23:00:00', 'usada');
INSERT INTO reserva_amenidad (id, comunidad_id, amenidad_id, unidad_id, persona_id, inicio, fin, estado) VALUES (7, 4, 11, 48, 6, '2025-10-05 19:00:00', '2025-10-05 21:00:00', 'rechazada');
INSERT INTO reserva_amenidad (id, comunidad_id, amenidad_id, unidad_id, persona_id, inicio, fin, estado) VALUES (8, 1, 14, 43, 102, '2025-10-04 09:00:00', '2025-10-04 11:00:00', 'usada');
INSERT INTO reserva_amenidad (id, comunidad_id, amenidad_id, unidad_id, persona_id, inicio, fin, estado) VALUES (9, 5, 4, 7, 198, '2025-10-13 16:00:00', '2025-10-13 18:00:00', 'solicitada');
INSERT INTO reserva_amenidad (id, comunidad_id, amenidad_id, unidad_id, persona_id, inicio, fin, estado) VALUES (10, 3, 40, 40, 22, '2025-10-21 14:00:00', '2025-10-21 17:00:00', 'aprobada');
INSERT INTO reserva_amenidad (id, comunidad_id, amenidad_id, unidad_id, persona_id, inicio, fin, estado) VALUES (11, 2, 48, 73, 114, '2025-10-21 10:00:00', '2025-10-21 12:00:00', 'aprobada');
INSERT INTO reserva_amenidad (id, comunidad_id, amenidad_id, unidad_id, persona_id, inicio, fin, estado) VALUES (12, 1, 3, 170, 92, '2025-10-28 13:00:00', '2025-10-28 16:00:00', 'usada');
INSERT INTO reserva_amenidad (id, comunidad_id, amenidad_id, unidad_id, persona_id, inicio, fin, estado) VALUES (13, 5, 60, 70, 141, '2025-10-15 10:00:00', '2025-10-15 14:00:00', 'aprobada');
INSERT INTO reserva_amenidad (id, comunidad_id, amenidad_id, unidad_id, persona_id, inicio, fin, estado) VALUES (14, 5, 39, 117, 162, '2025-10-24 18:00:00', '2025-10-24 22:00:00', 'usada');
INSERT INTO reserva_amenidad (id, comunidad_id, amenidad_id, unidad_id, persona_id, inicio, fin, estado) VALUES (15, 5, 41, 164, 137, '2025-10-10 13:00:00', '2025-10-10 16:00:00', 'aprobada');
INSERT INTO reserva_amenidad (id, comunidad_id, amenidad_id, unidad_id, persona_id, inicio, fin, estado) VALUES (16, 1, 29, 79, 94, '2025-10-14 12:00:00', '2025-10-14 14:00:00', 'rechazada');
INSERT INTO reserva_amenidad (id, comunidad_id, amenidad_id, unidad_id, persona_id, inicio, fin, estado) VALUES (17, 1, 1, 134, 195, '2025-10-28 10:00:00', '2025-10-28 13:00:00', 'rechazada');
INSERT INTO reserva_amenidad (id, comunidad_id, amenidad_id, unidad_id, persona_id, inicio, fin, estado) VALUES (18, 4, 35, 3, 177, '2025-10-16 20:00:00', '2025-10-16 23:00:00', 'rechazada');
INSERT INTO reserva_amenidad (id, comunidad_id, amenidad_id, unidad_id, persona_id, inicio, fin, estado) VALUES (19, 1, 50, 111, 75, '2025-10-20 11:00:00', '2025-10-20 13:00:00', 'rechazada');
INSERT INTO reserva_amenidad (id, comunidad_id, amenidad_id, unidad_id, persona_id, inicio, fin, estado) VALUES (20, 2, 27, 144, 112, '2025-10-13 11:00:00', '2025-10-13 13:00:00', 'usada');
INSERT INTO reserva_amenidad (id, comunidad_id, amenidad_id, unidad_id, persona_id, inicio, fin, estado) VALUES (21, 4, 15, 68, 21, '2025-10-14 18:00:00', '2025-10-14 20:00:00', 'rechazada');
INSERT INTO reserva_amenidad (id, comunidad_id, amenidad_id, unidad_id, persona_id, inicio, fin, estado) VALUES (22, 3, 42, 191, 137, '2025-10-26 12:00:00', '2025-10-26 15:00:00', 'aprobada');
INSERT INTO reserva_amenidad (id, comunidad_id, amenidad_id, unidad_id, persona_id, inicio, fin, estado) VALUES (23, 1, 12, 35, 75, '2025-10-04 18:00:00', '2025-10-04 21:00:00', 'usada');
INSERT INTO reserva_amenidad (id, comunidad_id, amenidad_id, unidad_id, persona_id, inicio, fin, estado) VALUES (24, 3, 45, 160, 126, '2025-10-07 13:00:00', '2025-10-07 15:00:00', 'aprobada');
INSERT INTO reserva_amenidad (id, comunidad_id, amenidad_id, unidad_id, persona_id, inicio, fin, estado) VALUES (25, 1, 35, 6, 48, '2025-10-04 12:00:00', '2025-10-04 15:00:00', 'aprobada');
INSERT INTO reserva_amenidad (id, comunidad_id, amenidad_id, unidad_id, persona_id, inicio, fin, estado) VALUES (26, 4, 47, 3, 60, '2025-10-03 10:00:00', '2025-10-03 12:00:00', 'usada');
INSERT INTO reserva_amenidad (id, comunidad_id, amenidad_id, unidad_id, persona_id, inicio, fin, estado) VALUES (27, 2, 22, 108, 80, '2025-10-26 20:00:00', '2025-10-26 23:00:00', 'rechazada');
INSERT INTO reserva_amenidad (id, comunidad_id, amenidad_id, unidad_id, persona_id, inicio, fin, estado) VALUES (28, 4, 45, 9, 85, '2025-10-03 20:00:00', '2025-10-03 22:00:00', 'solicitada');
INSERT INTO reserva_amenidad (id, comunidad_id, amenidad_id, unidad_id, persona_id, inicio, fin, estado) VALUES (29, 3, 50, 101, 19, '2025-10-18 15:00:00', '2025-10-18 17:00:00', 'aprobada');
INSERT INTO reserva_amenidad (id, comunidad_id, amenidad_id, unidad_id, persona_id, inicio, fin, estado) VALUES (30, 3, 53, 98, 4, '2025-10-04 20:00:00', '2025-10-05 00:00:00', 'aprobada');
INSERT INTO reserva_amenidad (id, comunidad_id, amenidad_id, unidad_id, persona_id, inicio, fin, estado) VALUES (31, 4, 50, 114, 64, '2025-10-24 08:00:00', '2025-10-24 10:00:00', 'usada');
INSERT INTO reserva_amenidad (id, comunidad_id, amenidad_id, unidad_id, persona_id, inicio, fin, estado) VALUES (32, 1, 34, 171, 54, '2025-10-16 14:00:00', '2025-10-16 18:00:00', 'rechazada');
INSERT INTO reserva_amenidad (id, comunidad_id, amenidad_id, unidad_id, persona_id, inicio, fin, estado) VALUES (33, 3, 11, 162, 187, '2025-10-02 19:00:00', '2025-10-02 23:00:00', 'solicitada');
INSERT INTO reserva_amenidad (id, comunidad_id, amenidad_id, unidad_id, persona_id, inicio, fin, estado) VALUES (34, 3, 31, 164, 77, '2025-10-07 13:00:00', '2025-10-07 15:00:00', 'aprobada');
INSERT INTO reserva_amenidad (id, comunidad_id, amenidad_id, unidad_id, persona_id, inicio, fin, estado) VALUES (35, 1, 16, 163, 112, '2025-10-11 08:00:00', '2025-10-11 10:00:00', 'rechazada');
INSERT INTO reserva_amenidad (id, comunidad_id, amenidad_id, unidad_id, persona_id, inicio, fin, estado) VALUES (36, 5, 8, 102, 63, '2025-10-01 08:00:00', '2025-10-01 12:00:00', 'usada');
INSERT INTO reserva_amenidad (id, comunidad_id, amenidad_id, unidad_id, persona_id, inicio, fin, estado) VALUES (37, 5, 10, 96, 198, '2025-10-03 11:00:00', '2025-10-03 13:00:00', 'usada');
INSERT INTO reserva_amenidad (id, comunidad_id, amenidad_id, unidad_id, persona_id, inicio, fin, estado) VALUES (38, 1, 44, 159, 87, '2025-10-25 18:00:00', '2025-10-25 20:00:00', 'solicitada');
INSERT INTO reserva_amenidad (id, comunidad_id, amenidad_id, unidad_id, persona_id, inicio, fin, estado) VALUES (39, 3, 42, 40, 180, '2025-10-18 20:00:00', '2025-10-18 22:00:00', 'aprobada');
INSERT INTO reserva_amenidad (id, comunidad_id, amenidad_id, unidad_id, persona_id, inicio, fin, estado) VALUES (40, 4, 15, 82, 143, '2025-10-26 18:00:00', '2025-10-26 21:00:00', 'usada');
INSERT INTO reserva_amenidad (id, comunidad_id, amenidad_id, unidad_id, persona_id, inicio, fin, estado) VALUES (41, 2, 2, 177, 97, '2025-10-12 19:00:00', '2025-10-12 21:00:00', 'rechazada');
INSERT INTO reserva_amenidad (id, comunidad_id, amenidad_id, unidad_id, persona_id, inicio, fin, estado) VALUES (42, 1, 32, 181, 113, '2025-10-18 12:00:00', '2025-10-18 16:00:00', 'usada');
INSERT INTO reserva_amenidad (id, comunidad_id, amenidad_id, unidad_id, persona_id, inicio, fin, estado) VALUES (43, 2, 37, 48, 140, '2025-10-12 13:00:00', '2025-10-12 17:00:00', 'usada');
INSERT INTO reserva_amenidad (id, comunidad_id, amenidad_id, unidad_id, persona_id, inicio, fin, estado) VALUES (44, 3, 56, 154, 142, '2025-10-06 09:00:00', '2025-10-06 13:00:00', 'aprobada');
INSERT INTO reserva_amenidad (id, comunidad_id, amenidad_id, unidad_id, persona_id, inicio, fin, estado) VALUES (45, 4, 19, 68, 139, '2025-10-12 15:00:00', '2025-10-12 17:00:00', 'usada');
INSERT INTO reserva_amenidad (id, comunidad_id, amenidad_id, unidad_id, persona_id, inicio, fin, estado) VALUES (46, 2, 57, 5, 159, '2025-10-28 13:00:00', '2025-10-28 17:00:00', 'aprobada');
INSERT INTO reserva_amenidad (id, comunidad_id, amenidad_id, unidad_id, persona_id, inicio, fin, estado) VALUES (47, 3, 47, 17, 169, '2025-10-18 14:00:00', '2025-10-18 16:00:00', 'usada');
INSERT INTO reserva_amenidad (id, comunidad_id, amenidad_id, unidad_id, persona_id, inicio, fin, estado) VALUES (48, 5, 10, 157, 73, '2025-10-11 14:00:00', '2025-10-11 18:00:00', 'rechazada');
INSERT INTO reserva_amenidad (id, comunidad_id, amenidad_id, unidad_id, persona_id, inicio, fin, estado) VALUES (49, 1, 7, 134, 169, '2025-10-03 08:00:00', '2025-10-03 10:00:00', 'aprobada');
INSERT INTO reserva_amenidad (id, comunidad_id, amenidad_id, unidad_id, persona_id, inicio, fin, estado) VALUES (50, 1, 13, 28, 125, '2025-10-07 09:00:00', '2025-10-07 11:00:00', 'usada');
INSERT INTO reserva_amenidad (id, comunidad_id, amenidad_id, unidad_id, persona_id, inicio, fin, estado) VALUES (51, 4, 34, 160, 180, '2025-10-19 12:00:00', '2025-10-19 14:00:00', 'rechazada');
INSERT INTO reserva_amenidad (id, comunidad_id, amenidad_id, unidad_id, persona_id, inicio, fin, estado) VALUES (52, 2, 39, 184, 19, '2025-10-01 11:00:00', '2025-10-01 15:00:00', 'usada');
INSERT INTO reserva_amenidad (id, comunidad_id, amenidad_id, unidad_id, persona_id, inicio, fin, estado) VALUES (53, 1, 30, 164, 16, '2025-10-12 16:00:00', '2025-10-12 20:00:00', 'usada');
INSERT INTO reserva_amenidad (id, comunidad_id, amenidad_id, unidad_id, persona_id, inicio, fin, estado) VALUES (54, 3, 51, 182, 15, '2025-10-27 17:00:00', '2025-10-27 20:00:00', 'solicitada');
INSERT INTO reserva_amenidad (id, comunidad_id, amenidad_id, unidad_id, persona_id, inicio, fin, estado) VALUES (55, 1, 54, 78, 20, '2025-10-07 16:00:00', '2025-10-07 18:00:00', 'solicitada');
INSERT INTO reserva_amenidad (id, comunidad_id, amenidad_id, unidad_id, persona_id, inicio, fin, estado) VALUES (56, 2, 35, 99, 49, '2025-10-07 16:00:00', '2025-10-07 20:00:00', 'aprobada');
INSERT INTO reserva_amenidad (id, comunidad_id, amenidad_id, unidad_id, persona_id, inicio, fin, estado) VALUES (57, 5, 41, 46, 143, '2025-10-24 16:00:00', '2025-10-24 19:00:00', 'solicitada');
INSERT INTO reserva_amenidad (id, comunidad_id, amenidad_id, unidad_id, persona_id, inicio, fin, estado) VALUES (58, 5, 23, 173, 118, '2025-10-23 18:00:00', '2025-10-23 21:00:00', 'solicitada');
INSERT INTO reserva_amenidad (id, comunidad_id, amenidad_id, unidad_id, persona_id, inicio, fin, estado) VALUES (59, 2, 51, 47, 141, '2025-10-13 16:00:00', '2025-10-13 19:00:00', 'aprobada');
INSERT INTO reserva_amenidad (id, comunidad_id, amenidad_id, unidad_id, persona_id, inicio, fin, estado) VALUES (60, 5, 39, 114, 91, '2025-10-11 16:00:00', '2025-10-11 19:00:00', 'rechazada');
INSERT INTO reserva_amenidad (id, comunidad_id, amenidad_id, unidad_id, persona_id, inicio, fin, estado) VALUES (61, 4, 49, 163, 111, '2025-10-27 19:00:00', '2025-10-27 22:00:00', 'aprobada');
INSERT INTO reserva_amenidad (id, comunidad_id, amenidad_id, unidad_id, persona_id, inicio, fin, estado) VALUES (62, 5, 35, 55, 97, '2025-10-25 16:00:00', '2025-10-25 20:00:00', 'rechazada');
INSERT INTO reserva_amenidad (id, comunidad_id, amenidad_id, unidad_id, persona_id, inicio, fin, estado) VALUES (63, 3, 29, 115, 102, '2025-10-01 19:00:00', '2025-10-01 21:00:00', 'rechazada');
INSERT INTO reserva_amenidad (id, comunidad_id, amenidad_id, unidad_id, persona_id, inicio, fin, estado) VALUES (64, 5, 2, 133, 35, '2025-10-10 08:00:00', '2025-10-10 11:00:00', 'aprobada');
INSERT INTO reserva_amenidad (id, comunidad_id, amenidad_id, unidad_id, persona_id, inicio, fin, estado) VALUES (65, 2, 55, 81, 6, '2025-10-25 19:00:00', '2025-10-25 22:00:00', 'aprobada');
INSERT INTO reserva_amenidad (id, comunidad_id, amenidad_id, unidad_id, persona_id, inicio, fin, estado) VALUES (66, 1, 3, 118, 92, '2025-10-05 10:00:00', '2025-10-05 13:00:00', 'rechazada');
INSERT INTO reserva_amenidad (id, comunidad_id, amenidad_id, unidad_id, persona_id, inicio, fin, estado) VALUES (67, 5, 16, 60, 66, '2025-10-26 12:00:00', '2025-10-26 14:00:00', 'usada');
INSERT INTO reserva_amenidad (id, comunidad_id, amenidad_id, unidad_id, persona_id, inicio, fin, estado) VALUES (68, 5, 59, 56, 188, '2025-10-03 19:00:00', '2025-10-03 22:00:00', 'usada');
INSERT INTO reserva_amenidad (id, comunidad_id, amenidad_id, unidad_id, persona_id, inicio, fin, estado) VALUES (69, 2, 32, 177, 180, '2025-10-19 09:00:00', '2025-10-19 13:00:00', 'rechazada');
INSERT INTO reserva_amenidad (id, comunidad_id, amenidad_id, unidad_id, persona_id, inicio, fin, estado) VALUES (70, 1, 47, 148, 98, '2025-10-03 20:00:00', '2025-10-03 22:00:00', 'rechazada');
INSERT INTO reserva_amenidad (id, comunidad_id, amenidad_id, unidad_id, persona_id, inicio, fin, estado) VALUES (71, 3, 57, 112, 107, '2025-10-28 09:00:00', '2025-10-28 11:00:00', 'solicitada');
INSERT INTO reserva_amenidad (id, comunidad_id, amenidad_id, unidad_id, persona_id, inicio, fin, estado) VALUES (72, 4, 4, 79, 135, '2025-10-02 13:00:00', '2025-10-02 17:00:00', 'aprobada');
INSERT INTO reserva_amenidad (id, comunidad_id, amenidad_id, unidad_id, persona_id, inicio, fin, estado) VALUES (73, 3, 33, 179, 57, '2025-10-05 08:00:00', '2025-10-05 12:00:00', 'usada');
INSERT INTO reserva_amenidad (id, comunidad_id, amenidad_id, unidad_id, persona_id, inicio, fin, estado) VALUES (74, 4, 49, 153, 148, '2025-10-17 09:00:00', '2025-10-17 11:00:00', 'usada');
INSERT INTO reserva_amenidad (id, comunidad_id, amenidad_id, unidad_id, persona_id, inicio, fin, estado) VALUES (75, 3, 51, 101, 38, '2025-10-05 13:00:00', '2025-10-05 15:00:00', 'usada');
INSERT INTO reserva_amenidad (id, comunidad_id, amenidad_id, unidad_id, persona_id, inicio, fin, estado) VALUES (76, 5, 48, 13, 141, '2025-10-13 12:00:00', '2025-10-13 14:00:00', 'usada');
INSERT INTO reserva_amenidad (id, comunidad_id, amenidad_id, unidad_id, persona_id, inicio, fin, estado) VALUES (77, 5, 28, 199, 179, '2025-10-05 20:00:00', '2025-10-05 22:00:00', 'usada');
INSERT INTO reserva_amenidad (id, comunidad_id, amenidad_id, unidad_id, persona_id, inicio, fin, estado) VALUES (78, 5, 13, 125, 102, '2025-10-21 17:00:00', '2025-10-21 19:00:00', 'aprobada');
INSERT INTO reserva_amenidad (id, comunidad_id, amenidad_id, unidad_id, persona_id, inicio, fin, estado) VALUES (79, 2, 5, 69, 199, '2025-10-14 13:00:00', '2025-10-14 17:00:00', 'solicitada');
INSERT INTO reserva_amenidad (id, comunidad_id, amenidad_id, unidad_id, persona_id, inicio, fin, estado) VALUES (80, 1, 43, 106, 109, '2025-10-12 13:00:00', '2025-10-12 15:00:00', 'rechazada');
INSERT INTO reserva_amenidad (id, comunidad_id, amenidad_id, unidad_id, persona_id, inicio, fin, estado) VALUES (81, 3, 39, 168, 7, '2025-10-25 12:00:00', '2025-10-25 14:00:00', 'rechazada');
INSERT INTO reserva_amenidad (id, comunidad_id, amenidad_id, unidad_id, persona_id, inicio, fin, estado) VALUES (82, 5, 53, 114, 160, '2025-10-05 15:00:00', '2025-10-05 17:00:00', 'aprobada');
INSERT INTO reserva_amenidad (id, comunidad_id, amenidad_id, unidad_id, persona_id, inicio, fin, estado) VALUES (83, 2, 44, 96, 40, '2025-10-25 19:00:00', '2025-10-25 21:00:00', 'solicitada');
INSERT INTO reserva_amenidad (id, comunidad_id, amenidad_id, unidad_id, persona_id, inicio, fin, estado) VALUES (84, 1, 16, 159, 38, '2025-10-28 12:00:00', '2025-10-28 14:00:00', 'rechazada');
INSERT INTO reserva_amenidad (id, comunidad_id, amenidad_id, unidad_id, persona_id, inicio, fin, estado) VALUES (85, 1, 20, 116, 121, '2025-10-01 13:00:00', '2025-10-01 15:00:00', 'aprobada');
INSERT INTO reserva_amenidad (id, comunidad_id, amenidad_id, unidad_id, persona_id, inicio, fin, estado) VALUES (86, 2, 35, 134, 193, '2025-10-09 16:00:00', '2025-10-09 19:00:00', 'aprobada');
INSERT INTO reserva_amenidad (id, comunidad_id, amenidad_id, unidad_id, persona_id, inicio, fin, estado) VALUES (87, 1, 25, 150, 170, '2025-10-17 08:00:00', '2025-10-17 11:00:00', 'aprobada');
INSERT INTO reserva_amenidad (id, comunidad_id, amenidad_id, unidad_id, persona_id, inicio, fin, estado) VALUES (88, 1, 19, 52, 179, '2025-10-20 12:00:00', '2025-10-20 14:00:00', 'usada');
INSERT INTO reserva_amenidad (id, comunidad_id, amenidad_id, unidad_id, persona_id, inicio, fin, estado) VALUES (89, 1, 5, 100, 170, '2025-10-09 18:00:00', '2025-10-09 22:00:00', 'rechazada');
INSERT INTO reserva_amenidad (id, comunidad_id, amenidad_id, unidad_id, persona_id, inicio, fin, estado) VALUES (90, 1, 2, 75, 167, '2025-10-13 11:00:00', '2025-10-13 14:00:00', 'solicitada');
INSERT INTO reserva_amenidad (id, comunidad_id, amenidad_id, unidad_id, persona_id, inicio, fin, estado) VALUES (91, 3, 32, 153, 137, '2025-10-03 10:00:00', '2025-10-03 12:00:00', 'usada');
INSERT INTO reserva_amenidad (id, comunidad_id, amenidad_id, unidad_id, persona_id, inicio, fin, estado) VALUES (92, 5, 60, 183, 6, '2025-10-02 11:00:00', '2025-10-02 15:00:00', 'rechazada');
INSERT INTO reserva_amenidad (id, comunidad_id, amenidad_id, unidad_id, persona_id, inicio, fin, estado) VALUES (93, 3, 32, 101, 191, '2025-10-06 08:00:00', '2025-10-06 11:00:00', 'rechazada');
INSERT INTO reserva_amenidad (id, comunidad_id, amenidad_id, unidad_id, persona_id, inicio, fin, estado) VALUES (94, 3, 41, 78, 61, '2025-10-17 12:00:00', '2025-10-17 14:00:00', 'rechazada');
INSERT INTO reserva_amenidad (id, comunidad_id, amenidad_id, unidad_id, persona_id, inicio, fin, estado) VALUES (95, 4, 57, 8, 143, '2025-10-09 11:00:00', '2025-10-09 13:00:00', 'rechazada');
INSERT INTO reserva_amenidad (id, comunidad_id, amenidad_id, unidad_id, persona_id, inicio, fin, estado) VALUES (96, 4, 43, 36, 23, '2025-10-24 14:00:00', '2025-10-24 18:00:00', 'aprobada');
INSERT INTO reserva_amenidad (id, comunidad_id, amenidad_id, unidad_id, persona_id, inicio, fin, estado) VALUES (97, 4, 16, 147, 40, '2025-10-14 12:00:00', '2025-10-14 16:00:00', 'rechazada');
INSERT INTO reserva_amenidad (id, comunidad_id, amenidad_id, unidad_id, persona_id, inicio, fin, estado) VALUES (98, 4, 35, 34, 53, '2025-10-21 10:00:00', '2025-10-21 14:00:00', 'aprobada');
INSERT INTO reserva_amenidad (id, comunidad_id, amenidad_id, unidad_id, persona_id, inicio, fin, estado) VALUES (99, 2, 20, 177, 181, '2025-10-17 10:00:00', '2025-10-17 13:00:00', 'aprobada');
INSERT INTO reserva_amenidad (id, comunidad_id, amenidad_id, unidad_id, persona_id, inicio, fin, estado) VALUES (100, 5, 59, 41, 82, '2025-10-03 16:00:00', '2025-10-03 20:00:00', 'solicitada');
INSERT INTO reserva_amenidad (id, comunidad_id, amenidad_id, unidad_id, persona_id, inicio, fin, estado) VALUES (101, 2, 21, 38, 187, '2025-10-01 20:00:00', '2025-10-01 23:00:00', 'usada');
INSERT INTO reserva_amenidad (id, comunidad_id, amenidad_id, unidad_id, persona_id, inicio, fin, estado) VALUES (102, 4, 20, 114, 191, '2025-10-27 18:00:00', '2025-10-27 22:00:00', 'rechazada');
INSERT INTO reserva_amenidad (id, comunidad_id, amenidad_id, unidad_id, persona_id, inicio, fin, estado) VALUES (103, 2, 50, 49, 28, '2025-10-05 10:00:00', '2025-10-05 12:00:00', 'rechazada');
INSERT INTO reserva_amenidad (id, comunidad_id, amenidad_id, unidad_id, persona_id, inicio, fin, estado) VALUES (104, 5, 37, 157, 60, '2025-10-20 11:00:00', '2025-10-20 13:00:00', 'solicitada');
INSERT INTO reserva_amenidad (id, comunidad_id, amenidad_id, unidad_id, persona_id, inicio, fin, estado) VALUES (105, 3, 6, 177, 200, '2025-10-16 10:00:00', '2025-10-16 14:00:00', 'usada');
INSERT INTO reserva_amenidad (id, comunidad_id, amenidad_id, unidad_id, persona_id, inicio, fin, estado) VALUES (106, 3, 12, 100, 126, '2025-10-16 10:00:00', '2025-10-16 12:00:00', 'aprobada');
INSERT INTO reserva_amenidad (id, comunidad_id, amenidad_id, unidad_id, persona_id, inicio, fin, estado) VALUES (107, 2, 3, 105, 196, '2025-10-01 12:00:00', '2025-10-01 15:00:00', 'aprobada');
INSERT INTO reserva_amenidad (id, comunidad_id, amenidad_id, unidad_id, persona_id, inicio, fin, estado) VALUES (108, 2, 49, 53, 17, '2025-10-06 15:00:00', '2025-10-06 19:00:00', 'usada');
INSERT INTO reserva_amenidad (id, comunidad_id, amenidad_id, unidad_id, persona_id, inicio, fin, estado) VALUES (109, 3, 56, 118, 64, '2025-10-14 14:00:00', '2025-10-14 16:00:00', 'usada');
INSERT INTO reserva_amenidad (id, comunidad_id, amenidad_id, unidad_id, persona_id, inicio, fin, estado) VALUES (110, 3, 26, 157, 191, '2025-10-19 17:00:00', '2025-10-19 21:00:00', 'solicitada');
INSERT INTO reserva_amenidad (id, comunidad_id, amenidad_id, unidad_id, persona_id, inicio, fin, estado) VALUES (111, 5, 7, 116, 117, '2025-10-27 08:00:00', '2025-10-27 10:00:00', 'usada');
INSERT INTO reserva_amenidad (id, comunidad_id, amenidad_id, unidad_id, persona_id, inicio, fin, estado) VALUES (112, 1, 36, 100, 133, '2025-10-25 18:00:00', '2025-10-25 20:00:00', 'aprobada');
INSERT INTO reserva_amenidad (id, comunidad_id, amenidad_id, unidad_id, persona_id, inicio, fin, estado) VALUES (113, 3, 29, 102, 78, '2025-10-25 12:00:00', '2025-10-25 15:00:00', 'aprobada');
INSERT INTO reserva_amenidad (id, comunidad_id, amenidad_id, unidad_id, persona_id, inicio, fin, estado) VALUES (114, 4, 19, 157, 14, '2025-10-23 16:00:00', '2025-10-23 18:00:00', 'usada');
INSERT INTO reserva_amenidad (id, comunidad_id, amenidad_id, unidad_id, persona_id, inicio, fin, estado) VALUES (115, 4, 6, 185, 129, '2025-10-04 10:00:00', '2025-10-04 14:00:00', 'aprobada');
INSERT INTO reserva_amenidad (id, comunidad_id, amenidad_id, unidad_id, persona_id, inicio, fin, estado) VALUES (116, 4, 27, 83, 116, '2025-10-01 10:00:00', '2025-10-01 13:00:00', 'aprobada');
INSERT INTO reserva_amenidad (id, comunidad_id, amenidad_id, unidad_id, persona_id, inicio, fin, estado) VALUES (117, 4, 6, 65, 83, '2025-10-23 18:00:00', '2025-10-23 22:00:00', 'aprobada');
INSERT INTO reserva_amenidad (id, comunidad_id, amenidad_id, unidad_id, persona_id, inicio, fin, estado) VALUES (118, 1, 6, 30, 181, '2025-10-15 18:00:00', '2025-10-15 21:00:00', 'solicitada');
INSERT INTO reserva_amenidad (id, comunidad_id, amenidad_id, unidad_id, persona_id, inicio, fin, estado) VALUES (119, 5, 46, 99, 187, '2025-10-26 16:00:00', '2025-10-26 20:00:00', 'aprobada');
INSERT INTO reserva_amenidad (id, comunidad_id, amenidad_id, unidad_id, persona_id, inicio, fin, estado) VALUES (120, 4, 36, 98, 12, '2025-10-25 10:00:00', '2025-10-25 13:00:00', 'aprobada');

-- Proveedores
INSERT INTO proveedor (id, comunidad_id, rut, dv, razon_social, giro, email, telefono, direccion, activo) VALUES (1, 2, '77.001.001', '7', 'Proveedor 1', 'Servicios', 'prov1@mail.cl', '+56 2 7001000', 'Dir Prov 1', 1);
INSERT INTO proveedor (id, comunidad_id, rut, dv, razon_social, giro, email, telefono, direccion, activo) VALUES (2, 2, '77.002.002', '7', 'Proveedor 2', 'Servicios', 'prov2@mail.cl', '+56 2 7002000', 'Dir Prov 2', 1);
INSERT INTO proveedor (id, comunidad_id, rut, dv, razon_social, giro, email, telefono, direccion, activo) VALUES (3, 2, '77.003.003', '7', 'Proveedor 3', 'Servicios', 'prov3@mail.cl', '+56 2 7003000', 'Dir Prov 3', 1);
INSERT INTO proveedor (id, comunidad_id, rut, dv, razon_social, giro, email, telefono, direccion, activo) VALUES (4, 1, '77.004.004', '7', 'Proveedor 4', 'Servicios', 'prov4@mail.cl', '+56 2 7004000', 'Dir Prov 4', 1);
INSERT INTO proveedor (id, comunidad_id, rut, dv, razon_social, giro, email, telefono, direccion, activo) VALUES (5, 4, '77.005.005', '7', 'Proveedor 5', 'Servicios', 'prov5@mail.cl', '+56 2 7005000', 'Dir Prov 5', 1);
INSERT INTO proveedor (id, comunidad_id, rut, dv, razon_social, giro, email, telefono, direccion, activo) VALUES (6, 3, '77.006.006', '7', 'Proveedor 6', 'Servicios', 'prov6@mail.cl', '+56 2 7006000', 'Dir Prov 6', 1);
INSERT INTO proveedor (id, comunidad_id, rut, dv, razon_social, giro, email, telefono, direccion, activo) VALUES (7, 3, '77.007.007', '7', 'Proveedor 7', 'Servicios', 'prov7@mail.cl', '+56 2 7007000', 'Dir Prov 7', 1);
INSERT INTO proveedor (id, comunidad_id, rut, dv, razon_social, giro, email, telefono, direccion, activo) VALUES (8, 4, '77.008.008', '7', 'Proveedor 8', 'Servicios', 'prov8@mail.cl', '+56 2 7008000', 'Dir Prov 8', 1);
INSERT INTO proveedor (id, comunidad_id, rut, dv, razon_social, giro, email, telefono, direccion, activo) VALUES (9, 3, '77.009.009', '7', 'Proveedor 9', 'Servicios', 'prov9@mail.cl', '+56 2 7009000', 'Dir Prov 9', 1);
INSERT INTO proveedor (id, comunidad_id, rut, dv, razon_social, giro, email, telefono, direccion, activo) VALUES (10, 2, '77.010.010', '7', 'Proveedor 10', 'Servicios', 'prov10@mail.cl', '+56 2 7010000', 'Dir Prov 10', 1);
INSERT INTO proveedor (id, comunidad_id, rut, dv, razon_social, giro, email, telefono, direccion, activo) VALUES (11, 1, '77.011.011', '7', 'Proveedor 11', 'Servicios', 'prov11@mail.cl', '+56 2 7011000', 'Dir Prov 11', 1);
INSERT INTO proveedor (id, comunidad_id, rut, dv, razon_social, giro, email, telefono, direccion, activo) VALUES (12, 2, '77.012.012', '7', 'Proveedor 12', 'Servicios', 'prov12@mail.cl', '+56 2 7012000', 'Dir Prov 12', 1);
INSERT INTO proveedor (id, comunidad_id, rut, dv, razon_social, giro, email, telefono, direccion, activo) VALUES (13, 2, '77.013.013', '7', 'Proveedor 13', 'Servicios', 'prov13@mail.cl', '+56 2 7013000', 'Dir Prov 13', 1);
INSERT INTO proveedor (id, comunidad_id, rut, dv, razon_social, giro, email, telefono, direccion, activo) VALUES (14, 1, '77.014.014', '7', 'Proveedor 14', 'Servicios', 'prov14@mail.cl', '+56 2 7014000', 'Dir Prov 14', 1);
INSERT INTO proveedor (id, comunidad_id, rut, dv, razon_social, giro, email, telefono, direccion, activo) VALUES (15, 5, '77.015.015', '7', 'Proveedor 15', 'Servicios', 'prov15@mail.cl', '+56 2 7015000', 'Dir Prov 15', 1);
INSERT INTO proveedor (id, comunidad_id, rut, dv, razon_social, giro, email, telefono, direccion, activo) VALUES (16, 3, '77.016.016', '7', 'Proveedor 16', 'Servicios', 'prov16@mail.cl', '+56 2 7016000', 'Dir Prov 16', 1);
INSERT INTO proveedor (id, comunidad_id, rut, dv, razon_social, giro, email, telefono, direccion, activo) VALUES (17, 1, '77.017.017', '7', 'Proveedor 17', 'Servicios', 'prov17@mail.cl', '+56 2 7017000', 'Dir Prov 17', 1);
INSERT INTO proveedor (id, comunidad_id, rut, dv, razon_social, giro, email, telefono, direccion, activo) VALUES (18, 4, '77.018.018', '7', 'Proveedor 18', 'Servicios', 'prov18@mail.cl', '+56 2 7018000', 'Dir Prov 18', 1);
INSERT INTO proveedor (id, comunidad_id, rut, dv, razon_social, giro, email, telefono, direccion, activo) VALUES (19, 4, '77.019.019', '7', 'Proveedor 19', 'Servicios', 'prov19@mail.cl', '+56 2 7019000', 'Dir Prov 19', 1);
INSERT INTO proveedor (id, comunidad_id, rut, dv, razon_social, giro, email, telefono, direccion, activo) VALUES (20, 4, '77.020.020', '7', 'Proveedor 20', 'Servicios', 'prov20@mail.cl', '+56 2 7020000', 'Dir Prov 20', 1);
INSERT INTO proveedor (id, comunidad_id, rut, dv, razon_social, giro, email, telefono, direccion, activo) VALUES (21, 5, '77.021.021', '7', 'Proveedor 21', 'Servicios', 'prov21@mail.cl', '+56 2 7021000', 'Dir Prov 21', 1);
INSERT INTO proveedor (id, comunidad_id, rut, dv, razon_social, giro, email, telefono, direccion, activo) VALUES (22, 1, '77.022.022', '7', 'Proveedor 22', 'Servicios', 'prov22@mail.cl', '+56 2 7022000', 'Dir Prov 22', 1);
INSERT INTO proveedor (id, comunidad_id, rut, dv, razon_social, giro, email, telefono, direccion, activo) VALUES (23, 5, '77.023.023', '7', 'Proveedor 23', 'Servicios', 'prov23@mail.cl', '+56 2 7023000', 'Dir Prov 23', 1);
INSERT INTO proveedor (id, comunidad_id, rut, dv, razon_social, giro, email, telefono, direccion, activo) VALUES (24, 4, '77.024.024', '7', 'Proveedor 24', 'Servicios', 'prov24@mail.cl', '+56 2 7024000', 'Dir Prov 24', 1);
INSERT INTO proveedor (id, comunidad_id, rut, dv, razon_social, giro, email, telefono, direccion, activo) VALUES (25, 2, '77.025.025', '7', 'Proveedor 25', 'Servicios', 'prov25@mail.cl', '+56 2 7025000', 'Dir Prov 25', 1);
INSERT INTO proveedor (id, comunidad_id, rut, dv, razon_social, giro, email, telefono, direccion, activo) VALUES (26, 2, '77.026.026', '7', 'Proveedor 26', 'Servicios', 'prov26@mail.cl', '+56 2 7026000', 'Dir Prov 26', 1);
INSERT INTO proveedor (id, comunidad_id, rut, dv, razon_social, giro, email, telefono, direccion, activo) VALUES (27, 5, '77.027.027', '7', 'Proveedor 27', 'Servicios', 'prov27@mail.cl', '+56 2 7027000', 'Dir Prov 27', 1);
INSERT INTO proveedor (id, comunidad_id, rut, dv, razon_social, giro, email, telefono, direccion, activo) VALUES (28, 4, '77.028.028', '7', 'Proveedor 28', 'Servicios', 'prov28@mail.cl', '+56 2 7028000', 'Dir Prov 28', 1);
INSERT INTO proveedor (id, comunidad_id, rut, dv, razon_social, giro, email, telefono, direccion, activo) VALUES (29, 4, '77.029.029', '7', 'Proveedor 29', 'Servicios', 'prov29@mail.cl', '+56 2 7029000', 'Dir Prov 29', 1);
INSERT INTO proveedor (id, comunidad_id, rut, dv, razon_social, giro, email, telefono, direccion, activo) VALUES (30, 4, '77.030.030', '7', 'Proveedor 30', 'Servicios', 'prov30@mail.cl', '+56 2 7030000', 'Dir Prov 30', 1);
INSERT INTO proveedor (id, comunidad_id, rut, dv, razon_social, giro, email, telefono, direccion, activo) VALUES (31, 4, '77.031.031', '7', 'Proveedor 31', 'Servicios', 'prov31@mail.cl', '+56 2 7031000', 'Dir Prov 31', 1);
INSERT INTO proveedor (id, comunidad_id, rut, dv, razon_social, giro, email, telefono, direccion, activo) VALUES (32, 1, '77.032.032', '7', 'Proveedor 32', 'Servicios', 'prov32@mail.cl', '+56 2 7032000', 'Dir Prov 32', 1);
INSERT INTO proveedor (id, comunidad_id, rut, dv, razon_social, giro, email, telefono, direccion, activo) VALUES (33, 5, '77.033.033', '7', 'Proveedor 33', 'Servicios', 'prov33@mail.cl', '+56 2 7033000', 'Dir Prov 33', 1);
INSERT INTO proveedor (id, comunidad_id, rut, dv, razon_social, giro, email, telefono, direccion, activo) VALUES (34, 5, '77.034.034', '7', 'Proveedor 34', 'Servicios', 'prov34@mail.cl', '+56 2 7034000', 'Dir Prov 34', 1);
INSERT INTO proveedor (id, comunidad_id, rut, dv, razon_social, giro, email, telefono, direccion, activo) VALUES (35, 1, '77.035.035', '7', 'Proveedor 35', 'Servicios', 'prov35@mail.cl', '+56 2 7035000', 'Dir Prov 35', 1);
INSERT INTO proveedor (id, comunidad_id, rut, dv, razon_social, giro, email, telefono, direccion, activo) VALUES (36, 2, '77.036.036', '7', 'Proveedor 36', 'Servicios', 'prov36@mail.cl', '+56 2 7036000', 'Dir Prov 36', 1);
INSERT INTO proveedor (id, comunidad_id, rut, dv, razon_social, giro, email, telefono, direccion, activo) VALUES (37, 5, '77.037.037', '7', 'Proveedor 37', 'Servicios', 'prov37@mail.cl', '+56 2 7037000', 'Dir Prov 37', 1);
INSERT INTO proveedor (id, comunidad_id, rut, dv, razon_social, giro, email, telefono, direccion, activo) VALUES (38, 3, '77.038.038', '7', 'Proveedor 38', 'Servicios', 'prov38@mail.cl', '+56 2 7038000', 'Dir Prov 38', 1);
INSERT INTO proveedor (id, comunidad_id, rut, dv, razon_social, giro, email, telefono, direccion, activo) VALUES (39, 5, '77.039.039', '7', 'Proveedor 39', 'Servicios', 'prov39@mail.cl', '+56 2 7039000', 'Dir Prov 39', 1);
INSERT INTO proveedor (id, comunidad_id, rut, dv, razon_social, giro, email, telefono, direccion, activo) VALUES (40, 5, '77.040.040', '7', 'Proveedor 40', 'Servicios', 'prov40@mail.cl', '+56 2 7040000', 'Dir Prov 40', 1);
INSERT INTO proveedor (id, comunidad_id, rut, dv, razon_social, giro, email, telefono, direccion, activo) VALUES (41, 2, '77.041.041', '7', 'Proveedor 41', 'Servicios', 'prov41@mail.cl', '+56 2 7041000', 'Dir Prov 41', 1);
INSERT INTO proveedor (id, comunidad_id, rut, dv, razon_social, giro, email, telefono, direccion, activo) VALUES (42, 1, '77.042.042', '7', 'Proveedor 42', 'Servicios', 'prov42@mail.cl', '+56 2 7042000', 'Dir Prov 42', 1);
INSERT INTO proveedor (id, comunidad_id, rut, dv, razon_social, giro, email, telefono, direccion, activo) VALUES (43, 2, '77.043.043', '7', 'Proveedor 43', 'Servicios', 'prov43@mail.cl', '+56 2 7043000', 'Dir Prov 43', 1);
INSERT INTO proveedor (id, comunidad_id, rut, dv, razon_social, giro, email, telefono, direccion, activo) VALUES (44, 2, '77.044.044', '7', 'Proveedor 44', 'Servicios', 'prov44@mail.cl', '+56 2 7044000', 'Dir Prov 44', 1);
INSERT INTO proveedor (id, comunidad_id, rut, dv, razon_social, giro, email, telefono, direccion, activo) VALUES (45, 1, '77.045.045', '7', 'Proveedor 45', 'Servicios', 'prov45@mail.cl', '+56 2 7045000', 'Dir Prov 45', 1);
INSERT INTO proveedor (id, comunidad_id, rut, dv, razon_social, giro, email, telefono, direccion, activo) VALUES (46, 3, '77.046.046', '7', 'Proveedor 46', 'Servicios', 'prov46@mail.cl', '+56 2 7046000', 'Dir Prov 46', 1);
INSERT INTO proveedor (id, comunidad_id, rut, dv, razon_social, giro, email, telefono, direccion, activo) VALUES (47, 1, '77.047.047', '7', 'Proveedor 47', 'Servicios', 'prov47@mail.cl', '+56 2 7047000', 'Dir Prov 47', 1);
INSERT INTO proveedor (id, comunidad_id, rut, dv, razon_social, giro, email, telefono, direccion, activo) VALUES (48, 2, '77.048.048', '7', 'Proveedor 48', 'Servicios', 'prov48@mail.cl', '+56 2 7048000', 'Dir Prov 48', 1);
INSERT INTO proveedor (id, comunidad_id, rut, dv, razon_social, giro, email, telefono, direccion, activo) VALUES (49, 1, '77.049.049', '7', 'Proveedor 49', 'Servicios', 'prov49@mail.cl', '+56 2 7049000', 'Dir Prov 49', 1);
INSERT INTO proveedor (id, comunidad_id, rut, dv, razon_social, giro, email, telefono, direccion, activo) VALUES (50, 5, '77.050.050', '7', 'Proveedor 50', 'Servicios', 'prov50@mail.cl', '+56 2 7050000', 'Dir Prov 50', 1);
INSERT INTO proveedor (id, comunidad_id, rut, dv, razon_social, giro, email, telefono, direccion, activo) VALUES (51, 5, '77.051.051', '7', 'Proveedor 51', 'Servicios', 'prov51@mail.cl', '+56 2 7051000', 'Dir Prov 51', 1);
INSERT INTO proveedor (id, comunidad_id, rut, dv, razon_social, giro, email, telefono, direccion, activo) VALUES (52, 3, '77.052.052', '7', 'Proveedor 52', 'Servicios', 'prov52@mail.cl', '+56 2 7052000', 'Dir Prov 52', 1);
INSERT INTO proveedor (id, comunidad_id, rut, dv, razon_social, giro, email, telefono, direccion, activo) VALUES (53, 3, '77.053.053', '7', 'Proveedor 53', 'Servicios', 'prov53@mail.cl', '+56 2 7053000', 'Dir Prov 53', 1);
INSERT INTO proveedor (id, comunidad_id, rut, dv, razon_social, giro, email, telefono, direccion, activo) VALUES (54, 1, '77.054.054', '7', 'Proveedor 54', 'Servicios', 'prov54@mail.cl', '+56 2 7054000', 'Dir Prov 54', 1);
INSERT INTO proveedor (id, comunidad_id, rut, dv, razon_social, giro, email, telefono, direccion, activo) VALUES (55, 1, '77.055.055', '7', 'Proveedor 55', 'Servicios', 'prov55@mail.cl', '+56 2 7055000', 'Dir Prov 55', 1);
INSERT INTO proveedor (id, comunidad_id, rut, dv, razon_social, giro, email, telefono, direccion, activo) VALUES (56, 1, '77.056.056', '7', 'Proveedor 56', 'Servicios', 'prov56@mail.cl', '+56 2 7056000', 'Dir Prov 56', 1);
INSERT INTO proveedor (id, comunidad_id, rut, dv, razon_social, giro, email, telefono, direccion, activo) VALUES (57, 4, '77.057.057', '7', 'Proveedor 57', 'Servicios', 'prov57@mail.cl', '+56 2 7057000', 'Dir Prov 57', 1);
INSERT INTO proveedor (id, comunidad_id, rut, dv, razon_social, giro, email, telefono, direccion, activo) VALUES (58, 2, '77.058.058', '7', 'Proveedor 58', 'Servicios', 'prov58@mail.cl', '+56 2 7058000', 'Dir Prov 58', 1);
INSERT INTO proveedor (id, comunidad_id, rut, dv, razon_social, giro, email, telefono, direccion, activo) VALUES (59, 2, '77.059.059', '7', 'Proveedor 59', 'Servicios', 'prov59@mail.cl', '+56 2 7059000', 'Dir Prov 59', 1);
INSERT INTO proveedor (id, comunidad_id, rut, dv, razon_social, giro, email, telefono, direccion, activo) VALUES (60, 3, '77.060.060', '7', 'Proveedor 60', 'Servicios', 'prov60@mail.cl', '+56 2 7060000', 'Dir Prov 60', 1);
INSERT INTO proveedor (id, comunidad_id, rut, dv, razon_social, giro, email, telefono, direccion, activo) VALUES (61, 5, '77.061.061', '7', 'Proveedor 61', 'Servicios', 'prov61@mail.cl', '+56 2 7061000', 'Dir Prov 61', 1);
INSERT INTO proveedor (id, comunidad_id, rut, dv, razon_social, giro, email, telefono, direccion, activo) VALUES (62, 5, '77.062.062', '7', 'Proveedor 62', 'Servicios', 'prov62@mail.cl', '+56 2 7062000', 'Dir Prov 62', 1);
INSERT INTO proveedor (id, comunidad_id, rut, dv, razon_social, giro, email, telefono, direccion, activo) VALUES (63, 5, '77.063.063', '7', 'Proveedor 63', 'Servicios', 'prov63@mail.cl', '+56 2 7063000', 'Dir Prov 63', 1);
INSERT INTO proveedor (id, comunidad_id, rut, dv, razon_social, giro, email, telefono, direccion, activo) VALUES (64, 5, '77.064.064', '7', 'Proveedor 64', 'Servicios', 'prov64@mail.cl', '+56 2 7064000', 'Dir Prov 64', 1);
INSERT INTO proveedor (id, comunidad_id, rut, dv, razon_social, giro, email, telefono, direccion, activo) VALUES (65, 2, '77.065.065', '7', 'Proveedor 65', 'Servicios', 'prov65@mail.cl', '+56 2 7065000', 'Dir Prov 65', 1);
INSERT INTO proveedor (id, comunidad_id, rut, dv, razon_social, giro, email, telefono, direccion, activo) VALUES (66, 4, '77.066.066', '7', 'Proveedor 66', 'Servicios', 'prov66@mail.cl', '+56 2 7066000', 'Dir Prov 66', 1);
INSERT INTO proveedor (id, comunidad_id, rut, dv, razon_social, giro, email, telefono, direccion, activo) VALUES (67, 5, '77.067.067', '7', 'Proveedor 67', 'Servicios', 'prov67@mail.cl', '+56 2 7067000', 'Dir Prov 67', 1);
INSERT INTO proveedor (id, comunidad_id, rut, dv, razon_social, giro, email, telefono, direccion, activo) VALUES (68, 3, '77.068.068', '7', 'Proveedor 68', 'Servicios', 'prov68@mail.cl', '+56 2 7068000', 'Dir Prov 68', 1);
INSERT INTO proveedor (id, comunidad_id, rut, dv, razon_social, giro, email, telefono, direccion, activo) VALUES (69, 1, '77.069.069', '7', 'Proveedor 69', 'Servicios', 'prov69@mail.cl', '+56 2 7069000', 'Dir Prov 69', 1);
INSERT INTO proveedor (id, comunidad_id, rut, dv, razon_social, giro, email, telefono, direccion, activo) VALUES (70, 1, '77.070.070', '7', 'Proveedor 70', 'Servicios', 'prov70@mail.cl', '+56 2 7070000', 'Dir Prov 70', 1);
INSERT INTO proveedor (id, comunidad_id, rut, dv, razon_social, giro, email, telefono, direccion, activo) VALUES (71, 3, '77.071.071', '7', 'Proveedor 71', 'Servicios', 'prov71@mail.cl', '+56 2 7071000', 'Dir Prov 71', 1);
INSERT INTO proveedor (id, comunidad_id, rut, dv, razon_social, giro, email, telefono, direccion, activo) VALUES (72, 3, '77.072.072', '7', 'Proveedor 72', 'Servicios', 'prov72@mail.cl', '+56 2 7072000', 'Dir Prov 72', 1);
INSERT INTO proveedor (id, comunidad_id, rut, dv, razon_social, giro, email, telefono, direccion, activo) VALUES (73, 3, '77.073.073', '7', 'Proveedor 73', 'Servicios', 'prov73@mail.cl', '+56 2 7073000', 'Dir Prov 73', 1);
INSERT INTO proveedor (id, comunidad_id, rut, dv, razon_social, giro, email, telefono, direccion, activo) VALUES (74, 4, '77.074.074', '7', 'Proveedor 74', 'Servicios', 'prov74@mail.cl', '+56 2 7074000', 'Dir Prov 74', 1);
INSERT INTO proveedor (id, comunidad_id, rut, dv, razon_social, giro, email, telefono, direccion, activo) VALUES (75, 1, '77.075.075', '7', 'Proveedor 75', 'Servicios', 'prov75@mail.cl', '+56 2 7075000', 'Dir Prov 75', 1);
INSERT INTO proveedor (id, comunidad_id, rut, dv, razon_social, giro, email, telefono, direccion, activo) VALUES (76, 4, '77.076.076', '7', 'Proveedor 76', 'Servicios', 'prov76@mail.cl', '+56 2 7076000', 'Dir Prov 76', 1);
INSERT INTO proveedor (id, comunidad_id, rut, dv, razon_social, giro, email, telefono, direccion, activo) VALUES (77, 5, '77.077.077', '7', 'Proveedor 77', 'Servicios', 'prov77@mail.cl', '+56 2 7077000', 'Dir Prov 77', 1);
INSERT INTO proveedor (id, comunidad_id, rut, dv, razon_social, giro, email, telefono, direccion, activo) VALUES (78, 1, '77.078.078', '7', 'Proveedor 78', 'Servicios', 'prov78@mail.cl', '+56 2 7078000', 'Dir Prov 78', 1);
INSERT INTO proveedor (id, comunidad_id, rut, dv, razon_social, giro, email, telefono, direccion, activo) VALUES (79, 3, '77.079.079', '7', 'Proveedor 79', 'Servicios', 'prov79@mail.cl', '+56 2 7079000', 'Dir Prov 79', 1);
INSERT INTO proveedor (id, comunidad_id, rut, dv, razon_social, giro, email, telefono, direccion, activo) VALUES (80, 4, '77.080.080', '7', 'Proveedor 80', 'Servicios', 'prov80@mail.cl', '+56 2 7080000', 'Dir Prov 80', 1);

-- Documentos de Compra
INSERT INTO documento_compra (id, comunidad_id, proveedor_id, tipo_doc, folio, fecha_emision, neto, iva, exento, total, glosa) VALUES (1, 2, 16, 'boleta', 'F-2-16-1', '2025-09-22', 181763.18, 34535.0, 0.0, 216298.18, 'Compra 1');
INSERT INTO documento_compra (id, comunidad_id, proveedor_id, tipo_doc, folio, fecha_emision, neto, iva, exento, total, glosa) VALUES (2, 5, 27, 'factura', 'F-5-27-2', '2025-10-10', 64546.15, 12263.77, 0.0, 76809.92, 'Compra 2');
INSERT INTO documento_compra (id, comunidad_id, proveedor_id, tipo_doc, folio, fecha_emision, neto, iva, exento, total, glosa) VALUES (3, 5, 68, 'factura', 'F-5-68-3', '2025-10-01', 231018.53, 43893.52, 0.0, 274912.05, 'Compra 3');
INSERT INTO documento_compra (id, comunidad_id, proveedor_id, tipo_doc, folio, fecha_emision, neto, iva, exento, total, glosa) VALUES (4, 5, 37, 'boleta', 'F-5-37-4', '2025-10-09', 261949.49, 49770.4, 0.0, 311719.89, 'Compra 4');
INSERT INTO documento_compra (id, comunidad_id, proveedor_id, tipo_doc, folio, fecha_emision, neto, iva, exento, total, glosa) VALUES (5, 3, 68, 'boleta', 'F-3-68-5', '2025-10-30', 82428.28, 15661.37, 0.0, 98089.65, 'Compra 5');
INSERT INTO documento_compra (id, comunidad_id, proveedor_id, tipo_doc, folio, fecha_emision, neto, iva, exento, total, glosa) VALUES (6, 5, 64, 'boleta', 'F-5-64-6', '2025-10-02', 251995.09, 47879.07, 0.0, 299874.16, 'Compra 6');
INSERT INTO documento_compra (id, comunidad_id, proveedor_id, tipo_doc, folio, fecha_emision, neto, iva, exento, total, glosa) VALUES (7, 5, 30, 'boleta', 'F-5-30-7', '2025-09-13', 50395.23, 9575.09, 0.0, 59970.32, 'Compra 7');
INSERT INTO documento_compra (id, comunidad_id, proveedor_id, tipo_doc, folio, fecha_emision, neto, iva, exento, total, glosa) VALUES (8, 1, 60, 'factura', 'F-1-60-8', '2025-10-18', 262017.45, 49783.32, 0.0, 311800.77, 'Compra 8');
INSERT INTO documento_compra (id, comunidad_id, proveedor_id, tipo_doc, folio, fecha_emision, neto, iva, exento, total, glosa) VALUES (9, 5, 54, 'boleta', 'F-5-54-9', '2025-09-03', 133448.06, 25355.13, 0.0, 158803.19, 'Compra 9');
INSERT INTO documento_compra (id, comunidad_id, proveedor_id, tipo_doc, folio, fecha_emision, neto, iva, exento, total, glosa) VALUES (10, 5, 28, 'factura', 'F-5-28-10', '2025-10-11', 100296.78, 19056.39, 0.0, 119353.17, 'Compra 10');
INSERT INTO documento_compra (id, comunidad_id, proveedor_id, tipo_doc, folio, fecha_emision, neto, iva, exento, total, glosa) VALUES (11, 3, 33, 'factura', 'F-3-33-11', '2025-09-20', 125071.0, 23763.49, 0.0, 148834.49, 'Compra 11');
INSERT INTO documento_compra (id, comunidad_id, proveedor_id, tipo_doc, folio, fecha_emision, neto, iva, exento, total, glosa) VALUES (12, 5, 42, 'factura', 'F-5-42-12', '2025-09-08', 221458.95, 42077.2, 0.0, 263536.15, 'Compra 12');
INSERT INTO documento_compra (id, comunidad_id, proveedor_id, tipo_doc, folio, fecha_emision, neto, iva, exento, total, glosa) VALUES (13, 3, 51, 'factura', 'F-3-51-13', '2025-10-24', 93907.27, 17842.38, 0.0, 111749.65, 'Compra 13');
INSERT INTO documento_compra (id, comunidad_id, proveedor_id, tipo_doc, folio, fecha_emision, neto, iva, exento, total, glosa) VALUES (14, 3, 44, 'boleta', 'F-3-44-14', '2025-10-29', 168625.11, 32038.77, 0.0, 200663.88, 'Compra 14');
INSERT INTO documento_compra (id, comunidad_id, proveedor_id, tipo_doc, folio, fecha_emision, neto, iva, exento, total, glosa) VALUES (15, 1, 18, 'boleta', 'F-1-18-15', '2025-09-10', 206800.12, 39292.02, 0.0, 246092.14, 'Compra 15');
INSERT INTO documento_compra (id, comunidad_id, proveedor_id, tipo_doc, folio, fecha_emision, neto, iva, exento, total, glosa) VALUES (16, 5, 43, 'boleta', 'F-5-43-16', '2025-10-21', 253541.66, 48172.92, 0.0, 301714.58, 'Compra 16');
INSERT INTO documento_compra (id, comunidad_id, proveedor_id, tipo_doc, folio, fecha_emision, neto, iva, exento, total, glosa) VALUES (17, 1, 67, 'boleta', 'F-1-67-17', '2025-10-07', 231241.04, 43935.8, 0.0, 275176.84, 'Compra 17');
INSERT INTO documento_compra (id, comunidad_id, proveedor_id, tipo_doc, folio, fecha_emision, neto, iva, exento, total, glosa) VALUES (18, 3, 72, 'factura', 'F-3-72-18', '2025-09-14', 194349.41, 36926.39, 0.0, 231275.8, 'Compra 18');
INSERT INTO documento_compra (id, comunidad_id, proveedor_id, tipo_doc, folio, fecha_emision, neto, iva, exento, total, glosa) VALUES (19, 3, 46, 'factura', 'F-3-46-19', '2025-09-10', 120115.01, 22821.85, 0.0, 142936.86, 'Compra 19');
INSERT INTO documento_compra (id, comunidad_id, proveedor_id, tipo_doc, folio, fecha_emision, neto, iva, exento, total, glosa) VALUES (20, 1, 44, 'boleta', 'F-1-44-20', '2025-10-11', 183568.29, 34877.98, 0.0, 218446.27, 'Compra 20');
INSERT INTO documento_compra (id, comunidad_id, proveedor_id, tipo_doc, folio, fecha_emision, neto, iva, exento, total, glosa) VALUES (21, 2, 74, 'boleta', 'F-2-74-21', '2025-09-12', 198797.97, 37771.61, 0.0, 236569.58, 'Compra 21');
INSERT INTO documento_compra (id, comunidad_id, proveedor_id, tipo_doc, folio, fecha_emision, neto, iva, exento, total, glosa) VALUES (22, 3, 41, 'factura', 'F-3-41-22', '2025-09-18', 153467.39, 29158.8, 0.0, 182626.19, 'Compra 22');
INSERT INTO documento_compra (id, comunidad_id, proveedor_id, tipo_doc, folio, fecha_emision, neto, iva, exento, total, glosa) VALUES (23, 4, 31, 'boleta', 'F-4-31-23', '2025-09-29', 257364.37, 48899.23, 0.0, 306263.6, 'Compra 23');
INSERT INTO documento_compra (id, comunidad_id, proveedor_id, tipo_doc, folio, fecha_emision, neto, iva, exento, total, glosa) VALUES (24, 3, 28, 'boleta', 'F-3-28-24', '2025-09-12', 78057.82, 14830.99, 0.0, 92888.81, 'Compra 24');
INSERT INTO documento_compra (id, comunidad_id, proveedor_id, tipo_doc, folio, fecha_emision, neto, iva, exento, total, glosa) VALUES (25, 1, 26, 'factura', 'F-1-26-25', '2025-09-29', 176498.67, 33534.75, 0.0, 210033.42, 'Compra 25');
INSERT INTO documento_compra (id, comunidad_id, proveedor_id, tipo_doc, folio, fecha_emision, neto, iva, exento, total, glosa) VALUES (26, 4, 65, 'factura', 'F-4-65-26', '2025-09-13', 135028.98, 25655.51, 0.0, 160684.49, 'Compra 26');
INSERT INTO documento_compra (id, comunidad_id, proveedor_id, tipo_doc, folio, fecha_emision, neto, iva, exento, total, glosa) VALUES (27, 4, 68, 'boleta', 'F-4-68-27', '2025-10-20', 131834.49, 25048.55, 0.0, 156883.04, 'Compra 27');
INSERT INTO documento_compra (id, comunidad_id, proveedor_id, tipo_doc, folio, fecha_emision, neto, iva, exento, total, glosa) VALUES (28, 1, 67, 'factura', 'F-1-67-28', '2025-09-14', 231142.66, 43917.11, 0.0, 275059.77, 'Compra 28');
INSERT INTO documento_compra (id, comunidad_id, proveedor_id, tipo_doc, folio, fecha_emision, neto, iva, exento, total, glosa) VALUES (29, 4, 50, 'factura', 'F-4-50-29', '2025-09-01', 127745.33, 24271.61, 0.0, 152016.94, 'Compra 29');
INSERT INTO documento_compra (id, comunidad_id, proveedor_id, tipo_doc, folio, fecha_emision, neto, iva, exento, total, glosa) VALUES (30, 1, 77, 'factura', 'F-1-77-30', '2025-09-22', 166718.98, 31676.61, 0.0, 198395.59, 'Compra 30');
INSERT INTO documento_compra (id, comunidad_id, proveedor_id, tipo_doc, folio, fecha_emision, neto, iva, exento, total, glosa) VALUES (31, 1, 14, 'boleta', 'F-1-14-31', '2025-09-02', 194389.96, 36934.09, 0.0, 231324.05, 'Compra 31');
INSERT INTO documento_compra (id, comunidad_id, proveedor_id, tipo_doc, folio, fecha_emision, neto, iva, exento, total, glosa) VALUES (32, 3, 27, 'boleta', 'F-3-27-32', '2025-09-13', 98136.41, 18645.92, 0.0, 116782.33, 'Compra 32');
INSERT INTO documento_compra (id, comunidad_id, proveedor_id, tipo_doc, folio, fecha_emision, neto, iva, exento, total, glosa) VALUES (33, 3, 69, 'boleta', 'F-3-69-33', '2025-10-20', 160278.91, 30452.99, 0.0, 190731.9, 'Compra 33');
INSERT INTO documento_compra (id, comunidad_id, proveedor_id, tipo_doc, folio, fecha_emision, neto, iva, exento, total, glosa) VALUES (34, 1, 35, 'factura', 'F-1-35-34', '2025-09-11', 118409.22, 22497.75, 0.0, 140906.97, 'Compra 34');
INSERT INTO documento_compra (id, comunidad_id, proveedor_id, tipo_doc, folio, fecha_emision, neto, iva, exento, total, glosa) VALUES (35, 1, 80, 'factura', 'F-1-80-35', '2025-09-14', 185632.18, 35270.11, 0.0, 220902.29, 'Compra 35');
INSERT INTO documento_compra (id, comunidad_id, proveedor_id, tipo_doc, folio, fecha_emision, neto, iva, exento, total, glosa) VALUES (36, 5, 41, 'boleta', 'F-5-41-36', '2025-09-10', 285819.45, 54305.7, 0.0, 340125.15, 'Compra 36');
INSERT INTO documento_compra (id, comunidad_id, proveedor_id, tipo_doc, folio, fecha_emision, neto, iva, exento, total, glosa) VALUES (37, 3, 74, 'factura', 'F-3-74-37', '2025-09-11', 67810.72, 12884.04, 0.0, 80694.76, 'Compra 37');
INSERT INTO documento_compra (id, comunidad_id, proveedor_id, tipo_doc, folio, fecha_emision, neto, iva, exento, total, glosa) VALUES (38, 5, 44, 'boleta', 'F-5-44-38', '2025-09-04', 82518.5, 15678.51, 0.0, 98197.01, 'Compra 38');
INSERT INTO documento_compra (id, comunidad_id, proveedor_id, tipo_doc, folio, fecha_emision, neto, iva, exento, total, glosa) VALUES (39, 4, 7, 'factura', 'F-4-7-39', '2025-09-25', 63449.97, 12055.49, 0.0, 75505.46, 'Compra 39');
INSERT INTO documento_compra (id, comunidad_id, proveedor_id, tipo_doc, folio, fecha_emision, neto, iva, exento, total, glosa) VALUES (40, 4, 51, 'factura', 'F-4-51-40', '2025-10-16', 199030.34, 37815.76, 0.0, 236846.1, 'Compra 40');
INSERT INTO documento_compra (id, comunidad_id, proveedor_id, tipo_doc, folio, fecha_emision, neto, iva, exento, total, glosa) VALUES (41, 5, 58, 'boleta', 'F-5-58-41', '2025-09-20', 133083.02, 25285.77, 0.0, 158368.79, 'Compra 41');
INSERT INTO documento_compra (id, comunidad_id, proveedor_id, tipo_doc, folio, fecha_emision, neto, iva, exento, total, glosa) VALUES (42, 2, 69, 'factura', 'F-2-69-42', '2025-10-30', 238935.73, 45397.79, 0.0, 284333.52, 'Compra 42');
INSERT INTO documento_compra (id, comunidad_id, proveedor_id, tipo_doc, folio, fecha_emision, neto, iva, exento, total, glosa) VALUES (43, 4, 73, 'factura', 'F-4-73-43', '2025-09-06', 253212.75, 48110.42, 0.0, 301323.17, 'Compra 43');
INSERT INTO documento_compra (id, comunidad_id, proveedor_id, tipo_doc, folio, fecha_emision, neto, iva, exento, total, glosa) VALUES (44, 4, 13, 'boleta', 'F-4-13-44', '2025-09-20', 221119.49, 42012.7, 0.0, 263132.19, 'Compra 44');
INSERT INTO documento_compra (id, comunidad_id, proveedor_id, tipo_doc, folio, fecha_emision, neto, iva, exento, total, glosa) VALUES (45, 4, 61, 'factura', 'F-4-61-45', '2025-10-31', 105948.61, 20130.24, 0.0, 126078.85, 'Compra 45');
INSERT INTO documento_compra (id, comunidad_id, proveedor_id, tipo_doc, folio, fecha_emision, neto, iva, exento, total, glosa) VALUES (46, 5, 34, 'boleta', 'F-5-34-46', '2025-09-26', 95838.27, 18209.27, 0.0, 114047.54, 'Compra 46');
INSERT INTO documento_compra (id, comunidad_id, proveedor_id, tipo_doc, folio, fecha_emision, neto, iva, exento, total, glosa) VALUES (47, 3, 42, 'boleta', 'F-3-42-47', '2025-10-02', 57566.03, 10937.55, 0.0, 68503.58, 'Compra 47');
INSERT INTO documento_compra (id, comunidad_id, proveedor_id, tipo_doc, folio, fecha_emision, neto, iva, exento, total, glosa) VALUES (48, 4, 15, 'boleta', 'F-4-15-48', '2025-10-01', 165310.42, 31408.98, 0.0, 196719.4, 'Compra 48');
INSERT INTO documento_compra (id, comunidad_id, proveedor_id, tipo_doc, folio, fecha_emision, neto, iva, exento, total, glosa) VALUES (49, 2, 37, 'boleta', 'F-2-37-49', '2025-10-09', 193669.56, 36797.22, 0.0, 230466.78, 'Compra 49');
INSERT INTO documento_compra (id, comunidad_id, proveedor_id, tipo_doc, folio, fecha_emision, neto, iva, exento, total, glosa) VALUES (50, 5, 14, 'boleta', 'F-5-14-50', '2025-10-23', 228568.27, 43427.97, 0.0, 271996.24, 'Compra 50');
INSERT INTO documento_compra (id, comunidad_id, proveedor_id, tipo_doc, folio, fecha_emision, neto, iva, exento, total, glosa) VALUES (51, 1, 42, 'factura', 'F-1-42-51', '2025-10-21', 125529.53, 23850.61, 0.0, 149380.14, 'Compra 51');
INSERT INTO documento_compra (id, comunidad_id, proveedor_id, tipo_doc, folio, fecha_emision, neto, iva, exento, total, glosa) VALUES (52, 4, 52, 'boleta', 'F-4-52-52', '2025-09-16', 205218.71, 38991.55, 0.0, 244210.26, 'Compra 52');
INSERT INTO documento_compra (id, comunidad_id, proveedor_id, tipo_doc, folio, fecha_emision, neto, iva, exento, total, glosa) VALUES (53, 5, 21, 'boleta', 'F-5-21-53', '2025-09-25', 66514.98, 12637.85, 0.0, 79152.83, 'Compra 53');
INSERT INTO documento_compra (id, comunidad_id, proveedor_id, tipo_doc, folio, fecha_emision, neto, iva, exento, total, glosa) VALUES (54, 2, 76, 'boleta', 'F-2-76-54', '2025-10-21', 295051.31, 56059.75, 0.0, 351111.06, 'Compra 54');
INSERT INTO documento_compra (id, comunidad_id, proveedor_id, tipo_doc, folio, fecha_emision, neto, iva, exento, total, glosa) VALUES (55, 5, 44, 'factura', 'F-5-44-55', '2025-09-12', 215653.06, 40974.08, 0.0, 256627.14, 'Compra 55');
INSERT INTO documento_compra (id, comunidad_id, proveedor_id, tipo_doc, folio, fecha_emision, neto, iva, exento, total, glosa) VALUES (56, 1, 74, 'boleta', 'F-1-74-56', '2025-09-08', 198040.78, 37627.75, 0.0, 235668.53, 'Compra 56');
INSERT INTO documento_compra (id, comunidad_id, proveedor_id, tipo_doc, folio, fecha_emision, neto, iva, exento, total, glosa) VALUES (57, 4, 42, 'factura', 'F-4-42-57', '2025-10-23', 161304.06, 30647.77, 0.0, 191951.83, 'Compra 57');
INSERT INTO documento_compra (id, comunidad_id, proveedor_id, tipo_doc, folio, fecha_emision, neto, iva, exento, total, glosa) VALUES (58, 3, 52, 'factura', 'F-3-52-58', '2025-10-09', 77186.16, 14665.37, 0.0, 91851.53, 'Compra 58');
INSERT INTO documento_compra (id, comunidad_id, proveedor_id, tipo_doc, folio, fecha_emision, neto, iva, exento, total, glosa) VALUES (59, 5, 49, 'boleta', 'F-5-49-59', '2025-10-02', 211247.28, 40136.98, 0.0, 251384.26, 'Compra 59');
INSERT INTO documento_compra (id, comunidad_id, proveedor_id, tipo_doc, folio, fecha_emision, neto, iva, exento, total, glosa) VALUES (60, 1, 12, 'factura', 'F-1-12-60', '2025-10-23', 84729.18, 16098.54, 0.0, 100827.72, 'Compra 60');
INSERT INTO documento_compra (id, comunidad_id, proveedor_id, tipo_doc, folio, fecha_emision, neto, iva, exento, total, glosa) VALUES (61, 5, 1, 'factura', 'F-5-1-61', '2025-10-13', 87304.11, 16587.78, 0.0, 103891.89, 'Compra 61');
INSERT INTO documento_compra (id, comunidad_id, proveedor_id, tipo_doc, folio, fecha_emision, neto, iva, exento, total, glosa) VALUES (62, 5, 38, 'boleta', 'F-5-38-62', '2025-10-10', 194482.85, 36951.74, 0.0, 231434.59, 'Compra 62');
INSERT INTO documento_compra (id, comunidad_id, proveedor_id, tipo_doc, folio, fecha_emision, neto, iva, exento, total, glosa) VALUES (63, 2, 27, 'boleta', 'F-2-27-63', '2025-09-20', 192569.1, 36588.13, 0.0, 229157.23, 'Compra 63');
INSERT INTO documento_compra (id, comunidad_id, proveedor_id, tipo_doc, folio, fecha_emision, neto, iva, exento, total, glosa) VALUES (64, 3, 56, 'boleta', 'F-3-56-64', '2025-09-06', 195681.74, 37179.53, 0.0, 232861.27, 'Compra 64');
INSERT INTO documento_compra (id, comunidad_id, proveedor_id, tipo_doc, folio, fecha_emision, neto, iva, exento, total, glosa) VALUES (65, 5, 66, 'boleta', 'F-5-66-65', '2025-10-25', 81888.92, 15558.89, 0.0, 97447.81, 'Compra 65');
INSERT INTO documento_compra (id, comunidad_id, proveedor_id, tipo_doc, folio, fecha_emision, neto, iva, exento, total, glosa) VALUES (66, 3, 8, 'boleta', 'F-3-8-66', '2025-10-28', 187221.28, 35572.04, 0.0, 222793.32, 'Compra 66');
INSERT INTO documento_compra (id, comunidad_id, proveedor_id, tipo_doc, folio, fecha_emision, neto, iva, exento, total, glosa) VALUES (67, 1, 1, 'boleta', 'F-1-1-67', '2025-09-08', 265311.96, 50409.27, 0.0, 315721.23, 'Compra 67');
INSERT INTO documento_compra (id, comunidad_id, proveedor_id, tipo_doc, folio, fecha_emision, neto, iva, exento, total, glosa) VALUES (68, 1, 31, 'boleta', 'F-1-31-68', '2025-10-15', 197540.97, 37532.78, 0.0, 235073.75, 'Compra 68');
INSERT INTO documento_compra (id, comunidad_id, proveedor_id, tipo_doc, folio, fecha_emision, neto, iva, exento, total, glosa) VALUES (69, 3, 49, 'boleta', 'F-3-49-69', '2025-09-25', 158797.51, 30171.53, 0.0, 188969.04, 'Compra 69');
INSERT INTO documento_compra (id, comunidad_id, proveedor_id, tipo_doc, folio, fecha_emision, neto, iva, exento, total, glosa) VALUES (70, 2, 23, 'boleta', 'F-2-23-70', '2025-09-09', 97056.71, 18440.77, 0.0, 115497.48, 'Compra 70');
INSERT INTO documento_compra (id, comunidad_id, proveedor_id, tipo_doc, folio, fecha_emision, neto, iva, exento, total, glosa) VALUES (71, 4, 47, 'boleta', 'F-4-47-71', '2025-09-10', 122117.72, 23202.37, 0.0, 145320.09, 'Compra 71');
INSERT INTO documento_compra (id, comunidad_id, proveedor_id, tipo_doc, folio, fecha_emision, neto, iva, exento, total, glosa) VALUES (72, 2, 18, 'factura', 'F-2-18-72', '2025-09-05', 212097.31, 40298.49, 0.0, 252395.8, 'Compra 72');
INSERT INTO documento_compra (id, comunidad_id, proveedor_id, tipo_doc, folio, fecha_emision, neto, iva, exento, total, glosa) VALUES (73, 2, 63, 'boleta', 'F-2-63-73', '2025-09-09', 71165.86, 13521.51, 0.0, 84687.37, 'Compra 73');
INSERT INTO documento_compra (id, comunidad_id, proveedor_id, tipo_doc, folio, fecha_emision, neto, iva, exento, total, glosa) VALUES (74, 4, 59, 'boleta', 'F-4-59-74', '2025-10-10', 94949.34, 18040.37, 0.0, 112989.71, 'Compra 74');
INSERT INTO documento_compra (id, comunidad_id, proveedor_id, tipo_doc, folio, fecha_emision, neto, iva, exento, total, glosa) VALUES (75, 5, 55, 'boleta', 'F-5-55-75', '2025-09-25', 138826.81, 26377.09, 0.0, 165203.9, 'Compra 75');
INSERT INTO documento_compra (id, comunidad_id, proveedor_id, tipo_doc, folio, fecha_emision, neto, iva, exento, total, glosa) VALUES (76, 2, 55, 'factura', 'F-2-55-76', '2025-10-07', 174539.24, 33162.46, 0.0, 207701.7, 'Compra 76');
INSERT INTO documento_compra (id, comunidad_id, proveedor_id, tipo_doc, folio, fecha_emision, neto, iva, exento, total, glosa) VALUES (77, 2, 65, 'boleta', 'F-2-65-77', '2025-09-27', 281641.11, 53511.81, 0.0, 335152.92, 'Compra 77');
INSERT INTO documento_compra (id, comunidad_id, proveedor_id, tipo_doc, folio, fecha_emision, neto, iva, exento, total, glosa) VALUES (78, 5, 47, 'factura', 'F-5-47-78', '2025-09-03', 192037.39, 36487.1, 0.0, 228524.49, 'Compra 78');
INSERT INTO documento_compra (id, comunidad_id, proveedor_id, tipo_doc, folio, fecha_emision, neto, iva, exento, total, glosa) VALUES (79, 3, 15, 'boleta', 'F-3-15-79', '2025-10-15', 70015.78, 13303.0, 0.0, 83318.78, 'Compra 79');
INSERT INTO documento_compra (id, comunidad_id, proveedor_id, tipo_doc, folio, fecha_emision, neto, iva, exento, total, glosa) VALUES (80, 5, 36, 'boleta', 'F-5-36-80', '2025-10-04', 69558.65, 13216.14, 0.0, 82774.79, 'Compra 80');
INSERT INTO documento_compra (id, comunidad_id, proveedor_id, tipo_doc, folio, fecha_emision, neto, iva, exento, total, glosa) VALUES (81, 5, 12, 'factura', 'F-5-12-81', '2025-10-01', 207665.71, 39456.48, 0.0, 247122.19, 'Compra 81');
INSERT INTO documento_compra (id, comunidad_id, proveedor_id, tipo_doc, folio, fecha_emision, neto, iva, exento, total, glosa) VALUES (82, 1, 70, 'boleta', 'F-1-70-82', '2025-10-10', 63193.57, 12006.78, 0.0, 75200.35, 'Compra 82');
INSERT INTO documento_compra (id, comunidad_id, proveedor_id, tipo_doc, folio, fecha_emision, neto, iva, exento, total, glosa) VALUES (83, 3, 69, 'factura', 'F-3-69-83', '2025-10-01', 163508.69, 31066.65, 0.0, 194575.34, 'Compra 83');
INSERT INTO documento_compra (id, comunidad_id, proveedor_id, tipo_doc, folio, fecha_emision, neto, iva, exento, total, glosa) VALUES (84, 4, 74, 'boleta', 'F-4-74-84', '2025-09-27', 138228.64, 26263.44, 0.0, 164492.08, 'Compra 84');
INSERT INTO documento_compra (id, comunidad_id, proveedor_id, tipo_doc, folio, fecha_emision, neto, iva, exento, total, glosa) VALUES (85, 3, 38, 'factura', 'F-3-38-85', '2025-09-03', 223762.79, 42514.93, 0.0, 266277.72, 'Compra 85');
INSERT INTO documento_compra (id, comunidad_id, proveedor_id, tipo_doc, folio, fecha_emision, neto, iva, exento, total, glosa) VALUES (86, 5, 39, 'boleta', 'F-5-39-86', '2025-09-04', 207325.01, 39391.75, 0.0, 246716.76, 'Compra 86');
INSERT INTO documento_compra (id, comunidad_id, proveedor_id, tipo_doc, folio, fecha_emision, neto, iva, exento, total, glosa) VALUES (87, 5, 22, 'factura', 'F-5-22-87', '2025-10-13', 297591.21, 56542.33, 0.0, 354133.54, 'Compra 87');
INSERT INTO documento_compra (id, comunidad_id, proveedor_id, tipo_doc, folio, fecha_emision, neto, iva, exento, total, glosa) VALUES (88, 5, 4, 'boleta', 'F-5-4-88', '2025-10-02', 70627.54, 13419.23, 0.0, 84046.77, 'Compra 88');
INSERT INTO documento_compra (id, comunidad_id, proveedor_id, tipo_doc, folio, fecha_emision, neto, iva, exento, total, glosa) VALUES (89, 5, 10, 'boleta', 'F-5-10-89', '2025-09-17', 83134.69, 15795.59, 0.0, 98930.28, 'Compra 89');
INSERT INTO documento_compra (id, comunidad_id, proveedor_id, tipo_doc, folio, fecha_emision, neto, iva, exento, total, glosa) VALUES (90, 3, 36, 'boleta', 'F-3-36-90', '2025-09-01', 235357.29, 44717.89, 0.0, 280075.18, 'Compra 90');
INSERT INTO documento_compra (id, comunidad_id, proveedor_id, tipo_doc, folio, fecha_emision, neto, iva, exento, total, glosa) VALUES (91, 5, 23, 'factura', 'F-5-23-91', '2025-10-13', 161663.29, 30716.03, 0.0, 192379.32, 'Compra 91');
INSERT INTO documento_compra (id, comunidad_id, proveedor_id, tipo_doc, folio, fecha_emision, neto, iva, exento, total, glosa) VALUES (92, 2, 34, 'factura', 'F-2-34-92', '2025-10-02', 95202.3, 18088.44, 0.0, 113290.74, 'Compra 92');
INSERT INTO documento_compra (id, comunidad_id, proveedor_id, tipo_doc, folio, fecha_emision, neto, iva, exento, total, glosa) VALUES (93, 5, 5, 'boleta', 'F-5-5-93', '2025-09-06', 291836.41, 55448.92, 0.0, 347285.33, 'Compra 93');
INSERT INTO documento_compra (id, comunidad_id, proveedor_id, tipo_doc, folio, fecha_emision, neto, iva, exento, total, glosa) VALUES (94, 5, 20, 'boleta', 'F-5-20-94', '2025-10-19', 298396.39, 56695.31, 0.0, 355091.7, 'Compra 94');
INSERT INTO documento_compra (id, comunidad_id, proveedor_id, tipo_doc, folio, fecha_emision, neto, iva, exento, total, glosa) VALUES (95, 4, 31, 'boleta', 'F-4-31-95', '2025-10-17', 209393.67, 39784.8, 0.0, 249178.47, 'Compra 95');
INSERT INTO documento_compra (id, comunidad_id, proveedor_id, tipo_doc, folio, fecha_emision, neto, iva, exento, total, glosa) VALUES (96, 2, 74, 'boleta', 'F-2-74-96', '2025-09-04', 210565.27, 40007.4, 0.0, 250572.67, 'Compra 96');
INSERT INTO documento_compra (id, comunidad_id, proveedor_id, tipo_doc, folio, fecha_emision, neto, iva, exento, total, glosa) VALUES (97, 1, 7, 'factura', 'F-1-7-97', '2025-09-30', 149686.2, 28440.38, 0.0, 178126.58, 'Compra 97');
INSERT INTO documento_compra (id, comunidad_id, proveedor_id, tipo_doc, folio, fecha_emision, neto, iva, exento, total, glosa) VALUES (98, 3, 61, 'factura', 'F-3-61-98', '2025-09-25', 220877.49, 41966.72, 0.0, 262844.21, 'Compra 98');
INSERT INTO documento_compra (id, comunidad_id, proveedor_id, tipo_doc, folio, fecha_emision, neto, iva, exento, total, glosa) VALUES (99, 4, 61, 'boleta', 'F-4-61-99', '2025-09-10', 182610.53, 34696.0, 0.0, 217306.53, 'Compra 99');
INSERT INTO documento_compra (id, comunidad_id, proveedor_id, tipo_doc, folio, fecha_emision, neto, iva, exento, total, glosa) VALUES (100, 4, 2, 'boleta', 'F-4-2-100', '2025-10-30', 249327.26, 47372.18, 0.0, 296699.44, 'Compra 100');
INSERT INTO documento_compra (id, comunidad_id, proveedor_id, tipo_doc, folio, fecha_emision, neto, iva, exento, total, glosa) VALUES (101, 4, 41, 'factura', 'F-4-41-101', '2025-09-07', 279428.04, 53091.33, 0.0, 332519.37, 'Compra 101');
INSERT INTO documento_compra (id, comunidad_id, proveedor_id, tipo_doc, folio, fecha_emision, neto, iva, exento, total, glosa) VALUES (102, 3, 56, 'boleta', 'F-3-56-102', '2025-09-22', 117581.53, 22340.49, 0.0, 139922.02, 'Compra 102');
INSERT INTO documento_compra (id, comunidad_id, proveedor_id, tipo_doc, folio, fecha_emision, neto, iva, exento, total, glosa) VALUES (103, 1, 33, 'boleta', 'F-1-33-103', '2025-09-30', 243287.75, 46224.67, 0.0, 289512.42, 'Compra 103');
INSERT INTO documento_compra (id, comunidad_id, proveedor_id, tipo_doc, folio, fecha_emision, neto, iva, exento, total, glosa) VALUES (104, 2, 76, 'factura', 'F-2-76-104', '2025-10-04', 134351.65, 25526.81, 0.0, 159878.46, 'Compra 104');
INSERT INTO documento_compra (id, comunidad_id, proveedor_id, tipo_doc, folio, fecha_emision, neto, iva, exento, total, glosa) VALUES (105, 2, 41, 'factura', 'F-2-41-105', '2025-10-14', 52119.04, 9902.62, 0.0, 62021.66, 'Compra 105');
INSERT INTO documento_compra (id, comunidad_id, proveedor_id, tipo_doc, folio, fecha_emision, neto, iva, exento, total, glosa) VALUES (106, 1, 2, 'boleta', 'F-1-2-106', '2025-09-07', 181316.07, 34450.05, 0.0, 215766.12, 'Compra 106');
INSERT INTO documento_compra (id, comunidad_id, proveedor_id, tipo_doc, folio, fecha_emision, neto, iva, exento, total, glosa) VALUES (107, 4, 45, 'factura', 'F-4-45-107', '2025-10-17', 120824.25, 22956.61, 0.0, 143780.86, 'Compra 107');
INSERT INTO documento_compra (id, comunidad_id, proveedor_id, tipo_doc, folio, fecha_emision, neto, iva, exento, total, glosa) VALUES (108, 2, 5, 'factura', 'F-2-5-108', '2025-10-10', 72985.32, 13867.21, 0.0, 86852.53, 'Compra 108');
INSERT INTO documento_compra (id, comunidad_id, proveedor_id, tipo_doc, folio, fecha_emision, neto, iva, exento, total, glosa) VALUES (109, 5, 28, 'factura', 'F-5-28-109', '2025-10-16', 289448.83, 54995.28, 0.0, 344444.11, 'Compra 109');
INSERT INTO documento_compra (id, comunidad_id, proveedor_id, tipo_doc, folio, fecha_emision, neto, iva, exento, total, glosa) VALUES (110, 1, 78, 'factura', 'F-1-78-110', '2025-09-25', 214098.66, 40678.75, 0.0, 254777.41, 'Compra 110');
INSERT INTO documento_compra (id, comunidad_id, proveedor_id, tipo_doc, folio, fecha_emision, neto, iva, exento, total, glosa) VALUES (111, 5, 24, 'factura', 'F-5-24-111', '2025-10-15', 96065.75, 18252.49, 0.0, 114318.24, 'Compra 111');
INSERT INTO documento_compra (id, comunidad_id, proveedor_id, tipo_doc, folio, fecha_emision, neto, iva, exento, total, glosa) VALUES (112, 3, 60, 'factura', 'F-3-60-112', '2025-10-11', 163360.94, 31038.58, 0.0, 194399.52, 'Compra 112');
INSERT INTO documento_compra (id, comunidad_id, proveedor_id, tipo_doc, folio, fecha_emision, neto, iva, exento, total, glosa) VALUES (113, 3, 55, 'boleta', 'F-3-55-113', '2025-09-17', 90491.51, 17193.39, 0.0, 107684.9, 'Compra 113');
INSERT INTO documento_compra (id, comunidad_id, proveedor_id, tipo_doc, folio, fecha_emision, neto, iva, exento, total, glosa) VALUES (114, 1, 36, 'factura', 'F-1-36-114', '2025-09-25', 147147.61, 27958.05, 0.0, 175105.66, 'Compra 114');
INSERT INTO documento_compra (id, comunidad_id, proveedor_id, tipo_doc, folio, fecha_emision, neto, iva, exento, total, glosa) VALUES (115, 1, 34, 'boleta', 'F-1-34-115', '2025-09-12', 160143.71, 30427.3, 0.0, 190571.01, 'Compra 115');
INSERT INTO documento_compra (id, comunidad_id, proveedor_id, tipo_doc, folio, fecha_emision, neto, iva, exento, total, glosa) VALUES (116, 4, 26, 'boleta', 'F-4-26-116', '2025-09-12', 211370.79, 40160.45, 0.0, 251531.24, 'Compra 116');
INSERT INTO documento_compra (id, comunidad_id, proveedor_id, tipo_doc, folio, fecha_emision, neto, iva, exento, total, glosa) VALUES (117, 1, 19, 'boleta', 'F-1-19-117', '2025-09-14', 203491.57, 38663.4, 0.0, 242154.97, 'Compra 117');
INSERT INTO documento_compra (id, comunidad_id, proveedor_id, tipo_doc, folio, fecha_emision, neto, iva, exento, total, glosa) VALUES (118, 1, 57, 'boleta', 'F-1-57-118', '2025-09-07', 58715.22, 11155.89, 0.0, 69871.11, 'Compra 118');
INSERT INTO documento_compra (id, comunidad_id, proveedor_id, tipo_doc, folio, fecha_emision, neto, iva, exento, total, glosa) VALUES (119, 1, 74, 'boleta', 'F-1-74-119', '2025-10-20', 161470.51, 30679.4, 0.0, 192149.91, 'Compra 119');
INSERT INTO documento_compra (id, comunidad_id, proveedor_id, tipo_doc, folio, fecha_emision, neto, iva, exento, total, glosa) VALUES (120, 4, 20, 'factura', 'F-4-20-120', '2025-10-30', 59458.91, 11297.19, 0.0, 70756.1, 'Compra 120');

-- Categorias de Gasto
INSERT INTO categoria_gasto (id, comunidad_id, nombre, tipo, cta_contable, activa) VALUES (1, 4, 'Categoria 1', 'multas', '5.01.001', 1);
INSERT INTO categoria_gasto (id, comunidad_id, nombre, tipo, cta_contable, activa) VALUES (2, 2, 'Categoria 2', 'multas', '5.01.002', 1);
INSERT INTO categoria_gasto (id, comunidad_id, nombre, tipo, cta_contable, activa) VALUES (3, 4, 'Categoria 3', 'operacional', '5.01.003', 1);
INSERT INTO categoria_gasto (id, comunidad_id, nombre, tipo, cta_contable, activa) VALUES (4, 5, 'Categoria 4', 'mantencion', '5.01.004', 1);
INSERT INTO categoria_gasto (id, comunidad_id, nombre, tipo, cta_contable, activa) VALUES (5, 4, 'Categoria 5', 'mantencion', '5.01.005', 1);
INSERT INTO categoria_gasto (id, comunidad_id, nombre, tipo, cta_contable, activa) VALUES (6, 4, 'Categoria 6', 'operacional', '5.01.006', 1);
INSERT INTO categoria_gasto (id, comunidad_id, nombre, tipo, cta_contable, activa) VALUES (7, 5, 'Categoria 7', 'consumo', '5.01.007', 1);
INSERT INTO categoria_gasto (id, comunidad_id, nombre, tipo, cta_contable, activa) VALUES (8, 1, 'Categoria 8', 'mantencion', '5.01.008', 1);
INSERT INTO categoria_gasto (id, comunidad_id, nombre, tipo, cta_contable, activa) VALUES (9, 4, 'Categoria 9', 'operacional', '5.01.009', 1);
INSERT INTO categoria_gasto (id, comunidad_id, nombre, tipo, cta_contable, activa) VALUES (10, 5, 'Categoria 10', 'multas', '5.01.010', 1);
INSERT INTO categoria_gasto (id, comunidad_id, nombre, tipo, cta_contable, activa) VALUES (11, 3, 'Categoria 11', 'multas', '5.01.011', 1);
INSERT INTO categoria_gasto (id, comunidad_id, nombre, tipo, cta_contable, activa) VALUES (12, 4, 'Categoria 12', 'operacional', '5.01.012', 1);
INSERT INTO categoria_gasto (id, comunidad_id, nombre, tipo, cta_contable, activa) VALUES (13, 1, 'Categoria 13', 'multas', '5.01.013', 1);
INSERT INTO categoria_gasto (id, comunidad_id, nombre, tipo, cta_contable, activa) VALUES (14, 5, 'Categoria 14', 'multas', '5.01.014', 1);
INSERT INTO categoria_gasto (id, comunidad_id, nombre, tipo, cta_contable, activa) VALUES (15, 1, 'Categoria 15', 'mantencion', '5.01.015', 1);
INSERT INTO categoria_gasto (id, comunidad_id, nombre, tipo, cta_contable, activa) VALUES (16, 3, 'Categoria 16', 'consumo', '5.01.016', 1);
INSERT INTO categoria_gasto (id, comunidad_id, nombre, tipo, cta_contable, activa) VALUES (17, 2, 'Categoria 17', 'operacional', '5.01.017', 1);
INSERT INTO categoria_gasto (id, comunidad_id, nombre, tipo, cta_contable, activa) VALUES (18, 4, 'Categoria 18', 'consumo', '5.01.018', 1);
INSERT INTO categoria_gasto (id, comunidad_id, nombre, tipo, cta_contable, activa) VALUES (19, 3, 'Categoria 19', 'mantencion', '5.01.019', 1);
INSERT INTO categoria_gasto (id, comunidad_id, nombre, tipo, cta_contable, activa) VALUES (20, 1, 'Categoria 20', 'multas', '5.01.020', 1);

-- Centros de Costo
INSERT INTO centro_costo (id, comunidad_id, nombre, codigo) VALUES (1, 4, 'CCosto 1', 'CC01');
INSERT INTO centro_costo (id, comunidad_id, nombre, codigo) VALUES (2, 1, 'CCosto 2', 'CC02');
INSERT INTO centro_costo (id, comunidad_id, nombre, codigo) VALUES (3, 4, 'CCosto 3', 'CC03');
INSERT INTO centro_costo (id, comunidad_id, nombre, codigo) VALUES (4, 2, 'CCosto 4', 'CC04');
INSERT INTO centro_costo (id, comunidad_id, nombre, codigo) VALUES (5, 2, 'CCosto 5', 'CC05');
INSERT INTO centro_costo (id, comunidad_id, nombre, codigo) VALUES (6, 1, 'CCosto 6', 'CC06');
INSERT INTO centro_costo (id, comunidad_id, nombre, codigo) VALUES (7, 2, 'CCosto 7', 'CC07');
INSERT INTO centro_costo (id, comunidad_id, nombre, codigo) VALUES (8, 1, 'CCosto 8', 'CC08');
INSERT INTO centro_costo (id, comunidad_id, nombre, codigo) VALUES (9, 5, 'CCosto 9', 'CC09');
INSERT INTO centro_costo (id, comunidad_id, nombre, codigo) VALUES (10, 2, 'CCosto 10', 'CC10');
INSERT INTO centro_costo (id, comunidad_id, nombre, codigo) VALUES (11, 4, 'CCosto 11', 'CC11');
INSERT INTO centro_costo (id, comunidad_id, nombre, codigo) VALUES (12, 4, 'CCosto 12', 'CC12');

-- Gastos
INSERT INTO gasto (id, comunidad_id, categoria_id, centro_costo_id, documento_compra_id, fecha, monto, glosa, extraordinario) VALUES (1, 1, 18, 11, 40, '2025-10-02', 196200.22, 'Gasto 1', 1);
INSERT INTO gasto (id, comunidad_id, categoria_id, centro_costo_id, documento_compra_id, fecha, monto, glosa, extraordinario) VALUES (2, 1, 2, 6, 8, '2025-09-22', 279966.92, 'Gasto 2', 0);
INSERT INTO gasto (id, comunidad_id, categoria_id, centro_costo_id, documento_compra_id, fecha, monto, glosa, extraordinario) VALUES (3, 4, 4, 4, 104, '2025-10-12', 240214.42, 'Gasto 3', 1);
INSERT INTO gasto (id, comunidad_id, categoria_id, centro_costo_id, documento_compra_id, fecha, monto, glosa, extraordinario) VALUES (4, 5, 5, 12, 75, '2025-09-15', 325189.22, 'Gasto 4', 0);
INSERT INTO gasto (id, comunidad_id, categoria_id, centro_costo_id, documento_compra_id, fecha, monto, glosa, extraordinario) VALUES (5, 2, 16, 11, 3, '2025-10-01', 319369.03, 'Gasto 5', 0);
INSERT INTO gasto (id, comunidad_id, categoria_id, centro_costo_id, documento_compra_id, fecha, monto, glosa, extraordinario) VALUES (6, 2, 5, 1, 23, '2025-10-11', 36486.14, 'Gasto 6', 1);
INSERT INTO gasto (id, comunidad_id, categoria_id, centro_costo_id, documento_compra_id, fecha, monto, glosa, extraordinario) VALUES (7, 1, 15, 10, 22, '2025-10-24', 215044.02, 'Gasto 7', 0);
INSERT INTO gasto (id, comunidad_id, categoria_id, centro_costo_id, documento_compra_id, fecha, monto, glosa, extraordinario) VALUES (8, 1, 16, 10, 103, '2025-10-10', 92788.93, 'Gasto 8', 0);
INSERT INTO gasto (id, comunidad_id, categoria_id, centro_costo_id, documento_compra_id, fecha, monto, glosa, extraordinario) VALUES (9, 4, 11, 12, 87, '2025-09-26', 126997.53, 'Gasto 9', 0);
INSERT INTO gasto (id, comunidad_id, categoria_id, centro_costo_id, documento_compra_id, fecha, monto, glosa, extraordinario) VALUES (10, 3, 7, 1, 76, '2025-09-12', 130716.23, 'Gasto 10', 0);
INSERT INTO gasto (id, comunidad_id, categoria_id, centro_costo_id, documento_compra_id, fecha, monto, glosa, extraordinario) VALUES (11, 3, 5, 7, 22, '2025-10-15', 142076.02, 'Gasto 11', 0);
INSERT INTO gasto (id, comunidad_id, categoria_id, centro_costo_id, documento_compra_id, fecha, monto, glosa, extraordinario) VALUES (12, 4, 8, 10, 6, '2025-09-09', 52989.39, 'Gasto 12', 1);
INSERT INTO gasto (id, comunidad_id, categoria_id, centro_costo_id, documento_compra_id, fecha, monto, glosa, extraordinario) VALUES (13, 2, 1, 8, 11, '2025-09-01', 22383.92, 'Gasto 13', 0);
INSERT INTO gasto (id, comunidad_id, categoria_id, centro_costo_id, documento_compra_id, fecha, monto, glosa, extraordinario) VALUES (14, 5, 10, 7, 89, '2025-10-22', 281439.44, 'Gasto 14', 1);
INSERT INTO gasto (id, comunidad_id, categoria_id, centro_costo_id, documento_compra_id, fecha, monto, glosa, extraordinario) VALUES (15, 2, 7, 3, 82, '2025-09-18', 192618.67, 'Gasto 15', 1);
INSERT INTO gasto (id, comunidad_id, categoria_id, centro_costo_id, documento_compra_id, fecha, monto, glosa, extraordinario) VALUES (16, 2, 6, 10, 89, '2025-09-03', 216769.75, 'Gasto 16', 1);
INSERT INTO gasto (id, comunidad_id, categoria_id, centro_costo_id, documento_compra_id, fecha, monto, glosa, extraordinario) VALUES (17, 5, 3, 11, 106, '2025-10-21', 119395.92, 'Gasto 17', 1);
INSERT INTO gasto (id, comunidad_id, categoria_id, centro_costo_id, documento_compra_id, fecha, monto, glosa, extraordinario) VALUES (18, 1, 18, 4, 25, '2025-09-08', 345579.16, 'Gasto 18', 0);
INSERT INTO gasto (id, comunidad_id, categoria_id, centro_costo_id, documento_compra_id, fecha, monto, glosa, extraordinario) VALUES (19, 5, 12, 9, 65, '2025-09-15', 173191.28, 'Gasto 19', 0);
INSERT INTO gasto (id, comunidad_id, categoria_id, centro_costo_id, documento_compra_id, fecha, monto, glosa, extraordinario) VALUES (20, 3, 2, 4, 15, '2025-10-21', 69241.75, 'Gasto 20', 1);
INSERT INTO gasto (id, comunidad_id, categoria_id, centro_costo_id, documento_compra_id, fecha, monto, glosa, extraordinario) VALUES (21, 4, 6, 3, 86, '2025-10-30', 34228.15, 'Gasto 21', 1);
INSERT INTO gasto (id, comunidad_id, categoria_id, centro_costo_id, documento_compra_id, fecha, monto, glosa, extraordinario) VALUES (22, 3, 7, 7, 33, '2025-09-22', 223550.39, 'Gasto 22', 1);
INSERT INTO gasto (id, comunidad_id, categoria_id, centro_costo_id, documento_compra_id, fecha, monto, glosa, extraordinario) VALUES (23, 1, 4, 12, 7, '2025-10-30', 197329.01, 'Gasto 23', 0);
INSERT INTO gasto (id, comunidad_id, categoria_id, centro_costo_id, documento_compra_id, fecha, monto, glosa, extraordinario) VALUES (24, 1, 16, 9, 15, '2025-09-05', 315376.13, 'Gasto 24', 1);
INSERT INTO gasto (id, comunidad_id, categoria_id, centro_costo_id, documento_compra_id, fecha, monto, glosa, extraordinario) VALUES (25, 5, 19, 6, 54, '2025-09-13', 266538.63, 'Gasto 25', 1);
INSERT INTO gasto (id, comunidad_id, categoria_id, centro_costo_id, documento_compra_id, fecha, monto, glosa, extraordinario) VALUES (26, 2, 4, 6, 30, '2025-09-07', 98249.06, 'Gasto 26', 1);
INSERT INTO gasto (id, comunidad_id, categoria_id, centro_costo_id, documento_compra_id, fecha, monto, glosa, extraordinario) VALUES (27, 2, 13, 4, 10, '2025-10-01', 213080.45, 'Gasto 27', 0);
INSERT INTO gasto (id, comunidad_id, categoria_id, centro_costo_id, documento_compra_id, fecha, monto, glosa, extraordinario) VALUES (28, 4, 5, 4, 119, '2025-10-10', 170146.99, 'Gasto 28', 1);
INSERT INTO gasto (id, comunidad_id, categoria_id, centro_costo_id, documento_compra_id, fecha, monto, glosa, extraordinario) VALUES (29, 3, 5, 8, 93, '2025-09-13', 228566.97, 'Gasto 29', 1);
INSERT INTO gasto (id, comunidad_id, categoria_id, centro_costo_id, documento_compra_id, fecha, monto, glosa, extraordinario) VALUES (30, 2, 11, 3, 5, '2025-10-15', 207659.72, 'Gasto 30', 1);
INSERT INTO gasto (id, comunidad_id, categoria_id, centro_costo_id, documento_compra_id, fecha, monto, glosa, extraordinario) VALUES (31, 2, 4, 8, 59, '2025-09-27', 76496.43, 'Gasto 31', 1);
INSERT INTO gasto (id, comunidad_id, categoria_id, centro_costo_id, documento_compra_id, fecha, monto, glosa, extraordinario) VALUES (32, 2, 10, 10, 21, '2025-10-21', 282206.58, 'Gasto 32', 0);
INSERT INTO gasto (id, comunidad_id, categoria_id, centro_costo_id, documento_compra_id, fecha, monto, glosa, extraordinario) VALUES (33, 5, 18, 4, 12, '2025-09-27', 302801.34, 'Gasto 33', 1);
INSERT INTO gasto (id, comunidad_id, categoria_id, centro_costo_id, documento_compra_id, fecha, monto, glosa, extraordinario) VALUES (34, 2, 19, 8, 108, '2025-09-30', 112126.39, 'Gasto 34', 1);
INSERT INTO gasto (id, comunidad_id, categoria_id, centro_costo_id, documento_compra_id, fecha, monto, glosa, extraordinario) VALUES (35, 2, 8, 6, 56, '2025-10-08', 93394.18, 'Gasto 35', 0);
INSERT INTO gasto (id, comunidad_id, categoria_id, centro_costo_id, documento_compra_id, fecha, monto, glosa, extraordinario) VALUES (36, 5, 1, 7, 6, '2025-09-03', 347120.26, 'Gasto 36', 0);
INSERT INTO gasto (id, comunidad_id, categoria_id, centro_costo_id, documento_compra_id, fecha, monto, glosa, extraordinario) VALUES (37, 4, 17, 7, 62, '2025-10-22', 283345.78, 'Gasto 37', 0);
INSERT INTO gasto (id, comunidad_id, categoria_id, centro_costo_id, documento_compra_id, fecha, monto, glosa, extraordinario) VALUES (38, 4, 16, 4, 11, '2025-10-06', 268515.97, 'Gasto 38', 1);
INSERT INTO gasto (id, comunidad_id, categoria_id, centro_costo_id, documento_compra_id, fecha, monto, glosa, extraordinario) VALUES (39, 2, 5, 6, 38, '2025-09-16', 233721.27, 'Gasto 39', 0);
INSERT INTO gasto (id, comunidad_id, categoria_id, centro_costo_id, documento_compra_id, fecha, monto, glosa, extraordinario) VALUES (40, 1, 16, 11, 40, '2025-09-11', 252090.48, 'Gasto 40', 0);
INSERT INTO gasto (id, comunidad_id, categoria_id, centro_costo_id, documento_compra_id, fecha, monto, glosa, extraordinario) VALUES (41, 4, 15, 3, 112, '2025-10-16', 153768.92, 'Gasto 41', 1);
INSERT INTO gasto (id, comunidad_id, categoria_id, centro_costo_id, documento_compra_id, fecha, monto, glosa, extraordinario) VALUES (42, 4, 1, 11, 10, '2025-09-25', 314833.37, 'Gasto 42', 1);
INSERT INTO gasto (id, comunidad_id, categoria_id, centro_costo_id, documento_compra_id, fecha, monto, glosa, extraordinario) VALUES (43, 5, 2, 5, 55, '2025-10-19', 109030.5, 'Gasto 43', 0);
INSERT INTO gasto (id, comunidad_id, categoria_id, centro_costo_id, documento_compra_id, fecha, monto, glosa, extraordinario) VALUES (44, 1, 20, 6, 95, '2025-10-30', 38087.85, 'Gasto 44', 1);
INSERT INTO gasto (id, comunidad_id, categoria_id, centro_costo_id, documento_compra_id, fecha, monto, glosa, extraordinario) VALUES (45, 1, 4, 7, 47, '2025-09-30', 224314.04, 'Gasto 45', 1);
INSERT INTO gasto (id, comunidad_id, categoria_id, centro_costo_id, documento_compra_id, fecha, monto, glosa, extraordinario) VALUES (46, 3, 6, 11, 72, '2025-10-16', 42111.95, 'Gasto 46', 0);
INSERT INTO gasto (id, comunidad_id, categoria_id, centro_costo_id, documento_compra_id, fecha, monto, glosa, extraordinario) VALUES (47, 2, 11, 4, 70, '2025-09-08', 234182.67, 'Gasto 47', 0);
INSERT INTO gasto (id, comunidad_id, categoria_id, centro_costo_id, documento_compra_id, fecha, monto, glosa, extraordinario) VALUES (48, 2, 11, 6, 115, '2025-09-18', 186176.77, 'Gasto 48', 1);
INSERT INTO gasto (id, comunidad_id, categoria_id, centro_costo_id, documento_compra_id, fecha, monto, glosa, extraordinario) VALUES (49, 3, 2, 2, 48, '2025-09-23', 169295.51, 'Gasto 49', 0);
INSERT INTO gasto (id, comunidad_id, categoria_id, centro_costo_id, documento_compra_id, fecha, monto, glosa, extraordinario) VALUES (50, 4, 18, 11, 106, '2025-10-05', 316818.9, 'Gasto 50', 1);
INSERT INTO gasto (id, comunidad_id, categoria_id, centro_costo_id, documento_compra_id, fecha, monto, glosa, extraordinario) VALUES (51, 5, 12, 11, 89, '2025-10-22', 342767.87, 'Gasto 51', 0);
INSERT INTO gasto (id, comunidad_id, categoria_id, centro_costo_id, documento_compra_id, fecha, monto, glosa, extraordinario) VALUES (52, 2, 15, 2, 11, '2025-09-26', 316322.13, 'Gasto 52', 1);
INSERT INTO gasto (id, comunidad_id, categoria_id, centro_costo_id, documento_compra_id, fecha, monto, glosa, extraordinario) VALUES (53, 1, 4, 3, 36, '2025-09-08', 250037.1, 'Gasto 53', 1);
INSERT INTO gasto (id, comunidad_id, categoria_id, centro_costo_id, documento_compra_id, fecha, monto, glosa, extraordinario) VALUES (54, 2, 7, 9, 81, '2025-09-02', 116745.92, 'Gasto 54', 0);
INSERT INTO gasto (id, comunidad_id, categoria_id, centro_costo_id, documento_compra_id, fecha, monto, glosa, extraordinario) VALUES (55, 4, 12, 7, 57, '2025-10-18', 232745.87, 'Gasto 55', 1);
INSERT INTO gasto (id, comunidad_id, categoria_id, centro_costo_id, documento_compra_id, fecha, monto, glosa, extraordinario) VALUES (56, 2, 3, 1, 112, '2025-10-22', 96668.26, 'Gasto 56', 1);
INSERT INTO gasto (id, comunidad_id, categoria_id, centro_costo_id, documento_compra_id, fecha, monto, glosa, extraordinario) VALUES (57, 4, 19, 6, 84, '2025-10-12', 279652.04, 'Gasto 57', 1);
INSERT INTO gasto (id, comunidad_id, categoria_id, centro_costo_id, documento_compra_id, fecha, monto, glosa, extraordinario) VALUES (58, 5, 17, 9, 57, '2025-09-30', 120347.17, 'Gasto 58', 0);
INSERT INTO gasto (id, comunidad_id, categoria_id, centro_costo_id, documento_compra_id, fecha, monto, glosa, extraordinario) VALUES (59, 3, 6, 5, 30, '2025-10-01', 142727.76, 'Gasto 59', 1);
INSERT INTO gasto (id, comunidad_id, categoria_id, centro_costo_id, documento_compra_id, fecha, monto, glosa, extraordinario) VALUES (60, 1, 5, 6, 37, '2025-09-30', 335550.57, 'Gasto 60', 0);
INSERT INTO gasto (id, comunidad_id, categoria_id, centro_costo_id, documento_compra_id, fecha, monto, glosa, extraordinario) VALUES (61, 5, 10, 3, 23, '2025-10-24', 253676.68, 'Gasto 61', 0);
INSERT INTO gasto (id, comunidad_id, categoria_id, centro_costo_id, documento_compra_id, fecha, monto, glosa, extraordinario) VALUES (62, 2, 8, 2, 6, '2025-09-21', 209593.31, 'Gasto 62', 1);
INSERT INTO gasto (id, comunidad_id, categoria_id, centro_costo_id, documento_compra_id, fecha, monto, glosa, extraordinario) VALUES (63, 3, 12, 3, 27, '2025-10-06', 253354.35, 'Gasto 63', 1);
INSERT INTO gasto (id, comunidad_id, categoria_id, centro_costo_id, documento_compra_id, fecha, monto, glosa, extraordinario) VALUES (64, 3, 5, 6, 58, '2025-10-05', 341903.67, 'Gasto 64', 1);
INSERT INTO gasto (id, comunidad_id, categoria_id, centro_costo_id, documento_compra_id, fecha, monto, glosa, extraordinario) VALUES (65, 1, 1, 7, 120, '2025-10-02', 273610.99, 'Gasto 65', 1);
INSERT INTO gasto (id, comunidad_id, categoria_id, centro_costo_id, documento_compra_id, fecha, monto, glosa, extraordinario) VALUES (66, 3, 5, 1, 95, '2025-10-05', 341948.34, 'Gasto 66', 1);
INSERT INTO gasto (id, comunidad_id, categoria_id, centro_costo_id, documento_compra_id, fecha, monto, glosa, extraordinario) VALUES (67, 3, 16, 5, 97, '2025-10-07', 240072.95, 'Gasto 67', 1);
INSERT INTO gasto (id, comunidad_id, categoria_id, centro_costo_id, documento_compra_id, fecha, monto, glosa, extraordinario) VALUES (68, 3, 4, 12, 62, '2025-10-28', 33226.7, 'Gasto 68', 0);
INSERT INTO gasto (id, comunidad_id, categoria_id, centro_costo_id, documento_compra_id, fecha, monto, glosa, extraordinario) VALUES (69, 3, 1, 7, 80, '2025-10-24', 92720.38, 'Gasto 69', 1);
INSERT INTO gasto (id, comunidad_id, categoria_id, centro_costo_id, documento_compra_id, fecha, monto, glosa, extraordinario) VALUES (70, 1, 11, 1, 78, '2025-10-12', 84399.42, 'Gasto 70', 0);
INSERT INTO gasto (id, comunidad_id, categoria_id, centro_costo_id, documento_compra_id, fecha, monto, glosa, extraordinario) VALUES (71, 3, 7, 1, 11, '2025-10-05', 300318.96, 'Gasto 71', 0);
INSERT INTO gasto (id, comunidad_id, categoria_id, centro_costo_id, documento_compra_id, fecha, monto, glosa, extraordinario) VALUES (72, 5, 13, 4, 63, '2025-09-21', 219046.72, 'Gasto 72', 0);
INSERT INTO gasto (id, comunidad_id, categoria_id, centro_costo_id, documento_compra_id, fecha, monto, glosa, extraordinario) VALUES (73, 3, 13, 3, 92, '2025-10-25', 161121.36, 'Gasto 73', 1);
INSERT INTO gasto (id, comunidad_id, categoria_id, centro_costo_id, documento_compra_id, fecha, monto, glosa, extraordinario) VALUES (74, 3, 1, 5, 45, '2025-09-23', 121668.16, 'Gasto 74', 1);
INSERT INTO gasto (id, comunidad_id, categoria_id, centro_costo_id, documento_compra_id, fecha, monto, glosa, extraordinario) VALUES (75, 5, 3, 4, 94, '2025-10-27', 166592.72, 'Gasto 75', 1);
INSERT INTO gasto (id, comunidad_id, categoria_id, centro_costo_id, documento_compra_id, fecha, monto, glosa, extraordinario) VALUES (76, 4, 10, 3, 104, '2025-10-17', 340219.02, 'Gasto 76', 1);
INSERT INTO gasto (id, comunidad_id, categoria_id, centro_costo_id, documento_compra_id, fecha, monto, glosa, extraordinario) VALUES (77, 4, 5, 10, 77, '2025-09-06', 67400.96, 'Gasto 77', 1);
INSERT INTO gasto (id, comunidad_id, categoria_id, centro_costo_id, documento_compra_id, fecha, monto, glosa, extraordinario) VALUES (78, 4, 17, 6, 9, '2025-10-30', 336831.45, 'Gasto 78', 1);
INSERT INTO gasto (id, comunidad_id, categoria_id, centro_costo_id, documento_compra_id, fecha, monto, glosa, extraordinario) VALUES (79, 1, 1, 7, 82, '2025-10-29', 110198.52, 'Gasto 79', 0);
INSERT INTO gasto (id, comunidad_id, categoria_id, centro_costo_id, documento_compra_id, fecha, monto, glosa, extraordinario) VALUES (80, 5, 15, 12, 73, '2025-10-19', 321907.8, 'Gasto 80', 0);
INSERT INTO gasto (id, comunidad_id, categoria_id, centro_costo_id, documento_compra_id, fecha, monto, glosa, extraordinario) VALUES (81, 2, 13, 5, 71, '2025-10-02', 33936.86, 'Gasto 81', 1);
INSERT INTO gasto (id, comunidad_id, categoria_id, centro_costo_id, documento_compra_id, fecha, monto, glosa, extraordinario) VALUES (82, 5, 10, 8, 72, '2025-10-18', 172939.11, 'Gasto 82', 0);
INSERT INTO gasto (id, comunidad_id, categoria_id, centro_costo_id, documento_compra_id, fecha, monto, glosa, extraordinario) VALUES (83, 1, 5, 5, 39, '2025-10-11', 295300.21, 'Gasto 83', 1);
INSERT INTO gasto (id, comunidad_id, categoria_id, centro_costo_id, documento_compra_id, fecha, monto, glosa, extraordinario) VALUES (84, 1, 10, 7, 23, '2025-10-02', 319241.76, 'Gasto 84', 0);
INSERT INTO gasto (id, comunidad_id, categoria_id, centro_costo_id, documento_compra_id, fecha, monto, glosa, extraordinario) VALUES (85, 1, 4, 5, 64, '2025-09-05', 217634.14, 'Gasto 85', 1);
INSERT INTO gasto (id, comunidad_id, categoria_id, centro_costo_id, documento_compra_id, fecha, monto, glosa, extraordinario) VALUES (86, 5, 16, 10, 56, '2025-10-26', 105110.81, 'Gasto 86', 1);
INSERT INTO gasto (id, comunidad_id, categoria_id, centro_costo_id, documento_compra_id, fecha, monto, glosa, extraordinario) VALUES (87, 1, 12, 9, 94, '2025-10-07', 25789.88, 'Gasto 87', 1);
INSERT INTO gasto (id, comunidad_id, categoria_id, centro_costo_id, documento_compra_id, fecha, monto, glosa, extraordinario) VALUES (88, 2, 19, 1, 19, '2025-09-21', 172144.51, 'Gasto 88', 0);
INSERT INTO gasto (id, comunidad_id, categoria_id, centro_costo_id, documento_compra_id, fecha, monto, glosa, extraordinario) VALUES (89, 3, 6, 1, 35, '2025-09-24', 158439.62, 'Gasto 89', 1);
INSERT INTO gasto (id, comunidad_id, categoria_id, centro_costo_id, documento_compra_id, fecha, monto, glosa, extraordinario) VALUES (90, 1, 10, 5, 68, '2025-10-11', 328984.62, 'Gasto 90', 0);
INSERT INTO gasto (id, comunidad_id, categoria_id, centro_costo_id, documento_compra_id, fecha, monto, glosa, extraordinario) VALUES (91, 2, 4, 10, 97, '2025-09-11', 199425.07, 'Gasto 91', 1);
INSERT INTO gasto (id, comunidad_id, categoria_id, centro_costo_id, documento_compra_id, fecha, monto, glosa, extraordinario) VALUES (92, 3, 9, 11, 90, '2025-10-15', 139632.48, 'Gasto 92', 1);
INSERT INTO gasto (id, comunidad_id, categoria_id, centro_costo_id, documento_compra_id, fecha, monto, glosa, extraordinario) VALUES (93, 2, 1, 3, 67, '2025-09-19', 143094.68, 'Gasto 93', 1);
INSERT INTO gasto (id, comunidad_id, categoria_id, centro_costo_id, documento_compra_id, fecha, monto, glosa, extraordinario) VALUES (94, 4, 11, 3, 14, '2025-09-14', 71003.12, 'Gasto 94', 0);
INSERT INTO gasto (id, comunidad_id, categoria_id, centro_costo_id, documento_compra_id, fecha, monto, glosa, extraordinario) VALUES (95, 2, 18, 10, 89, '2025-10-24', 334323.42, 'Gasto 95', 0);
INSERT INTO gasto (id, comunidad_id, categoria_id, centro_costo_id, documento_compra_id, fecha, monto, glosa, extraordinario) VALUES (96, 4, 15, 2, 15, '2025-10-23', 63306.61, 'Gasto 96', 0);
INSERT INTO gasto (id, comunidad_id, categoria_id, centro_costo_id, documento_compra_id, fecha, monto, glosa, extraordinario) VALUES (97, 4, 12, 5, 89, '2025-09-24', 65874.61, 'Gasto 97', 1);
INSERT INTO gasto (id, comunidad_id, categoria_id, centro_costo_id, documento_compra_id, fecha, monto, glosa, extraordinario) VALUES (98, 5, 17, 6, 23, '2025-10-16', 120545.81, 'Gasto 98', 0);
INSERT INTO gasto (id, comunidad_id, categoria_id, centro_costo_id, documento_compra_id, fecha, monto, glosa, extraordinario) VALUES (99, 2, 5, 12, 19, '2025-10-15', 94769.56, 'Gasto 99', 0);
INSERT INTO gasto (id, comunidad_id, categoria_id, centro_costo_id, documento_compra_id, fecha, monto, glosa, extraordinario) VALUES (100, 2, 5, 2, 55, '2025-10-15', 271797.82, 'Gasto 100', 0);
INSERT INTO gasto (id, comunidad_id, categoria_id, centro_costo_id, documento_compra_id, fecha, monto, glosa, extraordinario) VALUES (101, 1, 1, 8, 97, '2025-09-28', 34030.59, 'Gasto 101', 0);
INSERT INTO gasto (id, comunidad_id, categoria_id, centro_costo_id, documento_compra_id, fecha, monto, glosa, extraordinario) VALUES (102, 1, 17, 10, 8, '2025-10-01', 59244.33, 'Gasto 102', 1);
INSERT INTO gasto (id, comunidad_id, categoria_id, centro_costo_id, documento_compra_id, fecha, monto, glosa, extraordinario) VALUES (103, 1, 3, 5, 86, '2025-09-01', 269001.59, 'Gasto 103', 0);
INSERT INTO gasto (id, comunidad_id, categoria_id, centro_costo_id, documento_compra_id, fecha, monto, glosa, extraordinario) VALUES (104, 5, 7, 10, 116, '2025-09-13', 80978.0, 'Gasto 104', 1);
INSERT INTO gasto (id, comunidad_id, categoria_id, centro_costo_id, documento_compra_id, fecha, monto, glosa, extraordinario) VALUES (105, 1, 3, 3, 109, '2025-10-18', 330808.84, 'Gasto 105', 1);
INSERT INTO gasto (id, comunidad_id, categoria_id, centro_costo_id, documento_compra_id, fecha, monto, glosa, extraordinario) VALUES (106, 3, 6, 9, 100, '2025-10-17', 222275.62, 'Gasto 106', 0);
INSERT INTO gasto (id, comunidad_id, categoria_id, centro_costo_id, documento_compra_id, fecha, monto, glosa, extraordinario) VALUES (107, 1, 19, 1, 68, '2025-09-14', 256217.84, 'Gasto 107', 1);
INSERT INTO gasto (id, comunidad_id, categoria_id, centro_costo_id, documento_compra_id, fecha, monto, glosa, extraordinario) VALUES (108, 2, 18, 1, 93, '2025-09-07', 324996.59, 'Gasto 108', 1);
INSERT INTO gasto (id, comunidad_id, categoria_id, centro_costo_id, documento_compra_id, fecha, monto, glosa, extraordinario) VALUES (109, 3, 19, 3, 57, '2025-10-14', 336056.75, 'Gasto 109', 0);
INSERT INTO gasto (id, comunidad_id, categoria_id, centro_costo_id, documento_compra_id, fecha, monto, glosa, extraordinario) VALUES (110, 3, 13, 7, 28, '2025-10-03', 95092.89, 'Gasto 110', 0);
INSERT INTO gasto (id, comunidad_id, categoria_id, centro_costo_id, documento_compra_id, fecha, monto, glosa, extraordinario) VALUES (111, 3, 4, 8, 15, '2025-10-04', 64851.08, 'Gasto 111', 1);
INSERT INTO gasto (id, comunidad_id, categoria_id, centro_costo_id, documento_compra_id, fecha, monto, glosa, extraordinario) VALUES (112, 3, 18, 12, 6, '2025-09-06', 128278.08, 'Gasto 112', 0);
INSERT INTO gasto (id, comunidad_id, categoria_id, centro_costo_id, documento_compra_id, fecha, monto, glosa, extraordinario) VALUES (113, 4, 10, 8, 77, '2025-10-18', 122962.28, 'Gasto 113', 1);
INSERT INTO gasto (id, comunidad_id, categoria_id, centro_costo_id, documento_compra_id, fecha, monto, glosa, extraordinario) VALUES (114, 2, 18, 7, 38, '2025-10-25', 161227.35, 'Gasto 114', 0);
INSERT INTO gasto (id, comunidad_id, categoria_id, centro_costo_id, documento_compra_id, fecha, monto, glosa, extraordinario) VALUES (115, 4, 12, 3, 2, '2025-10-14', 182243.96, 'Gasto 115', 0);
INSERT INTO gasto (id, comunidad_id, categoria_id, centro_costo_id, documento_compra_id, fecha, monto, glosa, extraordinario) VALUES (116, 4, 15, 9, 85, '2025-10-14', 48051.95, 'Gasto 116', 0);
INSERT INTO gasto (id, comunidad_id, categoria_id, centro_costo_id, documento_compra_id, fecha, monto, glosa, extraordinario) VALUES (117, 4, 13, 12, 76, '2025-09-07', 264672.61, 'Gasto 117', 0);
INSERT INTO gasto (id, comunidad_id, categoria_id, centro_costo_id, documento_compra_id, fecha, monto, glosa, extraordinario) VALUES (118, 1, 12, 4, 44, '2025-09-13', 216337.07, 'Gasto 118', 1);
INSERT INTO gasto (id, comunidad_id, categoria_id, centro_costo_id, documento_compra_id, fecha, monto, glosa, extraordinario) VALUES (119, 1, 8, 7, 93, '2025-10-02', 111911.05, 'Gasto 119', 1);
INSERT INTO gasto (id, comunidad_id, categoria_id, centro_costo_id, documento_compra_id, fecha, monto, glosa, extraordinario) VALUES (120, 4, 12, 8, 86, '2025-10-09', 333545.81, 'Gasto 120', 1);
INSERT INTO gasto (id, comunidad_id, categoria_id, centro_costo_id, documento_compra_id, fecha, monto, glosa, extraordinario) VALUES (121, 5, 9, 3, 99, '2025-09-30', 55652.1, 'Gasto 121', 1);
INSERT INTO gasto (id, comunidad_id, categoria_id, centro_costo_id, documento_compra_id, fecha, monto, glosa, extraordinario) VALUES (122, 4, 16, 4, 81, '2025-10-31', 64420.77, 'Gasto 122', 0);
INSERT INTO gasto (id, comunidad_id, categoria_id, centro_costo_id, documento_compra_id, fecha, monto, glosa, extraordinario) VALUES (123, 1, 3, 8, 87, '2025-09-02', 340783.94, 'Gasto 123', 1);
INSERT INTO gasto (id, comunidad_id, categoria_id, centro_costo_id, documento_compra_id, fecha, monto, glosa, extraordinario) VALUES (124, 5, 11, 3, 39, '2025-10-10', 225666.76, 'Gasto 124', 0);
INSERT INTO gasto (id, comunidad_id, categoria_id, centro_costo_id, documento_compra_id, fecha, monto, glosa, extraordinario) VALUES (125, 5, 16, 8, 26, '2025-09-19', 238490.77, 'Gasto 125', 1);
INSERT INTO gasto (id, comunidad_id, categoria_id, centro_costo_id, documento_compra_id, fecha, monto, glosa, extraordinario) VALUES (126, 5, 9, 9, 44, '2025-10-22', 303691.86, 'Gasto 126', 0);
INSERT INTO gasto (id, comunidad_id, categoria_id, centro_costo_id, documento_compra_id, fecha, monto, glosa, extraordinario) VALUES (127, 1, 14, 2, 50, '2025-09-29', 123804.54, 'Gasto 127', 1);
INSERT INTO gasto (id, comunidad_id, categoria_id, centro_costo_id, documento_compra_id, fecha, monto, glosa, extraordinario) VALUES (128, 4, 15, 1, 5, '2025-09-12', 203699.96, 'Gasto 128', 1);
INSERT INTO gasto (id, comunidad_id, categoria_id, centro_costo_id, documento_compra_id, fecha, monto, glosa, extraordinario) VALUES (129, 2, 16, 7, 18, '2025-09-20', 256188.65, 'Gasto 129', 1);
INSERT INTO gasto (id, comunidad_id, categoria_id, centro_costo_id, documento_compra_id, fecha, monto, glosa, extraordinario) VALUES (130, 1, 19, 11, 63, '2025-10-13', 202748.69, 'Gasto 130', 1);
INSERT INTO gasto (id, comunidad_id, categoria_id, centro_costo_id, documento_compra_id, fecha, monto, glosa, extraordinario) VALUES (131, 4, 18, 3, 65, '2025-09-04', 149156.99, 'Gasto 131', 1);
INSERT INTO gasto (id, comunidad_id, categoria_id, centro_costo_id, documento_compra_id, fecha, monto, glosa, extraordinario) VALUES (132, 5, 13, 10, 87, '2025-09-23', 272935.35, 'Gasto 132', 1);
INSERT INTO gasto (id, comunidad_id, categoria_id, centro_costo_id, documento_compra_id, fecha, monto, glosa, extraordinario) VALUES (133, 3, 2, 1, 76, '2025-09-03', 62305.36, 'Gasto 133', 1);
INSERT INTO gasto (id, comunidad_id, categoria_id, centro_costo_id, documento_compra_id, fecha, monto, glosa, extraordinario) VALUES (134, 3, 19, 1, 98, '2025-10-28', 226300.49, 'Gasto 134', 1);
INSERT INTO gasto (id, comunidad_id, categoria_id, centro_costo_id, documento_compra_id, fecha, monto, glosa, extraordinario) VALUES (135, 1, 14, 6, 46, '2025-09-27', 135918.86, 'Gasto 135', 0);
INSERT INTO gasto (id, comunidad_id, categoria_id, centro_costo_id, documento_compra_id, fecha, monto, glosa, extraordinario) VALUES (136, 2, 8, 11, 40, '2025-10-08', 48030.77, 'Gasto 136', 0);
INSERT INTO gasto (id, comunidad_id, categoria_id, centro_costo_id, documento_compra_id, fecha, monto, glosa, extraordinario) VALUES (137, 3, 4, 6, 22, '2025-09-02', 197677.55, 'Gasto 137', 0);
INSERT INTO gasto (id, comunidad_id, categoria_id, centro_costo_id, documento_compra_id, fecha, monto, glosa, extraordinario) VALUES (138, 4, 14, 10, 66, '2025-10-28', 158986.97, 'Gasto 138', 0);
INSERT INTO gasto (id, comunidad_id, categoria_id, centro_costo_id, documento_compra_id, fecha, monto, glosa, extraordinario) VALUES (139, 4, 19, 1, 41, '2025-09-25', 208216.67, 'Gasto 139', 1);
INSERT INTO gasto (id, comunidad_id, categoria_id, centro_costo_id, documento_compra_id, fecha, monto, glosa, extraordinario) VALUES (140, 5, 4, 8, 13, '2025-10-15', 242786.73, 'Gasto 140', 1);
INSERT INTO gasto (id, comunidad_id, categoria_id, centro_costo_id, documento_compra_id, fecha, monto, glosa, extraordinario) VALUES (141, 4, 17, 11, 44, '2025-09-11', 222893.2, 'Gasto 141', 1);
INSERT INTO gasto (id, comunidad_id, categoria_id, centro_costo_id, documento_compra_id, fecha, monto, glosa, extraordinario) VALUES (142, 4, 7, 8, 82, '2025-10-25', 341455.4, 'Gasto 142', 0);
INSERT INTO gasto (id, comunidad_id, categoria_id, centro_costo_id, documento_compra_id, fecha, monto, glosa, extraordinario) VALUES (143, 5, 7, 5, 34, '2025-09-04', 118115.69, 'Gasto 143', 1);
INSERT INTO gasto (id, comunidad_id, categoria_id, centro_costo_id, documento_compra_id, fecha, monto, glosa, extraordinario) VALUES (144, 2, 20, 12, 12, '2025-10-16', 298581.67, 'Gasto 144', 0);
INSERT INTO gasto (id, comunidad_id, categoria_id, centro_costo_id, documento_compra_id, fecha, monto, glosa, extraordinario) VALUES (145, 5, 11, 5, 9, '2025-10-07', 284391.27, 'Gasto 145', 1);
INSERT INTO gasto (id, comunidad_id, categoria_id, centro_costo_id, documento_compra_id, fecha, monto, glosa, extraordinario) VALUES (146, 4, 7, 6, 102, '2025-09-05', 235007.15, 'Gasto 146', 1);
INSERT INTO gasto (id, comunidad_id, categoria_id, centro_costo_id, documento_compra_id, fecha, monto, glosa, extraordinario) VALUES (147, 5, 10, 7, 85, '2025-10-05', 123406.48, 'Gasto 147', 1);
INSERT INTO gasto (id, comunidad_id, categoria_id, centro_costo_id, documento_compra_id, fecha, monto, glosa, extraordinario) VALUES (148, 4, 9, 10, 66, '2025-09-30', 241614.88, 'Gasto 148', 0);
INSERT INTO gasto (id, comunidad_id, categoria_id, centro_costo_id, documento_compra_id, fecha, monto, glosa, extraordinario) VALUES (149, 1, 17, 3, 74, '2025-10-02', 90274.43, 'Gasto 149', 1);
INSERT INTO gasto (id, comunidad_id, categoria_id, centro_costo_id, documento_compra_id, fecha, monto, glosa, extraordinario) VALUES (150, 3, 18, 10, 110, '2025-10-20', 319255.82, 'Gasto 150', 0);
INSERT INTO gasto (id, comunidad_id, categoria_id, centro_costo_id, documento_compra_id, fecha, monto, glosa, extraordinario) VALUES (151, 5, 7, 6, 60, '2025-09-10', 99323.4, 'Gasto 151', 1);
INSERT INTO gasto (id, comunidad_id, categoria_id, centro_costo_id, documento_compra_id, fecha, monto, glosa, extraordinario) VALUES (152, 4, 14, 6, 111, '2025-10-24', 320675.47, 'Gasto 152', 0);
INSERT INTO gasto (id, comunidad_id, categoria_id, centro_costo_id, documento_compra_id, fecha, monto, glosa, extraordinario) VALUES (153, 4, 9, 5, 83, '2025-09-11', 104627.39, 'Gasto 153', 0);
INSERT INTO gasto (id, comunidad_id, categoria_id, centro_costo_id, documento_compra_id, fecha, monto, glosa, extraordinario) VALUES (154, 4, 8, 2, 20, '2025-09-13', 29142.38, 'Gasto 154', 1);
INSERT INTO gasto (id, comunidad_id, categoria_id, centro_costo_id, documento_compra_id, fecha, monto, glosa, extraordinario) VALUES (155, 4, 16, 9, 56, '2025-09-28', 233484.28, 'Gasto 155', 0);
INSERT INTO gasto (id, comunidad_id, categoria_id, centro_costo_id, documento_compra_id, fecha, monto, glosa, extraordinario) VALUES (156, 2, 6, 5, 18, '2025-09-02', 105270.96, 'Gasto 156', 1);
INSERT INTO gasto (id, comunidad_id, categoria_id, centro_costo_id, documento_compra_id, fecha, monto, glosa, extraordinario) VALUES (157, 5, 6, 11, 110, '2025-09-03', 338049.67, 'Gasto 157', 1);
INSERT INTO gasto (id, comunidad_id, categoria_id, centro_costo_id, documento_compra_id, fecha, monto, glosa, extraordinario) VALUES (158, 1, 2, 2, 41, '2025-10-09', 118333.13, 'Gasto 158', 0);
INSERT INTO gasto (id, comunidad_id, categoria_id, centro_costo_id, documento_compra_id, fecha, monto, glosa, extraordinario) VALUES (159, 4, 12, 11, 85, '2025-10-27', 49801.08, 'Gasto 159', 0);
INSERT INTO gasto (id, comunidad_id, categoria_id, centro_costo_id, documento_compra_id, fecha, monto, glosa, extraordinario) VALUES (160, 2, 4, 10, 95, '2025-10-03', 327868.7, 'Gasto 160', 1);
INSERT INTO gasto (id, comunidad_id, categoria_id, centro_costo_id, documento_compra_id, fecha, monto, glosa, extraordinario) VALUES (161, 4, 3, 4, 77, '2025-09-08', 275152.99, 'Gasto 161', 1);
INSERT INTO gasto (id, comunidad_id, categoria_id, centro_costo_id, documento_compra_id, fecha, monto, glosa, extraordinario) VALUES (162, 3, 19, 12, 50, '2025-10-22', 266963.5, 'Gasto 162', 0);
INSERT INTO gasto (id, comunidad_id, categoria_id, centro_costo_id, documento_compra_id, fecha, monto, glosa, extraordinario) VALUES (163, 4, 7, 3, 14, '2025-09-12', 90655.85, 'Gasto 163', 1);
INSERT INTO gasto (id, comunidad_id, categoria_id, centro_costo_id, documento_compra_id, fecha, monto, glosa, extraordinario) VALUES (164, 4, 14, 5, 111, '2025-10-08', 38455.38, 'Gasto 164', 1);
INSERT INTO gasto (id, comunidad_id, categoria_id, centro_costo_id, documento_compra_id, fecha, monto, glosa, extraordinario) VALUES (165, 1, 11, 9, 55, '2025-10-01', 245303.69, 'Gasto 165', 1);
INSERT INTO gasto (id, comunidad_id, categoria_id, centro_costo_id, documento_compra_id, fecha, monto, glosa, extraordinario) VALUES (166, 2, 12, 8, 92, '2025-09-24', 291050.57, 'Gasto 166', 0);
INSERT INTO gasto (id, comunidad_id, categoria_id, centro_costo_id, documento_compra_id, fecha, monto, glosa, extraordinario) VALUES (167, 5, 2, 12, 85, '2025-10-22', 330479.93, 'Gasto 167', 0);
INSERT INTO gasto (id, comunidad_id, categoria_id, centro_costo_id, documento_compra_id, fecha, monto, glosa, extraordinario) VALUES (168, 3, 18, 7, 40, '2025-10-11', 336299.59, 'Gasto 168', 1);
INSERT INTO gasto (id, comunidad_id, categoria_id, centro_costo_id, documento_compra_id, fecha, monto, glosa, extraordinario) VALUES (169, 1, 18, 4, 110, '2025-09-29', 148195.43, 'Gasto 169', 1);
INSERT INTO gasto (id, comunidad_id, categoria_id, centro_costo_id, documento_compra_id, fecha, monto, glosa, extraordinario) VALUES (170, 3, 10, 2, 120, '2025-10-23', 269700.42, 'Gasto 170', 1);
INSERT INTO gasto (id, comunidad_id, categoria_id, centro_costo_id, documento_compra_id, fecha, monto, glosa, extraordinario) VALUES (171, 2, 6, 8, 81, '2025-09-21', 310224.19, 'Gasto 171', 1);
INSERT INTO gasto (id, comunidad_id, categoria_id, centro_costo_id, documento_compra_id, fecha, monto, glosa, extraordinario) VALUES (172, 1, 9, 2, 106, '2025-10-20', 330363.49, 'Gasto 172', 1);
INSERT INTO gasto (id, comunidad_id, categoria_id, centro_costo_id, documento_compra_id, fecha, monto, glosa, extraordinario) VALUES (173, 4, 11, 12, 55, '2025-10-27', 323120.25, 'Gasto 173', 0);
INSERT INTO gasto (id, comunidad_id, categoria_id, centro_costo_id, documento_compra_id, fecha, monto, glosa, extraordinario) VALUES (174, 2, 9, 9, 9, '2025-09-23', 158887.28, 'Gasto 174', 1);
INSERT INTO gasto (id, comunidad_id, categoria_id, centro_costo_id, documento_compra_id, fecha, monto, glosa, extraordinario) VALUES (175, 4, 1, 1, 83, '2025-10-12', 80634.08, 'Gasto 175', 1);
INSERT INTO gasto (id, comunidad_id, categoria_id, centro_costo_id, documento_compra_id, fecha, monto, glosa, extraordinario) VALUES (176, 2, 1, 7, 26, '2025-10-11', 120830.69, 'Gasto 176', 0);
INSERT INTO gasto (id, comunidad_id, categoria_id, centro_costo_id, documento_compra_id, fecha, monto, glosa, extraordinario) VALUES (177, 1, 6, 4, 67, '2025-10-16', 339989.31, 'Gasto 177', 0);
INSERT INTO gasto (id, comunidad_id, categoria_id, centro_costo_id, documento_compra_id, fecha, monto, glosa, extraordinario) VALUES (178, 5, 14, 6, 58, '2025-10-01', 308256.93, 'Gasto 178', 0);
INSERT INTO gasto (id, comunidad_id, categoria_id, centro_costo_id, documento_compra_id, fecha, monto, glosa, extraordinario) VALUES (179, 3, 6, 11, 76, '2025-10-23', 128101.54, 'Gasto 179', 1);
INSERT INTO gasto (id, comunidad_id, categoria_id, centro_costo_id, documento_compra_id, fecha, monto, glosa, extraordinario) VALUES (180, 2, 3, 7, 48, '2025-09-12', 149853.08, 'Gasto 180', 1);

-- Emisiones GC
INSERT INTO emision_gastos_comunes (id, comunidad_id, periodo, fecha_vencimiento, estado, observaciones) VALUES (1, 5, '2025-04', '2025-10-02', 'borrador', 'Emision 1');
INSERT INTO emision_gastos_comunes (id, comunidad_id, periodo, fecha_vencimiento, estado, observaciones) VALUES (2, 5, '2025-11', '2025-11-09', 'cerrado', 'Emision 2');
INSERT INTO emision_gastos_comunes (id, comunidad_id, periodo, fecha_vencimiento, estado, observaciones) VALUES (3, 2, '2025-02', '2025-10-30', 'borrador', 'Emision 3');
INSERT INTO emision_gastos_comunes (id, comunidad_id, periodo, fecha_vencimiento, estado, observaciones) VALUES (4, 3, '2025-12', '2025-11-24', 'borrador', 'Emision 4');
INSERT INTO emision_gastos_comunes (id, comunidad_id, periodo, fecha_vencimiento, estado, observaciones) VALUES (5, 1, '2025-07', '2025-11-09', 'emitido', 'Emision 5');
INSERT INTO emision_gastos_comunes (id, comunidad_id, periodo, fecha_vencimiento, estado, observaciones) VALUES (6, 5, '2025-05', '2025-10-10', 'borrador', 'Emision 6');
INSERT INTO emision_gastos_comunes (id, comunidad_id, periodo, fecha_vencimiento, estado, observaciones) VALUES (7, 3, '2025-03', '2025-11-30', 'cerrado', 'Emision 7');
INSERT INTO emision_gastos_comunes (id, comunidad_id, periodo, fecha_vencimiento, estado, observaciones) VALUES (8, 1, '2025-01', '2025-11-15', 'cerrado', 'Emision 8');
INSERT INTO emision_gastos_comunes (id, comunidad_id, periodo, fecha_vencimiento, estado, observaciones) VALUES (9, 4, '2025-08', '2025-11-22', 'cerrado', 'Emision 9');
INSERT INTO emision_gastos_comunes (id, comunidad_id, periodo, fecha_vencimiento, estado, observaciones) VALUES (10, 4, '2025-02', '2025-10-15', 'cerrado', 'Emision 10');
INSERT INTO emision_gastos_comunes (id, comunidad_id, periodo, fecha_vencimiento, estado, observaciones) VALUES (11, 2, '2025-04', '2025-11-30', 'emitido', 'Emision 11');
INSERT INTO emision_gastos_comunes (id, comunidad_id, periodo, fecha_vencimiento, estado, observaciones) VALUES (12, 3, '2025-12', '2025-11-01', 'emitido', 'Emision 12');
INSERT INTO emision_gastos_comunes (id, comunidad_id, periodo, fecha_vencimiento, estado, observaciones) VALUES (13, 2, '2025-07', '2025-11-24', 'borrador', 'Emision 13');
INSERT INTO emision_gastos_comunes (id, comunidad_id, periodo, fecha_vencimiento, estado, observaciones) VALUES (14, 5, '2025-04', '2025-11-22', 'emitido', 'Emision 14');
INSERT INTO emision_gastos_comunes (id, comunidad_id, periodo, fecha_vencimiento, estado, observaciones) VALUES (15, 2, '2025-07', '2025-10-12', 'emitido', 'Emision 15');
INSERT INTO emision_gastos_comunes (id, comunidad_id, periodo, fecha_vencimiento, estado, observaciones) VALUES (16, 2, '2025-01', '2025-10-19', 'emitido', 'Emision 16');
INSERT INTO emision_gastos_comunes (id, comunidad_id, periodo, fecha_vencimiento, estado, observaciones) VALUES (17, 2, '2025-10', '2025-10-29', 'borrador', 'Emision 17');
INSERT INTO emision_gastos_comunes (id, comunidad_id, periodo, fecha_vencimiento, estado, observaciones) VALUES (18, 3, '2025-10', '2025-11-13', 'cerrado', 'Emision 18');
INSERT INTO emision_gastos_comunes (id, comunidad_id, periodo, fecha_vencimiento, estado, observaciones) VALUES (19, 4, '2025-02', '2025-10-01', 'emitido', 'Emision 19');
INSERT INTO emision_gastos_comunes (id, comunidad_id, periodo, fecha_vencimiento, estado, observaciones) VALUES (20, 2, '2025-06', '2025-11-14', 'emitido', 'Emision 20');
INSERT INTO emision_gastos_comunes (id, comunidad_id, periodo, fecha_vencimiento, estado, observaciones) VALUES (21, 2, '2025-12', '2025-10-25', 'cerrado', 'Emision 21');
INSERT INTO emision_gastos_comunes (id, comunidad_id, periodo, fecha_vencimiento, estado, observaciones) VALUES (22, 4, '2025-12', '2025-11-08', 'emitido', 'Emision 22');
INSERT INTO emision_gastos_comunes (id, comunidad_id, periodo, fecha_vencimiento, estado, observaciones) VALUES (23, 1, '2025-02', '2025-11-05', 'borrador', 'Emision 23');
INSERT INTO emision_gastos_comunes (id, comunidad_id, periodo, fecha_vencimiento, estado, observaciones) VALUES (24, 1, '2025-06', '2025-11-29', 'borrador', 'Emision 24');
INSERT INTO emision_gastos_comunes (id, comunidad_id, periodo, fecha_vencimiento, estado, observaciones) VALUES (25, 4, '2025-06', '2025-11-08', 'cerrado', 'Emision 25');
INSERT INTO emision_gastos_comunes (id, comunidad_id, periodo, fecha_vencimiento, estado, observaciones) VALUES (26, 5, '2025-12', '2025-11-17', 'borrador', 'Emision 26');
INSERT INTO emision_gastos_comunes (id, comunidad_id, periodo, fecha_vencimiento, estado, observaciones) VALUES (27, 1, '2025-05', '2025-11-02', 'cerrado', 'Emision 27');
INSERT INTO emision_gastos_comunes (id, comunidad_id, periodo, fecha_vencimiento, estado, observaciones) VALUES (28, 4, '2025-05', '2025-10-26', 'cerrado', 'Emision 28');
INSERT INTO emision_gastos_comunes (id, comunidad_id, periodo, fecha_vencimiento, estado, observaciones) VALUES (29, 3, '2025-03', '2025-11-27', 'cerrado', 'Emision 29');
INSERT INTO emision_gastos_comunes (id, comunidad_id, periodo, fecha_vencimiento, estado, observaciones) VALUES (30, 1, '2025-10', '2025-10-12', 'emitido', 'Emision 30');
INSERT INTO emision_gastos_comunes (id, comunidad_id, periodo, fecha_vencimiento, estado, observaciones) VALUES (31, 2, '2025-09', '2025-11-01', 'emitido', 'Emision 31');
INSERT INTO emision_gastos_comunes (id, comunidad_id, periodo, fecha_vencimiento, estado, observaciones) VALUES (32, 4, '2025-03', '2025-10-06', 'emitido', 'Emision 32');
INSERT INTO emision_gastos_comunes (id, comunidad_id, periodo, fecha_vencimiento, estado, observaciones) VALUES (33, 5, '2025-07', '2025-10-10', 'emitido', 'Emision 33');
INSERT INTO emision_gastos_comunes (id, comunidad_id, periodo, fecha_vencimiento, estado, observaciones) VALUES (34, 1, '2025-06', '2025-10-03', 'borrador', 'Emision 34');
INSERT INTO emision_gastos_comunes (id, comunidad_id, periodo, fecha_vencimiento, estado, observaciones) VALUES (35, 4, '2025-05', '2025-11-17', 'emitido', 'Emision 35');
INSERT INTO emision_gastos_comunes (id, comunidad_id, periodo, fecha_vencimiento, estado, observaciones) VALUES (36, 4, '2025-05', '2025-11-27', 'emitido', 'Emision 36');
INSERT INTO emision_gastos_comunes (id, comunidad_id, periodo, fecha_vencimiento, estado, observaciones) VALUES (37, 5, '2025-05', '2025-11-03', 'emitido', 'Emision 37');
INSERT INTO emision_gastos_comunes (id, comunidad_id, periodo, fecha_vencimiento, estado, observaciones) VALUES (38, 4, '2025-03', '2025-10-21', 'cerrado', 'Emision 38');
INSERT INTO emision_gastos_comunes (id, comunidad_id, periodo, fecha_vencimiento, estado, observaciones) VALUES (39, 4, '2025-03', '2025-11-05', 'cerrado', 'Emision 39');
INSERT INTO emision_gastos_comunes (id, comunidad_id, periodo, fecha_vencimiento, estado, observaciones) VALUES (40, 4, '2025-01', '2025-10-13', 'borrador', 'Emision 40');
INSERT INTO emision_gastos_comunes (id, comunidad_id, periodo, fecha_vencimiento, estado, observaciones) VALUES (41, 1, '2025-04', '2025-10-12', 'borrador', 'Emision 41');
INSERT INTO emision_gastos_comunes (id, comunidad_id, periodo, fecha_vencimiento, estado, observaciones) VALUES (42, 4, '2025-05', '2025-10-11', 'cerrado', 'Emision 42');
INSERT INTO emision_gastos_comunes (id, comunidad_id, periodo, fecha_vencimiento, estado, observaciones) VALUES (43, 4, '2025-07', '2025-10-08', 'emitido', 'Emision 43');
INSERT INTO emision_gastos_comunes (id, comunidad_id, periodo, fecha_vencimiento, estado, observaciones) VALUES (44, 1, '2025-08', '2025-10-23', 'cerrado', 'Emision 44');
INSERT INTO emision_gastos_comunes (id, comunidad_id, periodo, fecha_vencimiento, estado, observaciones) VALUES (45, 5, '2025-08', '2025-10-30', 'emitido', 'Emision 45');
INSERT INTO emision_gastos_comunes (id, comunidad_id, periodo, fecha_vencimiento, estado, observaciones) VALUES (46, 1, '2025-12', '2025-11-25', 'borrador', 'Emision 46');
INSERT INTO emision_gastos_comunes (id, comunidad_id, periodo, fecha_vencimiento, estado, observaciones) VALUES (47, 1, '2025-06', '2025-10-06', 'borrador', 'Emision 47');
INSERT INTO emision_gastos_comunes (id, comunidad_id, periodo, fecha_vencimiento, estado, observaciones) VALUES (48, 3, '2025-03', '2025-11-23', 'borrador', 'Emision 48');
INSERT INTO emision_gastos_comunes (id, comunidad_id, periodo, fecha_vencimiento, estado, observaciones) VALUES (49, 5, '2025-05', '2025-11-06', 'cerrado', 'Emision 49');
INSERT INTO emision_gastos_comunes (id, comunidad_id, periodo, fecha_vencimiento, estado, observaciones) VALUES (50, 5, '2025-04', '2025-11-07', 'borrador', 'Emision 50');
INSERT INTO emision_gastos_comunes (id, comunidad_id, periodo, fecha_vencimiento, estado, observaciones) VALUES (51, 5, '2025-10', '2025-10-12', 'emitido', 'Emision 51');
INSERT INTO emision_gastos_comunes (id, comunidad_id, periodo, fecha_vencimiento, estado, observaciones) VALUES (52, 1, '2025-04', '2025-11-19', 'emitido', 'Emision 52');
INSERT INTO emision_gastos_comunes (id, comunidad_id, periodo, fecha_vencimiento, estado, observaciones) VALUES (53, 1, '2025-06', '2025-10-02', 'emitido', 'Emision 53');
INSERT INTO emision_gastos_comunes (id, comunidad_id, periodo, fecha_vencimiento, estado, observaciones) VALUES (54, 1, '2025-07', '2025-10-24', 'cerrado', 'Emision 54');
INSERT INTO emision_gastos_comunes (id, comunidad_id, periodo, fecha_vencimiento, estado, observaciones) VALUES (55, 1, '2025-06', '2025-10-10', 'borrador', 'Emision 55');
INSERT INTO emision_gastos_comunes (id, comunidad_id, periodo, fecha_vencimiento, estado, observaciones) VALUES (56, 1, '2025-08', '2025-11-23', 'cerrado', 'Emision 56');
INSERT INTO emision_gastos_comunes (id, comunidad_id, periodo, fecha_vencimiento, estado, observaciones) VALUES (57, 4, '2025-08', '2025-11-10', 'emitido', 'Emision 57');
INSERT INTO emision_gastos_comunes (id, comunidad_id, periodo, fecha_vencimiento, estado, observaciones) VALUES (58, 5, '2025-11', '2025-10-01', 'emitido', 'Emision 58');
INSERT INTO emision_gastos_comunes (id, comunidad_id, periodo, fecha_vencimiento, estado, observaciones) VALUES (59, 1, '2025-11', '2025-11-09', 'emitido', 'Emision 59');
INSERT INTO emision_gastos_comunes (id, comunidad_id, periodo, fecha_vencimiento, estado, observaciones) VALUES (60, 3, '2025-12', '2025-11-16', 'cerrado', 'Emision 60');
INSERT INTO emision_gastos_comunes (id, comunidad_id, periodo, fecha_vencimiento, estado, observaciones) VALUES (61, 2, '2025-04', '2025-11-25', 'borrador', 'Emision 61');
INSERT INTO emision_gastos_comunes (id, comunidad_id, periodo, fecha_vencimiento, estado, observaciones) VALUES (62, 3, '2025-06', '2025-11-21', 'borrador', 'Emision 62');
INSERT INTO emision_gastos_comunes (id, comunidad_id, periodo, fecha_vencimiento, estado, observaciones) VALUES (63, 1, '2025-09', '2025-11-30', 'cerrado', 'Emision 63');
INSERT INTO emision_gastos_comunes (id, comunidad_id, periodo, fecha_vencimiento, estado, observaciones) VALUES (64, 4, '2025-02', '2025-10-26', 'emitido', 'Emision 64');
INSERT INTO emision_gastos_comunes (id, comunidad_id, periodo, fecha_vencimiento, estado, observaciones) VALUES (65, 2, '2025-04', '2025-11-19', 'emitido', 'Emision 65');
INSERT INTO emision_gastos_comunes (id, comunidad_id, periodo, fecha_vencimiento, estado, observaciones) VALUES (66, 1, '2025-01', '2025-11-24', 'borrador', 'Emision 66');
INSERT INTO emision_gastos_comunes (id, comunidad_id, periodo, fecha_vencimiento, estado, observaciones) VALUES (67, 2, '2025-07', '2025-11-19', 'emitido', 'Emision 67');
INSERT INTO emision_gastos_comunes (id, comunidad_id, periodo, fecha_vencimiento, estado, observaciones) VALUES (68, 3, '2025-11', '2025-11-18', 'cerrado', 'Emision 68');
INSERT INTO emision_gastos_comunes (id, comunidad_id, periodo, fecha_vencimiento, estado, observaciones) VALUES (69, 2, '2025-02', '2025-10-20', 'emitido', 'Emision 69');
INSERT INTO emision_gastos_comunes (id, comunidad_id, periodo, fecha_vencimiento, estado, observaciones) VALUES (70, 4, '2025-12', '2025-11-21', 'emitido', 'Emision 70');
INSERT INTO emision_gastos_comunes (id, comunidad_id, periodo, fecha_vencimiento, estado, observaciones) VALUES (71, 5, '2025-03', '2025-10-23', 'cerrado', 'Emision 71');
INSERT INTO emision_gastos_comunes (id, comunidad_id, periodo, fecha_vencimiento, estado, observaciones) VALUES (72, 1, '2025-06', '2025-11-02', 'borrador', 'Emision 72');
INSERT INTO emision_gastos_comunes (id, comunidad_id, periodo, fecha_vencimiento, estado, observaciones) VALUES (73, 4, '2025-08', '2025-11-26', 'emitido', 'Emision 73');
INSERT INTO emision_gastos_comunes (id, comunidad_id, periodo, fecha_vencimiento, estado, observaciones) VALUES (74, 4, '2025-05', '2025-11-06', 'cerrado', 'Emision 74');
INSERT INTO emision_gastos_comunes (id, comunidad_id, periodo, fecha_vencimiento, estado, observaciones) VALUES (75, 4, '2025-02', '2025-11-18', 'emitido', 'Emision 75');
INSERT INTO emision_gastos_comunes (id, comunidad_id, periodo, fecha_vencimiento, estado, observaciones) VALUES (76, 3, '2025-10', '2025-10-12', 'emitido', 'Emision 76');
INSERT INTO emision_gastos_comunes (id, comunidad_id, periodo, fecha_vencimiento, estado, observaciones) VALUES (77, 4, '2025-02', '2025-10-03', 'cerrado', 'Emision 77');
INSERT INTO emision_gastos_comunes (id, comunidad_id, periodo, fecha_vencimiento, estado, observaciones) VALUES (78, 3, '2025-08', '2025-11-13', 'borrador', 'Emision 78');
INSERT INTO emision_gastos_comunes (id, comunidad_id, periodo, fecha_vencimiento, estado, observaciones) VALUES (79, 2, '2025-08', '2025-11-03', 'cerrado', 'Emision 79');
INSERT INTO emision_gastos_comunes (id, comunidad_id, periodo, fecha_vencimiento, estado, observaciones) VALUES (80, 5, '2025-02', '2025-10-19', 'emitido', 'Emision 80');

-- Detalle Emision
INSERT INTO detalle_emision (id, emision_id, gasto_id, categoria_id, monto, regla_prorrateo, metadata_json) VALUES (1, 56, 21, 16, 67074.72, 'consumo', NULL);
INSERT INTO detalle_emision (id, emision_id, gasto_id, categoria_id, monto, regla_prorrateo, metadata_json) VALUES (2, 39, 64, 17, 91269.04, 'igualitario', NULL);
INSERT INTO detalle_emision (id, emision_id, gasto_id, categoria_id, monto, regla_prorrateo, metadata_json) VALUES (3, 7, 142, 3, 184287.38, 'igualitario', NULL);
INSERT INTO detalle_emision (id, emision_id, gasto_id, categoria_id, monto, regla_prorrateo, metadata_json) VALUES (4, 14, 131, 14, 88473.69, 'coeficiente', NULL);
INSERT INTO detalle_emision (id, emision_id, gasto_id, categoria_id, monto, regla_prorrateo, metadata_json) VALUES (5, 73, 65, 12, 58423.44, 'consumo', NULL);
INSERT INTO detalle_emision (id, emision_id, gasto_id, categoria_id, monto, regla_prorrateo, metadata_json) VALUES (6, 65, 5, 4, 150698.07, 'coeficiente', NULL);
INSERT INTO detalle_emision (id, emision_id, gasto_id, categoria_id, monto, regla_prorrateo, metadata_json) VALUES (7, 23, 47, 13, 18599.16, 'coeficiente', NULL);
INSERT INTO detalle_emision (id, emision_id, gasto_id, categoria_id, monto, regla_prorrateo, metadata_json) VALUES (8, 39, 81, 19, 147577.99, 'igualitario', NULL);
INSERT INTO detalle_emision (id, emision_id, gasto_id, categoria_id, monto, regla_prorrateo, metadata_json) VALUES (9, 58, 160, 9, 74853.53, 'consumo', NULL);
INSERT INTO detalle_emision (id, emision_id, gasto_id, categoria_id, monto, regla_prorrateo, metadata_json) VALUES (10, 28, 48, 3, 151935.57, 'igualitario', NULL);
INSERT INTO detalle_emision (id, emision_id, gasto_id, categoria_id, monto, regla_prorrateo, metadata_json) VALUES (11, 34, 173, 4, 92421.79, 'consumo', NULL);
INSERT INTO detalle_emision (id, emision_id, gasto_id, categoria_id, monto, regla_prorrateo, metadata_json) VALUES (12, 1, 102, 4, 12527.87, 'igualitario', NULL);
INSERT INTO detalle_emision (id, emision_id, gasto_id, categoria_id, monto, regla_prorrateo, metadata_json) VALUES (13, 62, 118, 13, 175068.3, 'igualitario', NULL);
INSERT INTO detalle_emision (id, emision_id, gasto_id, categoria_id, monto, regla_prorrateo, metadata_json) VALUES (14, 78, 125, 10, 127514.88, 'igualitario', NULL);
INSERT INTO detalle_emision (id, emision_id, gasto_id, categoria_id, monto, regla_prorrateo, metadata_json) VALUES (15, 47, 177, 13, 162881.74, 'consumo', NULL);
INSERT INTO detalle_emision (id, emision_id, gasto_id, categoria_id, monto, regla_prorrateo, metadata_json) VALUES (16, 17, 35, 1, 46252.4, 'consumo', NULL);
INSERT INTO detalle_emision (id, emision_id, gasto_id, categoria_id, monto, regla_prorrateo, metadata_json) VALUES (17, 25, 7, 7, 101412.27, 'consumo', NULL);
INSERT INTO detalle_emision (id, emision_id, gasto_id, categoria_id, monto, regla_prorrateo, metadata_json) VALUES (18, 31, 112, 18, 46273.75, 'coeficiente', NULL);
INSERT INTO detalle_emision (id, emision_id, gasto_id, categoria_id, monto, regla_prorrateo, metadata_json) VALUES (19, 60, 38, 16, 90157.05, 'consumo', NULL);
INSERT INTO detalle_emision (id, emision_id, gasto_id, categoria_id, monto, regla_prorrateo, metadata_json) VALUES (20, 22, 40, 15, 193134.71, 'coeficiente', NULL);
INSERT INTO detalle_emision (id, emision_id, gasto_id, categoria_id, monto, regla_prorrateo, metadata_json) VALUES (21, 3, 116, 19, 56099.63, 'coeficiente', NULL);
INSERT INTO detalle_emision (id, emision_id, gasto_id, categoria_id, monto, regla_prorrateo, metadata_json) VALUES (22, 73, 101, 2, 73431.51, 'consumo', NULL);
INSERT INTO detalle_emision (id, emision_id, gasto_id, categoria_id, monto, regla_prorrateo, metadata_json) VALUES (23, 56, 107, 16, 150044.88, 'igualitario', NULL);
INSERT INTO detalle_emision (id, emision_id, gasto_id, categoria_id, monto, regla_prorrateo, metadata_json) VALUES (24, 71, 75, 2, 102624.34, 'coeficiente', NULL);
INSERT INTO detalle_emision (id, emision_id, gasto_id, categoria_id, monto, regla_prorrateo, metadata_json) VALUES (25, 66, 152, 20, 187703.38, 'coeficiente', NULL);
INSERT INTO detalle_emision (id, emision_id, gasto_id, categoria_id, monto, regla_prorrateo, metadata_json) VALUES (26, 30, 16, 17, 13613.74, 'igualitario', NULL);
INSERT INTO detalle_emision (id, emision_id, gasto_id, categoria_id, monto, regla_prorrateo, metadata_json) VALUES (27, 41, 142, 3, 60891.29, 'igualitario', NULL);
INSERT INTO detalle_emision (id, emision_id, gasto_id, categoria_id, monto, regla_prorrateo, metadata_json) VALUES (28, 54, 122, 4, 104009.87, 'igualitario', NULL);
INSERT INTO detalle_emision (id, emision_id, gasto_id, categoria_id, monto, regla_prorrateo, metadata_json) VALUES (29, 45, 115, 14, 13953.32, 'coeficiente', NULL);
INSERT INTO detalle_emision (id, emision_id, gasto_id, categoria_id, monto, regla_prorrateo, metadata_json) VALUES (30, 25, 121, 12, 93241.03, 'igualitario', NULL);
INSERT INTO detalle_emision (id, emision_id, gasto_id, categoria_id, monto, regla_prorrateo, metadata_json) VALUES (31, 29, 151, 11, 185129.76, 'igualitario', NULL);
INSERT INTO detalle_emision (id, emision_id, gasto_id, categoria_id, monto, regla_prorrateo, metadata_json) VALUES (32, 60, 34, 10, 147369.05, 'coeficiente', NULL);
INSERT INTO detalle_emision (id, emision_id, gasto_id, categoria_id, monto, regla_prorrateo, metadata_json) VALUES (33, 54, 173, 12, 161234.81, 'consumo', NULL);
INSERT INTO detalle_emision (id, emision_id, gasto_id, categoria_id, monto, regla_prorrateo, metadata_json) VALUES (34, 80, 54, 10, 141232.53, 'consumo', NULL);
INSERT INTO detalle_emision (id, emision_id, gasto_id, categoria_id, monto, regla_prorrateo, metadata_json) VALUES (35, 62, 34, 6, 47902.0, 'igualitario', NULL);
INSERT INTO detalle_emision (id, emision_id, gasto_id, categoria_id, monto, regla_prorrateo, metadata_json) VALUES (36, 63, 26, 14, 189180.39, 'coeficiente', NULL);
INSERT INTO detalle_emision (id, emision_id, gasto_id, categoria_id, monto, regla_prorrateo, metadata_json) VALUES (37, 39, 61, 7, 115797.8, 'consumo', NULL);
INSERT INTO detalle_emision (id, emision_id, gasto_id, categoria_id, monto, regla_prorrateo, metadata_json) VALUES (38, 46, 67, 12, 138616.29, 'consumo', NULL);
INSERT INTO detalle_emision (id, emision_id, gasto_id, categoria_id, monto, regla_prorrateo, metadata_json) VALUES (39, 65, 9, 3, 74169.6, 'consumo', NULL);
INSERT INTO detalle_emision (id, emision_id, gasto_id, categoria_id, monto, regla_prorrateo, metadata_json) VALUES (40, 80, 59, 4, 116776.48, 'coeficiente', NULL);
INSERT INTO detalle_emision (id, emision_id, gasto_id, categoria_id, monto, regla_prorrateo, metadata_json) VALUES (41, 34, 88, 12, 156181.04, 'igualitario', NULL);
INSERT INTO detalle_emision (id, emision_id, gasto_id, categoria_id, monto, regla_prorrateo, metadata_json) VALUES (42, 35, 39, 17, 124815.0, 'consumo', NULL);
INSERT INTO detalle_emision (id, emision_id, gasto_id, categoria_id, monto, regla_prorrateo, metadata_json) VALUES (43, 7, 113, 15, 192902.95, 'consumo', NULL);
INSERT INTO detalle_emision (id, emision_id, gasto_id, categoria_id, monto, regla_prorrateo, metadata_json) VALUES (44, 14, 157, 20, 158609.69, 'consumo', NULL);
INSERT INTO detalle_emision (id, emision_id, gasto_id, categoria_id, monto, regla_prorrateo, metadata_json) VALUES (45, 72, 11, 17, 30028.11, 'igualitario', NULL);
INSERT INTO detalle_emision (id, emision_id, gasto_id, categoria_id, monto, regla_prorrateo, metadata_json) VALUES (46, 16, 53, 12, 39836.18, 'coeficiente', NULL);
INSERT INTO detalle_emision (id, emision_id, gasto_id, categoria_id, monto, regla_prorrateo, metadata_json) VALUES (47, 57, 130, 16, 149184.86, 'consumo', NULL);
INSERT INTO detalle_emision (id, emision_id, gasto_id, categoria_id, monto, regla_prorrateo, metadata_json) VALUES (48, 20, 166, 12, 73575.43, 'consumo', NULL);
INSERT INTO detalle_emision (id, emision_id, gasto_id, categoria_id, monto, regla_prorrateo, metadata_json) VALUES (49, 16, 52, 15, 194230.97, 'consumo', NULL);
INSERT INTO detalle_emision (id, emision_id, gasto_id, categoria_id, monto, regla_prorrateo, metadata_json) VALUES (50, 32, 122, 11, 64484.08, 'consumo', NULL);
INSERT INTO detalle_emision (id, emision_id, gasto_id, categoria_id, monto, regla_prorrateo, metadata_json) VALUES (51, 11, 69, 12, 145887.95, 'coeficiente', NULL);
INSERT INTO detalle_emision (id, emision_id, gasto_id, categoria_id, monto, regla_prorrateo, metadata_json) VALUES (52, 47, 162, 8, 38806.13, 'igualitario', NULL);
INSERT INTO detalle_emision (id, emision_id, gasto_id, categoria_id, monto, regla_prorrateo, metadata_json) VALUES (53, 54, 59, 5, 162336.05, 'coeficiente', NULL);
INSERT INTO detalle_emision (id, emision_id, gasto_id, categoria_id, monto, regla_prorrateo, metadata_json) VALUES (54, 53, 118, 17, 160975.4, 'coeficiente', NULL);
INSERT INTO detalle_emision (id, emision_id, gasto_id, categoria_id, monto, regla_prorrateo, metadata_json) VALUES (55, 4, 114, 5, 156328.85, 'igualitario', NULL);
INSERT INTO detalle_emision (id, emision_id, gasto_id, categoria_id, monto, regla_prorrateo, metadata_json) VALUES (56, 67, 18, 3, 74277.69, 'coeficiente', NULL);
INSERT INTO detalle_emision (id, emision_id, gasto_id, categoria_id, monto, regla_prorrateo, metadata_json) VALUES (57, 22, 112, 2, 84720.59, 'consumo', NULL);
INSERT INTO detalle_emision (id, emision_id, gasto_id, categoria_id, monto, regla_prorrateo, metadata_json) VALUES (58, 20, 148, 2, 195769.27, 'igualitario', NULL);
INSERT INTO detalle_emision (id, emision_id, gasto_id, categoria_id, monto, regla_prorrateo, metadata_json) VALUES (59, 67, 76, 14, 86380.54, 'igualitario', NULL);
INSERT INTO detalle_emision (id, emision_id, gasto_id, categoria_id, monto, regla_prorrateo, metadata_json) VALUES (60, 71, 78, 11, 182753.86, 'consumo', NULL);
INSERT INTO detalle_emision (id, emision_id, gasto_id, categoria_id, monto, regla_prorrateo, metadata_json) VALUES (61, 36, 136, 20, 184885.61, 'igualitario', NULL);
INSERT INTO detalle_emision (id, emision_id, gasto_id, categoria_id, monto, regla_prorrateo, metadata_json) VALUES (62, 52, 115, 7, 178640.15, 'igualitario', NULL);
INSERT INTO detalle_emision (id, emision_id, gasto_id, categoria_id, monto, regla_prorrateo, metadata_json) VALUES (63, 80, 167, 15, 142519.48, 'igualitario', NULL);
INSERT INTO detalle_emision (id, emision_id, gasto_id, categoria_id, monto, regla_prorrateo, metadata_json) VALUES (64, 52, 51, 10, 26013.38, 'igualitario', NULL);
INSERT INTO detalle_emision (id, emision_id, gasto_id, categoria_id, monto, regla_prorrateo, metadata_json) VALUES (65, 43, 100, 5, 108889.24, 'igualitario', NULL);
INSERT INTO detalle_emision (id, emision_id, gasto_id, categoria_id, monto, regla_prorrateo, metadata_json) VALUES (66, 37, 55, 3, 107217.61, 'coeficiente', NULL);
INSERT INTO detalle_emision (id, emision_id, gasto_id, categoria_id, monto, regla_prorrateo, metadata_json) VALUES (67, 67, 88, 6, 14450.13, 'igualitario', NULL);
INSERT INTO detalle_emision (id, emision_id, gasto_id, categoria_id, monto, regla_prorrateo, metadata_json) VALUES (68, 76, 67, 8, 168123.51, 'coeficiente', NULL);
INSERT INTO detalle_emision (id, emision_id, gasto_id, categoria_id, monto, regla_prorrateo, metadata_json) VALUES (69, 55, 130, 4, 149077.37, 'coeficiente', NULL);
INSERT INTO detalle_emision (id, emision_id, gasto_id, categoria_id, monto, regla_prorrateo, metadata_json) VALUES (70, 34, 161, 17, 77349.94, 'consumo', NULL);
INSERT INTO detalle_emision (id, emision_id, gasto_id, categoria_id, monto, regla_prorrateo, metadata_json) VALUES (71, 16, 115, 10, 118762.7, 'consumo', NULL);
INSERT INTO detalle_emision (id, emision_id, gasto_id, categoria_id, monto, regla_prorrateo, metadata_json) VALUES (72, 59, 87, 8, 163023.64, 'igualitario', NULL);
INSERT INTO detalle_emision (id, emision_id, gasto_id, categoria_id, monto, regla_prorrateo, metadata_json) VALUES (73, 73, 161, 18, 170454.2, 'consumo', NULL);
INSERT INTO detalle_emision (id, emision_id, gasto_id, categoria_id, monto, regla_prorrateo, metadata_json) VALUES (74, 45, 77, 10, 136715.25, 'igualitario', NULL);
INSERT INTO detalle_emision (id, emision_id, gasto_id, categoria_id, monto, regla_prorrateo, metadata_json) VALUES (75, 74, 173, 5, 145726.69, 'igualitario', NULL);
INSERT INTO detalle_emision (id, emision_id, gasto_id, categoria_id, monto, regla_prorrateo, metadata_json) VALUES (76, 32, 27, 11, 108125.85, 'consumo', NULL);
INSERT INTO detalle_emision (id, emision_id, gasto_id, categoria_id, monto, regla_prorrateo, metadata_json) VALUES (77, 47, 117, 4, 37845.12, 'coeficiente', NULL);
INSERT INTO detalle_emision (id, emision_id, gasto_id, categoria_id, monto, regla_prorrateo, metadata_json) VALUES (78, 53, 21, 3, 21816.8, 'consumo', NULL);
INSERT INTO detalle_emision (id, emision_id, gasto_id, categoria_id, monto, regla_prorrateo, metadata_json) VALUES (79, 61, 55, 15, 24833.81, 'igualitario', NULL);
INSERT INTO detalle_emision (id, emision_id, gasto_id, categoria_id, monto, regla_prorrateo, metadata_json) VALUES (80, 68, 104, 19, 116204.01, 'coeficiente', NULL);
INSERT INTO detalle_emision (id, emision_id, gasto_id, categoria_id, monto, regla_prorrateo, metadata_json) VALUES (81, 34, 150, 16, 130927.62, 'coeficiente', NULL);
INSERT INTO detalle_emision (id, emision_id, gasto_id, categoria_id, monto, regla_prorrateo, metadata_json) VALUES (82, 63, 107, 6, 37425.77, 'consumo', NULL);
INSERT INTO detalle_emision (id, emision_id, gasto_id, categoria_id, monto, regla_prorrateo, metadata_json) VALUES (83, 63, 118, 5, 193926.04, 'igualitario', NULL);
INSERT INTO detalle_emision (id, emision_id, gasto_id, categoria_id, monto, regla_prorrateo, metadata_json) VALUES (84, 68, 31, 7, 96532.15, 'consumo', NULL);
INSERT INTO detalle_emision (id, emision_id, gasto_id, categoria_id, monto, regla_prorrateo, metadata_json) VALUES (85, 21, 144, 12, 185122.5, 'consumo', NULL);
INSERT INTO detalle_emision (id, emision_id, gasto_id, categoria_id, monto, regla_prorrateo, metadata_json) VALUES (86, 78, 105, 4, 32964.62, 'igualitario', NULL);
INSERT INTO detalle_emision (id, emision_id, gasto_id, categoria_id, monto, regla_prorrateo, metadata_json) VALUES (87, 38, 11, 17, 39127.86, 'coeficiente', NULL);
INSERT INTO detalle_emision (id, emision_id, gasto_id, categoria_id, monto, regla_prorrateo, metadata_json) VALUES (88, 40, 96, 10, 65856.45, 'consumo', NULL);
INSERT INTO detalle_emision (id, emision_id, gasto_id, categoria_id, monto, regla_prorrateo, metadata_json) VALUES (89, 19, 37, 19, 90133.82, 'coeficiente', NULL);
INSERT INTO detalle_emision (id, emision_id, gasto_id, categoria_id, monto, regla_prorrateo, metadata_json) VALUES (90, 37, 56, 6, 165633.76, 'coeficiente', NULL);
INSERT INTO detalle_emision (id, emision_id, gasto_id, categoria_id, monto, regla_prorrateo, metadata_json) VALUES (91, 1, 32, 18, 76243.3, 'consumo', NULL);
INSERT INTO detalle_emision (id, emision_id, gasto_id, categoria_id, monto, regla_prorrateo, metadata_json) VALUES (92, 54, 124, 19, 68843.36, 'coeficiente', NULL);
INSERT INTO detalle_emision (id, emision_id, gasto_id, categoria_id, monto, regla_prorrateo, metadata_json) VALUES (93, 44, 97, 16, 168547.4, 'igualitario', NULL);
INSERT INTO detalle_emision (id, emision_id, gasto_id, categoria_id, monto, regla_prorrateo, metadata_json) VALUES (94, 17, 36, 17, 130927.45, 'coeficiente', NULL);
INSERT INTO detalle_emision (id, emision_id, gasto_id, categoria_id, monto, regla_prorrateo, metadata_json) VALUES (95, 58, 39, 11, 26969.85, 'igualitario', NULL);
INSERT INTO detalle_emision (id, emision_id, gasto_id, categoria_id, monto, regla_prorrateo, metadata_json) VALUES (96, 80, 105, 13, 54236.23, 'coeficiente', NULL);
INSERT INTO detalle_emision (id, emision_id, gasto_id, categoria_id, monto, regla_prorrateo, metadata_json) VALUES (97, 44, 139, 2, 192035.1, 'coeficiente', NULL);
INSERT INTO detalle_emision (id, emision_id, gasto_id, categoria_id, monto, regla_prorrateo, metadata_json) VALUES (98, 36, 166, 3, 174531.18, 'igualitario', NULL);
INSERT INTO detalle_emision (id, emision_id, gasto_id, categoria_id, monto, regla_prorrateo, metadata_json) VALUES (99, 4, 147, 10, 116598.43, 'consumo', NULL);
INSERT INTO detalle_emision (id, emision_id, gasto_id, categoria_id, monto, regla_prorrateo, metadata_json) VALUES (100, 72, 22, 7, 191481.98, 'igualitario', NULL);
INSERT INTO detalle_emision (id, emision_id, gasto_id, categoria_id, monto, regla_prorrateo, metadata_json) VALUES (101, 74, 14, 19, 109133.22, 'coeficiente', NULL);
INSERT INTO detalle_emision (id, emision_id, gasto_id, categoria_id, monto, regla_prorrateo, metadata_json) VALUES (102, 65, 5, 4, 135068.34, 'igualitario', NULL);
INSERT INTO detalle_emision (id, emision_id, gasto_id, categoria_id, monto, regla_prorrateo, metadata_json) VALUES (103, 24, 5, 9, 159483.84, 'consumo', NULL);
INSERT INTO detalle_emision (id, emision_id, gasto_id, categoria_id, monto, regla_prorrateo, metadata_json) VALUES (104, 75, 114, 3, 163314.99, 'igualitario', NULL);
INSERT INTO detalle_emision (id, emision_id, gasto_id, categoria_id, monto, regla_prorrateo, metadata_json) VALUES (105, 42, 103, 19, 18546.89, 'consumo', NULL);
INSERT INTO detalle_emision (id, emision_id, gasto_id, categoria_id, monto, regla_prorrateo, metadata_json) VALUES (106, 44, 112, 6, 88837.92, 'igualitario', NULL);
INSERT INTO detalle_emision (id, emision_id, gasto_id, categoria_id, monto, regla_prorrateo, metadata_json) VALUES (107, 41, 98, 9, 27294.77, 'consumo', NULL);
INSERT INTO detalle_emision (id, emision_id, gasto_id, categoria_id, monto, regla_prorrateo, metadata_json) VALUES (108, 70, 44, 10, 37366.51, 'coeficiente', NULL);
INSERT INTO detalle_emision (id, emision_id, gasto_id, categoria_id, monto, regla_prorrateo, metadata_json) VALUES (109, 12, 40, 10, 190911.3, 'igualitario', NULL);
INSERT INTO detalle_emision (id, emision_id, gasto_id, categoria_id, monto, regla_prorrateo, metadata_json) VALUES (110, 22, 16, 20, 192613.43, 'consumo', NULL);
INSERT INTO detalle_emision (id, emision_id, gasto_id, categoria_id, monto, regla_prorrateo, metadata_json) VALUES (111, 4, 15, 10, 84088.55, 'coeficiente', NULL);
INSERT INTO detalle_emision (id, emision_id, gasto_id, categoria_id, monto, regla_prorrateo, metadata_json) VALUES (112, 19, 106, 11, 59007.52, 'consumo', NULL);
INSERT INTO detalle_emision (id, emision_id, gasto_id, categoria_id, monto, regla_prorrateo, metadata_json) VALUES (113, 7, 52, 8, 152905.41, 'igualitario', NULL);
INSERT INTO detalle_emision (id, emision_id, gasto_id, categoria_id, monto, regla_prorrateo, metadata_json) VALUES (114, 31, 127, 17, 152954.1, 'coeficiente', NULL);
INSERT INTO detalle_emision (id, emision_id, gasto_id, categoria_id, monto, regla_prorrateo, metadata_json) VALUES (115, 15, 69, 2, 70483.92, 'igualitario', NULL);
INSERT INTO detalle_emision (id, emision_id, gasto_id, categoria_id, monto, regla_prorrateo, metadata_json) VALUES (116, 53, 17, 16, 15492.22, 'igualitario', NULL);
INSERT INTO detalle_emision (id, emision_id, gasto_id, categoria_id, monto, regla_prorrateo, metadata_json) VALUES (117, 30, 5, 9, 115274.3, 'igualitario', NULL);
INSERT INTO detalle_emision (id, emision_id, gasto_id, categoria_id, monto, regla_prorrateo, metadata_json) VALUES (118, 13, 64, 18, 133794.67, 'consumo', NULL);
INSERT INTO detalle_emision (id, emision_id, gasto_id, categoria_id, monto, regla_prorrateo, metadata_json) VALUES (119, 39, 146, 14, 94736.63, 'igualitario', NULL);
INSERT INTO detalle_emision (id, emision_id, gasto_id, categoria_id, monto, regla_prorrateo, metadata_json) VALUES (120, 65, 53, 5, 80927.99, 'consumo', NULL);
INSERT INTO detalle_emision (id, emision_id, gasto_id, categoria_id, monto, regla_prorrateo, metadata_json) VALUES (121, 32, 138, 14, 192656.9, 'igualitario', NULL);
INSERT INTO detalle_emision (id, emision_id, gasto_id, categoria_id, monto, regla_prorrateo, metadata_json) VALUES (122, 58, 11, 1, 164402.31, 'igualitario', NULL);
INSERT INTO detalle_emision (id, emision_id, gasto_id, categoria_id, monto, regla_prorrateo, metadata_json) VALUES (123, 38, 168, 6, 10103.16, 'coeficiente', NULL);
INSERT INTO detalle_emision (id, emision_id, gasto_id, categoria_id, monto, regla_prorrateo, metadata_json) VALUES (124, 35, 154, 9, 169502.67, 'coeficiente', NULL);
INSERT INTO detalle_emision (id, emision_id, gasto_id, categoria_id, monto, regla_prorrateo, metadata_json) VALUES (125, 45, 162, 7, 121180.24, 'igualitario', NULL);
INSERT INTO detalle_emision (id, emision_id, gasto_id, categoria_id, monto, regla_prorrateo, metadata_json) VALUES (126, 37, 12, 6, 150444.76, 'igualitario', NULL);
INSERT INTO detalle_emision (id, emision_id, gasto_id, categoria_id, monto, regla_prorrateo, metadata_json) VALUES (127, 9, 77, 3, 85107.93, 'consumo', NULL);
INSERT INTO detalle_emision (id, emision_id, gasto_id, categoria_id, monto, regla_prorrateo, metadata_json) VALUES (128, 18, 143, 9, 176873.07, 'consumo', NULL);
INSERT INTO detalle_emision (id, emision_id, gasto_id, categoria_id, monto, regla_prorrateo, metadata_json) VALUES (129, 79, 130, 11, 177947.01, 'coeficiente', NULL);
INSERT INTO detalle_emision (id, emision_id, gasto_id, categoria_id, monto, regla_prorrateo, metadata_json) VALUES (130, 34, 116, 9, 56726.37, 'coeficiente', NULL);
INSERT INTO detalle_emision (id, emision_id, gasto_id, categoria_id, monto, regla_prorrateo, metadata_json) VALUES (131, 44, 54, 15, 192208.61, 'coeficiente', NULL);
INSERT INTO detalle_emision (id, emision_id, gasto_id, categoria_id, monto, regla_prorrateo, metadata_json) VALUES (132, 3, 178, 5, 132824.23, 'consumo', NULL);
INSERT INTO detalle_emision (id, emision_id, gasto_id, categoria_id, monto, regla_prorrateo, metadata_json) VALUES (133, 78, 122, 1, 181274.55, 'igualitario', NULL);
INSERT INTO detalle_emision (id, emision_id, gasto_id, categoria_id, monto, regla_prorrateo, metadata_json) VALUES (134, 23, 106, 18, 180100.95, 'igualitario', NULL);
INSERT INTO detalle_emision (id, emision_id, gasto_id, categoria_id, monto, regla_prorrateo, metadata_json) VALUES (135, 63, 101, 18, 25418.27, 'igualitario', NULL);
INSERT INTO detalle_emision (id, emision_id, gasto_id, categoria_id, monto, regla_prorrateo, metadata_json) VALUES (136, 10, 138, 1, 179588.72, 'igualitario', NULL);
INSERT INTO detalle_emision (id, emision_id, gasto_id, categoria_id, monto, regla_prorrateo, metadata_json) VALUES (137, 57, 173, 4, 77069.0, 'coeficiente', NULL);
INSERT INTO detalle_emision (id, emision_id, gasto_id, categoria_id, monto, regla_prorrateo, metadata_json) VALUES (138, 77, 92, 13, 43665.46, 'igualitario', NULL);
INSERT INTO detalle_emision (id, emision_id, gasto_id, categoria_id, monto, regla_prorrateo, metadata_json) VALUES (139, 2, 32, 15, 80391.32, 'consumo', NULL);
INSERT INTO detalle_emision (id, emision_id, gasto_id, categoria_id, monto, regla_prorrateo, metadata_json) VALUES (140, 57, 3, 8, 151197.44, 'coeficiente', NULL);
INSERT INTO detalle_emision (id, emision_id, gasto_id, categoria_id, monto, regla_prorrateo, metadata_json) VALUES (141, 46, 50, 3, 165093.36, 'igualitario', NULL);
INSERT INTO detalle_emision (id, emision_id, gasto_id, categoria_id, monto, regla_prorrateo, metadata_json) VALUES (142, 39, 57, 8, 196222.63, 'coeficiente', NULL);
INSERT INTO detalle_emision (id, emision_id, gasto_id, categoria_id, monto, regla_prorrateo, metadata_json) VALUES (143, 5, 72, 16, 181856.44, 'igualitario', NULL);
INSERT INTO detalle_emision (id, emision_id, gasto_id, categoria_id, monto, regla_prorrateo, metadata_json) VALUES (144, 78, 54, 1, 47256.49, 'igualitario', NULL);
INSERT INTO detalle_emision (id, emision_id, gasto_id, categoria_id, monto, regla_prorrateo, metadata_json) VALUES (145, 51, 29, 9, 118129.42, 'coeficiente', NULL);
INSERT INTO detalle_emision (id, emision_id, gasto_id, categoria_id, monto, regla_prorrateo, metadata_json) VALUES (146, 22, 142, 7, 135369.3, 'igualitario', NULL);
INSERT INTO detalle_emision (id, emision_id, gasto_id, categoria_id, monto, regla_prorrateo, metadata_json) VALUES (147, 78, 145, 6, 22418.52, 'consumo', NULL);
INSERT INTO detalle_emision (id, emision_id, gasto_id, categoria_id, monto, regla_prorrateo, metadata_json) VALUES (148, 9, 33, 9, 187377.05, 'consumo', NULL);
INSERT INTO detalle_emision (id, emision_id, gasto_id, categoria_id, monto, regla_prorrateo, metadata_json) VALUES (149, 67, 71, 7, 171056.76, 'consumo', NULL);
INSERT INTO detalle_emision (id, emision_id, gasto_id, categoria_id, monto, regla_prorrateo, metadata_json) VALUES (150, 69, 158, 9, 139329.27, 'coeficiente', NULL);
INSERT INTO detalle_emision (id, emision_id, gasto_id, categoria_id, monto, regla_prorrateo, metadata_json) VALUES (151, 1, 110, 2, 172233.36, 'coeficiente', NULL);
INSERT INTO detalle_emision (id, emision_id, gasto_id, categoria_id, monto, regla_prorrateo, metadata_json) VALUES (152, 56, 105, 9, 33126.36, 'igualitario', NULL);
INSERT INTO detalle_emision (id, emision_id, gasto_id, categoria_id, monto, regla_prorrateo, metadata_json) VALUES (153, 60, 127, 12, 108278.81, 'consumo', NULL);
INSERT INTO detalle_emision (id, emision_id, gasto_id, categoria_id, monto, regla_prorrateo, metadata_json) VALUES (154, 29, 13, 9, 184494.38, 'igualitario', NULL);
INSERT INTO detalle_emision (id, emision_id, gasto_id, categoria_id, monto, regla_prorrateo, metadata_json) VALUES (155, 58, 81, 1, 84453.19, 'coeficiente', NULL);
INSERT INTO detalle_emision (id, emision_id, gasto_id, categoria_id, monto, regla_prorrateo, metadata_json) VALUES (156, 11, 147, 1, 198150.28, 'consumo', NULL);
INSERT INTO detalle_emision (id, emision_id, gasto_id, categoria_id, monto, regla_prorrateo, metadata_json) VALUES (157, 55, 20, 8, 47406.6, 'coeficiente', NULL);
INSERT INTO detalle_emision (id, emision_id, gasto_id, categoria_id, monto, regla_prorrateo, metadata_json) VALUES (158, 40, 17, 4, 15295.82, 'coeficiente', NULL);
INSERT INTO detalle_emision (id, emision_id, gasto_id, categoria_id, monto, regla_prorrateo, metadata_json) VALUES (159, 4, 152, 11, 169696.44, 'consumo', NULL);
INSERT INTO detalle_emision (id, emision_id, gasto_id, categoria_id, monto, regla_prorrateo, metadata_json) VALUES (160, 14, 122, 8, 192172.5, 'consumo', NULL);
INSERT INTO detalle_emision (id, emision_id, gasto_id, categoria_id, monto, regla_prorrateo, metadata_json) VALUES (161, 43, 134, 8, 189274.04, 'igualitario', NULL);
INSERT INTO detalle_emision (id, emision_id, gasto_id, categoria_id, monto, regla_prorrateo, metadata_json) VALUES (162, 80, 113, 4, 128816.26, 'igualitario', NULL);
INSERT INTO detalle_emision (id, emision_id, gasto_id, categoria_id, monto, regla_prorrateo, metadata_json) VALUES (163, 16, 22, 2, 184175.73, 'coeficiente', NULL);
INSERT INTO detalle_emision (id, emision_id, gasto_id, categoria_id, monto, regla_prorrateo, metadata_json) VALUES (164, 41, 178, 3, 158702.79, 'consumo', NULL);
INSERT INTO detalle_emision (id, emision_id, gasto_id, categoria_id, monto, regla_prorrateo, metadata_json) VALUES (165, 57, 15, 10, 126040.34, 'coeficiente', NULL);
INSERT INTO detalle_emision (id, emision_id, gasto_id, categoria_id, monto, regla_prorrateo, metadata_json) VALUES (166, 9, 27, 2, 116259.03, 'coeficiente', NULL);
INSERT INTO detalle_emision (id, emision_id, gasto_id, categoria_id, monto, regla_prorrateo, metadata_json) VALUES (167, 49, 103, 4, 127287.38, 'coeficiente', NULL);
INSERT INTO detalle_emision (id, emision_id, gasto_id, categoria_id, monto, regla_prorrateo, metadata_json) VALUES (168, 30, 154, 20, 12015.24, 'coeficiente', NULL);
INSERT INTO detalle_emision (id, emision_id, gasto_id, categoria_id, monto, regla_prorrateo, metadata_json) VALUES (169, 60, 110, 20, 127653.81, 'coeficiente', NULL);
INSERT INTO detalle_emision (id, emision_id, gasto_id, categoria_id, monto, regla_prorrateo, metadata_json) VALUES (170, 4, 117, 17, 72356.8, 'consumo', NULL);
INSERT INTO detalle_emision (id, emision_id, gasto_id, categoria_id, monto, regla_prorrateo, metadata_json) VALUES (171, 14, 27, 1, 123083.27, 'consumo', NULL);
INSERT INTO detalle_emision (id, emision_id, gasto_id, categoria_id, monto, regla_prorrateo, metadata_json) VALUES (172, 76, 50, 19, 33936.51, 'igualitario', NULL);
INSERT INTO detalle_emision (id, emision_id, gasto_id, categoria_id, monto, regla_prorrateo, metadata_json) VALUES (173, 33, 91, 14, 101465.87, 'igualitario', NULL);
INSERT INTO detalle_emision (id, emision_id, gasto_id, categoria_id, monto, regla_prorrateo, metadata_json) VALUES (174, 57, 48, 8, 36157.81, 'consumo', NULL);
INSERT INTO detalle_emision (id, emision_id, gasto_id, categoria_id, monto, regla_prorrateo, metadata_json) VALUES (175, 8, 33, 10, 121059.24, 'igualitario', NULL);
INSERT INTO detalle_emision (id, emision_id, gasto_id, categoria_id, monto, regla_prorrateo, metadata_json) VALUES (176, 46, 80, 19, 178192.16, 'consumo', NULL);
INSERT INTO detalle_emision (id, emision_id, gasto_id, categoria_id, monto, regla_prorrateo, metadata_json) VALUES (177, 19, 121, 10, 124632.6, 'coeficiente', NULL);
INSERT INTO detalle_emision (id, emision_id, gasto_id, categoria_id, monto, regla_prorrateo, metadata_json) VALUES (178, 48, 3, 17, 121423.58, 'igualitario', NULL);
INSERT INTO detalle_emision (id, emision_id, gasto_id, categoria_id, monto, regla_prorrateo, metadata_json) VALUES (179, 19, 15, 8, 106350.49, 'igualitario', NULL);
INSERT INTO detalle_emision (id, emision_id, gasto_id, categoria_id, monto, regla_prorrateo, metadata_json) VALUES (180, 7, 109, 12, 47127.35, 'consumo', NULL);
INSERT INTO detalle_emision (id, emision_id, gasto_id, categoria_id, monto, regla_prorrateo, metadata_json) VALUES (181, 26, 18, 11, 45977.56, 'coeficiente', NULL);
INSERT INTO detalle_emision (id, emision_id, gasto_id, categoria_id, monto, regla_prorrateo, metadata_json) VALUES (182, 60, 154, 11, 171881.65, 'igualitario', NULL);
INSERT INTO detalle_emision (id, emision_id, gasto_id, categoria_id, monto, regla_prorrateo, metadata_json) VALUES (183, 43, 158, 10, 89552.1, 'consumo', NULL);
INSERT INTO detalle_emision (id, emision_id, gasto_id, categoria_id, monto, regla_prorrateo, metadata_json) VALUES (184, 14, 117, 2, 104226.83, 'consumo', NULL);
INSERT INTO detalle_emision (id, emision_id, gasto_id, categoria_id, monto, regla_prorrateo, metadata_json) VALUES (185, 29, 178, 8, 98641.98, 'consumo', NULL);
INSERT INTO detalle_emision (id, emision_id, gasto_id, categoria_id, monto, regla_prorrateo, metadata_json) VALUES (186, 31, 124, 11, 163381.55, 'coeficiente', NULL);
INSERT INTO detalle_emision (id, emision_id, gasto_id, categoria_id, monto, regla_prorrateo, metadata_json) VALUES (187, 27, 103, 6, 166956.02, 'consumo', NULL);
INSERT INTO detalle_emision (id, emision_id, gasto_id, categoria_id, monto, regla_prorrateo, metadata_json) VALUES (188, 47, 3, 3, 77998.47, 'igualitario', NULL);
INSERT INTO detalle_emision (id, emision_id, gasto_id, categoria_id, monto, regla_prorrateo, metadata_json) VALUES (189, 15, 37, 10, 93677.54, 'igualitario', NULL);
INSERT INTO detalle_emision (id, emision_id, gasto_id, categoria_id, monto, regla_prorrateo, metadata_json) VALUES (190, 75, 93, 2, 195308.76, 'consumo', NULL);
INSERT INTO detalle_emision (id, emision_id, gasto_id, categoria_id, monto, regla_prorrateo, metadata_json) VALUES (191, 26, 73, 6, 51599.56, 'coeficiente', NULL);
INSERT INTO detalle_emision (id, emision_id, gasto_id, categoria_id, monto, regla_prorrateo, metadata_json) VALUES (192, 23, 87, 18, 56733.21, 'consumo', NULL);
INSERT INTO detalle_emision (id, emision_id, gasto_id, categoria_id, monto, regla_prorrateo, metadata_json) VALUES (193, 3, 46, 9, 183023.3, 'consumo', NULL);
INSERT INTO detalle_emision (id, emision_id, gasto_id, categoria_id, monto, regla_prorrateo, metadata_json) VALUES (194, 18, 98, 4, 74292.82, 'consumo', NULL);
INSERT INTO detalle_emision (id, emision_id, gasto_id, categoria_id, monto, regla_prorrateo, metadata_json) VALUES (195, 40, 117, 8, 80231.72, 'coeficiente', NULL);
INSERT INTO detalle_emision (id, emision_id, gasto_id, categoria_id, monto, regla_prorrateo, metadata_json) VALUES (196, 22, 135, 20, 177516.12, 'igualitario', NULL);
INSERT INTO detalle_emision (id, emision_id, gasto_id, categoria_id, monto, regla_prorrateo, metadata_json) VALUES (197, 9, 31, 5, 177717.39, 'consumo', NULL);
INSERT INTO detalle_emision (id, emision_id, gasto_id, categoria_id, monto, regla_prorrateo, metadata_json) VALUES (198, 25, 50, 18, 81857.15, 'coeficiente', NULL);
INSERT INTO detalle_emision (id, emision_id, gasto_id, categoria_id, monto, regla_prorrateo, metadata_json) VALUES (199, 41, 154, 14, 195626.49, 'consumo', NULL);
INSERT INTO detalle_emision (id, emision_id, gasto_id, categoria_id, monto, regla_prorrateo, metadata_json) VALUES (200, 6, 158, 19, 45929.41, 'igualitario', NULL);
INSERT INTO detalle_emision (id, emision_id, gasto_id, categoria_id, monto, regla_prorrateo, metadata_json) VALUES (201, 38, 39, 11, 56962.61, 'igualitario', NULL);
INSERT INTO detalle_emision (id, emision_id, gasto_id, categoria_id, monto, regla_prorrateo, metadata_json) VALUES (202, 36, 33, 17, 193993.02, 'coeficiente', NULL);
INSERT INTO detalle_emision (id, emision_id, gasto_id, categoria_id, monto, regla_prorrateo, metadata_json) VALUES (203, 27, 21, 16, 160289.47, 'igualitario', NULL);
INSERT INTO detalle_emision (id, emision_id, gasto_id, categoria_id, monto, regla_prorrateo, metadata_json) VALUES (204, 9, 43, 17, 83742.01, 'igualitario', NULL);
INSERT INTO detalle_emision (id, emision_id, gasto_id, categoria_id, monto, regla_prorrateo, metadata_json) VALUES (205, 66, 96, 16, 108589.55, 'consumo', NULL);
INSERT INTO detalle_emision (id, emision_id, gasto_id, categoria_id, monto, regla_prorrateo, metadata_json) VALUES (206, 42, 96, 17, 141956.84, 'igualitario', NULL);
INSERT INTO detalle_emision (id, emision_id, gasto_id, categoria_id, monto, regla_prorrateo, metadata_json) VALUES (207, 64, 122, 9, 120425.47, 'igualitario', NULL);
INSERT INTO detalle_emision (id, emision_id, gasto_id, categoria_id, monto, regla_prorrateo, metadata_json) VALUES (208, 75, 167, 2, 49367.92, 'consumo', NULL);
INSERT INTO detalle_emision (id, emision_id, gasto_id, categoria_id, monto, regla_prorrateo, metadata_json) VALUES (209, 58, 61, 13, 51532.81, 'coeficiente', NULL);
INSERT INTO detalle_emision (id, emision_id, gasto_id, categoria_id, monto, regla_prorrateo, metadata_json) VALUES (210, 49, 147, 6, 187744.79, 'coeficiente', NULL);
INSERT INTO detalle_emision (id, emision_id, gasto_id, categoria_id, monto, regla_prorrateo, metadata_json) VALUES (211, 33, 141, 3, 35522.76, 'consumo', NULL);
INSERT INTO detalle_emision (id, emision_id, gasto_id, categoria_id, monto, regla_prorrateo, metadata_json) VALUES (212, 38, 114, 17, 76799.24, 'igualitario', NULL);
INSERT INTO detalle_emision (id, emision_id, gasto_id, categoria_id, monto, regla_prorrateo, metadata_json) VALUES (213, 6, 120, 17, 128013.91, 'coeficiente', NULL);
INSERT INTO detalle_emision (id, emision_id, gasto_id, categoria_id, monto, regla_prorrateo, metadata_json) VALUES (214, 58, 120, 14, 87701.03, 'coeficiente', NULL);
INSERT INTO detalle_emision (id, emision_id, gasto_id, categoria_id, monto, regla_prorrateo, metadata_json) VALUES (215, 41, 70, 13, 14696.46, 'coeficiente', NULL);
INSERT INTO detalle_emision (id, emision_id, gasto_id, categoria_id, monto, regla_prorrateo, metadata_json) VALUES (216, 30, 68, 3, 78227.66, 'consumo', NULL);
INSERT INTO detalle_emision (id, emision_id, gasto_id, categoria_id, monto, regla_prorrateo, metadata_json) VALUES (217, 38, 129, 17, 113863.86, 'consumo', NULL);
INSERT INTO detalle_emision (id, emision_id, gasto_id, categoria_id, monto, regla_prorrateo, metadata_json) VALUES (218, 36, 59, 4, 32531.7, 'coeficiente', NULL);
INSERT INTO detalle_emision (id, emision_id, gasto_id, categoria_id, monto, regla_prorrateo, metadata_json) VALUES (219, 5, 140, 7, 73413.99, 'igualitario', NULL);
INSERT INTO detalle_emision (id, emision_id, gasto_id, categoria_id, monto, regla_prorrateo, metadata_json) VALUES (220, 43, 65, 10, 151590.16, 'igualitario', NULL);
INSERT INTO detalle_emision (id, emision_id, gasto_id, categoria_id, monto, regla_prorrateo, metadata_json) VALUES (221, 36, 49, 20, 199619.18, 'igualitario', NULL);
INSERT INTO detalle_emision (id, emision_id, gasto_id, categoria_id, monto, regla_prorrateo, metadata_json) VALUES (222, 70, 67, 1, 156314.46, 'coeficiente', NULL);
INSERT INTO detalle_emision (id, emision_id, gasto_id, categoria_id, monto, regla_prorrateo, metadata_json) VALUES (223, 45, 104, 13, 166153.65, 'igualitario', NULL);
INSERT INTO detalle_emision (id, emision_id, gasto_id, categoria_id, monto, regla_prorrateo, metadata_json) VALUES (224, 2, 121, 17, 197962.18, 'consumo', NULL);
INSERT INTO detalle_emision (id, emision_id, gasto_id, categoria_id, monto, regla_prorrateo, metadata_json) VALUES (225, 51, 59, 8, 147433.82, 'consumo', NULL);
INSERT INTO detalle_emision (id, emision_id, gasto_id, categoria_id, monto, regla_prorrateo, metadata_json) VALUES (226, 61, 60, 17, 121530.69, 'igualitario', NULL);
INSERT INTO detalle_emision (id, emision_id, gasto_id, categoria_id, monto, regla_prorrateo, metadata_json) VALUES (227, 60, 119, 11, 160463.83, 'coeficiente', NULL);
INSERT INTO detalle_emision (id, emision_id, gasto_id, categoria_id, monto, regla_prorrateo, metadata_json) VALUES (228, 25, 110, 14, 49821.1, 'coeficiente', NULL);
INSERT INTO detalle_emision (id, emision_id, gasto_id, categoria_id, monto, regla_prorrateo, metadata_json) VALUES (229, 72, 8, 12, 36400.54, 'consumo', NULL);
INSERT INTO detalle_emision (id, emision_id, gasto_id, categoria_id, monto, regla_prorrateo, metadata_json) VALUES (230, 40, 3, 16, 163976.26, 'coeficiente', NULL);
INSERT INTO detalle_emision (id, emision_id, gasto_id, categoria_id, monto, regla_prorrateo, metadata_json) VALUES (231, 44, 58, 14, 90886.68, 'coeficiente', NULL);
INSERT INTO detalle_emision (id, emision_id, gasto_id, categoria_id, monto, regla_prorrateo, metadata_json) VALUES (232, 69, 77, 11, 121521.47, 'igualitario', NULL);
INSERT INTO detalle_emision (id, emision_id, gasto_id, categoria_id, monto, regla_prorrateo, metadata_json) VALUES (233, 5, 36, 5, 195676.23, 'coeficiente', NULL);
INSERT INTO detalle_emision (id, emision_id, gasto_id, categoria_id, monto, regla_prorrateo, metadata_json) VALUES (234, 73, 162, 20, 183612.92, 'igualitario', NULL);
INSERT INTO detalle_emision (id, emision_id, gasto_id, categoria_id, monto, regla_prorrateo, metadata_json) VALUES (235, 51, 98, 7, 190251.61, 'consumo', NULL);
INSERT INTO detalle_emision (id, emision_id, gasto_id, categoria_id, monto, regla_prorrateo, metadata_json) VALUES (236, 69, 99, 7, 100207.75, 'coeficiente', NULL);
INSERT INTO detalle_emision (id, emision_id, gasto_id, categoria_id, monto, regla_prorrateo, metadata_json) VALUES (237, 73, 116, 10, 27715.89, 'consumo', NULL);
INSERT INTO detalle_emision (id, emision_id, gasto_id, categoria_id, monto, regla_prorrateo, metadata_json) VALUES (238, 71, 46, 2, 167030.22, 'igualitario', NULL);
INSERT INTO detalle_emision (id, emision_id, gasto_id, categoria_id, monto, regla_prorrateo, metadata_json) VALUES (239, 63, 7, 6, 47809.76, 'coeficiente', NULL);
INSERT INTO detalle_emision (id, emision_id, gasto_id, categoria_id, monto, regla_prorrateo, metadata_json) VALUES (240, 37, 53, 8, 65310.05, 'igualitario', NULL);
INSERT INTO detalle_emision (id, emision_id, gasto_id, categoria_id, monto, regla_prorrateo, metadata_json) VALUES (241, 9, 117, 2, 80043.93, 'consumo', NULL);
INSERT INTO detalle_emision (id, emision_id, gasto_id, categoria_id, monto, regla_prorrateo, metadata_json) VALUES (242, 22, 84, 14, 84310.0, 'consumo', NULL);
INSERT INTO detalle_emision (id, emision_id, gasto_id, categoria_id, monto, regla_prorrateo, metadata_json) VALUES (243, 17, 138, 14, 100867.72, 'consumo', NULL);
INSERT INTO detalle_emision (id, emision_id, gasto_id, categoria_id, monto, regla_prorrateo, metadata_json) VALUES (244, 50, 53, 5, 175385.32, 'coeficiente', NULL);
INSERT INTO detalle_emision (id, emision_id, gasto_id, categoria_id, monto, regla_prorrateo, metadata_json) VALUES (245, 56, 171, 16, 40168.44, 'igualitario', NULL);
INSERT INTO detalle_emision (id, emision_id, gasto_id, categoria_id, monto, regla_prorrateo, metadata_json) VALUES (246, 40, 151, 7, 105470.25, 'igualitario', NULL);
INSERT INTO detalle_emision (id, emision_id, gasto_id, categoria_id, monto, regla_prorrateo, metadata_json) VALUES (247, 59, 71, 7, 11414.23, 'consumo', NULL);
INSERT INTO detalle_emision (id, emision_id, gasto_id, categoria_id, monto, regla_prorrateo, metadata_json) VALUES (248, 58, 17, 13, 124921.23, 'consumo', NULL);
INSERT INTO detalle_emision (id, emision_id, gasto_id, categoria_id, monto, regla_prorrateo, metadata_json) VALUES (249, 68, 85, 19, 177055.48, 'coeficiente', NULL);
INSERT INTO detalle_emision (id, emision_id, gasto_id, categoria_id, monto, regla_prorrateo, metadata_json) VALUES (250, 60, 148, 2, 150085.24, 'coeficiente', NULL);

-- Cuenta de Cobro por Unidad
INSERT INTO cuenta_cobro_unidad (id, emision_id, comunidad_id, unidad_id, monto_total, saldo, estado, interes_acumulado) VALUES (1, 59, 3, 180, 104263.95, 104263.95, 'parcial', 0.00);
INSERT INTO cuenta_cobro_unidad (id, emision_id, comunidad_id, unidad_id, monto_total, saldo, estado, interes_acumulado) VALUES (2, 51, 5, 45, 61505.28, 61505.28, 'pendiente', 0.00);
INSERT INTO cuenta_cobro_unidad (id, emision_id, comunidad_id, unidad_id, monto_total, saldo, estado, interes_acumulado) VALUES (3, 80, 4, 118, 58466.5, 58466.5, 'pagado', 0.00);
INSERT INTO cuenta_cobro_unidad (id, emision_id, comunidad_id, unidad_id, monto_total, saldo, estado, interes_acumulado) VALUES (4, 24, 5, 25, 59355.13, 59355.13, 'pendiente', 0.00);
INSERT INTO cuenta_cobro_unidad (id, emision_id, comunidad_id, unidad_id, monto_total, saldo, estado, interes_acumulado) VALUES (5, 31, 2, 71, 108255.58, 108255.58, 'pagado', 0.00);
INSERT INTO cuenta_cobro_unidad (id, emision_id, comunidad_id, unidad_id, monto_total, saldo, estado, interes_acumulado) VALUES (6, 38, 1, 179, 92653.78, 92653.78, 'pendiente', 0.00);
INSERT INTO cuenta_cobro_unidad (id, emision_id, comunidad_id, unidad_id, monto_total, saldo, estado, interes_acumulado) VALUES (7, 64, 4, 196, 75282.39, 75282.39, 'parcial', 0.00);
INSERT INTO cuenta_cobro_unidad (id, emision_id, comunidad_id, unidad_id, monto_total, saldo, estado, interes_acumulado) VALUES (8, 10, 1, 130, 96653.91, 96653.91, 'parcial', 0.00);
INSERT INTO cuenta_cobro_unidad (id, emision_id, comunidad_id, unidad_id, monto_total, saldo, estado, interes_acumulado) VALUES (9, 53, 4, 43, 45276.66, 45276.66, 'pagado', 0.00);
INSERT INTO cuenta_cobro_unidad (id, emision_id, comunidad_id, unidad_id, monto_total, saldo, estado, interes_acumulado) VALUES (10, 6, 4, 7, 27319.55, 27319.55, 'pagado', 0.00);
INSERT INTO cuenta_cobro_unidad (id, emision_id, comunidad_id, unidad_id, monto_total, saldo, estado, interes_acumulado) VALUES (11, 60, 4, 88, 94595.74, 94595.74, 'pendiente', 0.00);
INSERT INTO cuenta_cobro_unidad (id, emision_id, comunidad_id, unidad_id, monto_total, saldo, estado, interes_acumulado) VALUES (12, 51, 1, 3, 45060.57, 45060.57, 'pagado', 0.00);
INSERT INTO cuenta_cobro_unidad (id, emision_id, comunidad_id, unidad_id, monto_total, saldo, estado, interes_acumulado) VALUES (13, 18, 3, 172, 94867.6, 94867.6, 'parcial', 0.00);
INSERT INTO cuenta_cobro_unidad (id, emision_id, comunidad_id, unidad_id, monto_total, saldo, estado, interes_acumulado) VALUES (14, 60, 1, 22, 74842.85, 74842.85, 'pendiente', 0.00);
INSERT INTO cuenta_cobro_unidad (id, emision_id, comunidad_id, unidad_id, monto_total, saldo, estado, interes_acumulado) VALUES (15, 57, 2, 121, 102042.67, 102042.67, 'pendiente', 0.00);
INSERT INTO cuenta_cobro_unidad (id, emision_id, comunidad_id, unidad_id, monto_total, saldo, estado, interes_acumulado) VALUES (16, 22, 1, 156, 30051.51, 30051.51, 'parcial', 0.00);
INSERT INTO cuenta_cobro_unidad (id, emision_id, comunidad_id, unidad_id, monto_total, saldo, estado, interes_acumulado) VALUES (17, 16, 5, 190, 59084.95, 59084.95, 'pendiente', 0.00);
INSERT INTO cuenta_cobro_unidad (id, emision_id, comunidad_id, unidad_id, monto_total, saldo, estado, interes_acumulado) VALUES (18, 2, 3, 40, 64065.8, 64065.8, 'pendiente', 0.00);
INSERT INTO cuenta_cobro_unidad (id, emision_id, comunidad_id, unidad_id, monto_total, saldo, estado, interes_acumulado) VALUES (19, 28, 1, 173, 73229.88, 73229.88, 'parcial', 0.00);
INSERT INTO cuenta_cobro_unidad (id, emision_id, comunidad_id, unidad_id, monto_total, saldo, estado, interes_acumulado) VALUES (20, 7, 5, 165, 86253.99, 86253.99, 'pagado', 0.00);
INSERT INTO cuenta_cobro_unidad (id, emision_id, comunidad_id, unidad_id, monto_total, saldo, estado, interes_acumulado) VALUES (21, 14, 4, 177, 50832.43, 50832.43, 'pendiente', 0.00);
INSERT INTO cuenta_cobro_unidad (id, emision_id, comunidad_id, unidad_id, monto_total, saldo, estado, interes_acumulado) VALUES (22, 77, 1, 13, 97240.97, 97240.97, 'pendiente', 0.00);
INSERT INTO cuenta_cobro_unidad (id, emision_id, comunidad_id, unidad_id, monto_total, saldo, estado, interes_acumulado) VALUES (23, 32, 3, 62, 39998.57, 39998.57, 'pendiente', 0.00);
INSERT INTO cuenta_cobro_unidad (id, emision_id, comunidad_id, unidad_id, monto_total, saldo, estado, interes_acumulado) VALUES (24, 54, 1, 4, 53711.66, 53711.66, 'pendiente', 0.00);
INSERT INTO cuenta_cobro_unidad (id, emision_id, comunidad_id, unidad_id, monto_total, saldo, estado, interes_acumulado) VALUES (25, 9, 2, 25, 99692.42, 99692.42, 'pagado', 0.00);
INSERT INTO cuenta_cobro_unidad (id, emision_id, comunidad_id, unidad_id, monto_total, saldo, estado, interes_acumulado) VALUES (26, 22, 2, 12, 61568.0, 61568.0, 'pendiente', 0.00);
INSERT INTO cuenta_cobro_unidad (id, emision_id, comunidad_id, unidad_id, monto_total, saldo, estado, interes_acumulado) VALUES (27, 42, 3, 144, 82678.64, 82678.64, 'pagado', 0.00);
INSERT INTO cuenta_cobro_unidad (id, emision_id, comunidad_id, unidad_id, monto_total, saldo, estado, interes_acumulado) VALUES (28, 27, 5, 102, 113892.32, 113892.32, 'pendiente', 0.00);
INSERT INTO cuenta_cobro_unidad (id, emision_id, comunidad_id, unidad_id, monto_total, saldo, estado, interes_acumulado) VALUES (29, 30, 2, 28, 55657.63, 55657.63, 'pendiente', 0.00);
INSERT INTO cuenta_cobro_unidad (id, emision_id, comunidad_id, unidad_id, monto_total, saldo, estado, interes_acumulado) VALUES (30, 2, 4, 168, 51624.02, 51624.02, 'parcial', 0.00);
INSERT INTO cuenta_cobro_unidad (id, emision_id, comunidad_id, unidad_id, monto_total, saldo, estado, interes_acumulado) VALUES (31, 28, 4, 57, 26601.63, 26601.63, 'parcial', 0.00);
INSERT INTO cuenta_cobro_unidad (id, emision_id, comunidad_id, unidad_id, monto_total, saldo, estado, interes_acumulado) VALUES (32, 80, 3, 12, 26733.13, 26733.13, 'pendiente', 0.00);
INSERT INTO cuenta_cobro_unidad (id, emision_id, comunidad_id, unidad_id, monto_total, saldo, estado, interes_acumulado) VALUES (33, 53, 3, 197, 79886.91, 79886.91, 'pendiente', 0.00);
INSERT INTO cuenta_cobro_unidad (id, emision_id, comunidad_id, unidad_id, monto_total, saldo, estado, interes_acumulado) VALUES (34, 69, 5, 44, 45194.02, 45194.02, 'pendiente', 0.00);
INSERT INTO cuenta_cobro_unidad (id, emision_id, comunidad_id, unidad_id, monto_total, saldo, estado, interes_acumulado) VALUES (35, 77, 3, 162, 89631.54, 89631.54, 'pagado', 0.00);
INSERT INTO cuenta_cobro_unidad (id, emision_id, comunidad_id, unidad_id, monto_total, saldo, estado, interes_acumulado) VALUES (36, 18, 3, 45, 83535.35, 83535.35, 'pagado', 0.00);
INSERT INTO cuenta_cobro_unidad (id, emision_id, comunidad_id, unidad_id, monto_total, saldo, estado, interes_acumulado) VALUES (37, 41, 4, 18, 53510.52, 53510.52, 'pagado', 0.00);
INSERT INTO cuenta_cobro_unidad (id, emision_id, comunidad_id, unidad_id, monto_total, saldo, estado, interes_acumulado) VALUES (38, 75, 4, 98, 71102.61, 71102.61, 'pagado', 0.00);
INSERT INTO cuenta_cobro_unidad (id, emision_id, comunidad_id, unidad_id, monto_total, saldo, estado, interes_acumulado) VALUES (39, 30, 5, 151, 90462.91, 90462.91, 'pendiente', 0.00);
INSERT INTO cuenta_cobro_unidad (id, emision_id, comunidad_id, unidad_id, monto_total, saldo, estado, interes_acumulado) VALUES (40, 30, 1, 158, 95894.1, 95894.1, 'pendiente', 0.00);
INSERT INTO cuenta_cobro_unidad (id, emision_id, comunidad_id, unidad_id, monto_total, saldo, estado, interes_acumulado) VALUES (41, 40, 2, 189, 62849.79, 62849.79, 'pendiente', 0.00);
INSERT INTO cuenta_cobro_unidad (id, emision_id, comunidad_id, unidad_id, monto_total, saldo, estado, interes_acumulado) VALUES (42, 80, 1, 16, 33755.55, 33755.55, 'parcial', 0.00);
INSERT INTO cuenta_cobro_unidad (id, emision_id, comunidad_id, unidad_id, monto_total, saldo, estado, interes_acumulado) VALUES (43, 38, 2, 39, 57574.79, 57574.79, 'pagado', 0.00);
INSERT INTO cuenta_cobro_unidad (id, emision_id, comunidad_id, unidad_id, monto_total, saldo, estado, interes_acumulado) VALUES (44, 5, 2, 186, 79807.52, 79807.52, 'parcial', 0.00);
INSERT INTO cuenta_cobro_unidad (id, emision_id, comunidad_id, unidad_id, monto_total, saldo, estado, interes_acumulado) VALUES (45, 43, 2, 72, 51753.87, 51753.87, 'pendiente', 0.00);
INSERT INTO cuenta_cobro_unidad (id, emision_id, comunidad_id, unidad_id, monto_total, saldo, estado, interes_acumulado) VALUES (46, 67, 4, 166, 101271.05, 101271.05, 'pendiente', 0.00);
INSERT INTO cuenta_cobro_unidad (id, emision_id, comunidad_id, unidad_id, monto_total, saldo, estado, interes_acumulado) VALUES (47, 30, 3, 88, 44224.9, 44224.9, 'pagado', 0.00);
INSERT INTO cuenta_cobro_unidad (id, emision_id, comunidad_id, unidad_id, monto_total, saldo, estado, interes_acumulado) VALUES (48, 7, 2, 176, 89627.8, 89627.8, 'pendiente', 0.00);
INSERT INTO cuenta_cobro_unidad (id, emision_id, comunidad_id, unidad_id, monto_total, saldo, estado, interes_acumulado) VALUES (49, 78, 4, 134, 52163.7, 52163.7, 'parcial', 0.00);
INSERT INTO cuenta_cobro_unidad (id, emision_id, comunidad_id, unidad_id, monto_total, saldo, estado, interes_acumulado) VALUES (50, 1, 1, 126, 26998.49, 26998.49, 'pendiente', 0.00);
INSERT INTO cuenta_cobro_unidad (id, emision_id, comunidad_id, unidad_id, monto_total, saldo, estado, interes_acumulado) VALUES (51, 7, 2, 53, 32556.1, 32556.1, 'pendiente', 0.00);
INSERT INTO cuenta_cobro_unidad (id, emision_id, comunidad_id, unidad_id, monto_total, saldo, estado, interes_acumulado) VALUES (52, 76, 5, 53, 43631.01, 43631.01, 'pendiente', 0.00);
INSERT INTO cuenta_cobro_unidad (id, emision_id, comunidad_id, unidad_id, monto_total, saldo, estado, interes_acumulado) VALUES (53, 55, 4, 80, 36415.88, 36415.88, 'pendiente', 0.00);
INSERT INTO cuenta_cobro_unidad (id, emision_id, comunidad_id, unidad_id, monto_total, saldo, estado, interes_acumulado) VALUES (54, 32, 4, 46, 80585.12, 80585.12, 'parcial', 0.00);
INSERT INTO cuenta_cobro_unidad (id, emision_id, comunidad_id, unidad_id, monto_total, saldo, estado, interes_acumulado) VALUES (55, 37, 5, 115, 116772.58, 116772.58, 'pendiente', 0.00);
INSERT INTO cuenta_cobro_unidad (id, emision_id, comunidad_id, unidad_id, monto_total, saldo, estado, interes_acumulado) VALUES (56, 35, 4, 21, 115101.32, 115101.32, 'parcial', 0.00);
INSERT INTO cuenta_cobro_unidad (id, emision_id, comunidad_id, unidad_id, monto_total, saldo, estado, interes_acumulado) VALUES (57, 51, 4, 43, 67071.35, 67071.35, 'parcial', 0.00);
INSERT INTO cuenta_cobro_unidad (id, emision_id, comunidad_id, unidad_id, monto_total, saldo, estado, interes_acumulado) VALUES (58, 65, 5, 189, 63343.05, 63343.05, 'pendiente', 0.00);
INSERT INTO cuenta_cobro_unidad (id, emision_id, comunidad_id, unidad_id, monto_total, saldo, estado, interes_acumulado) VALUES (59, 62, 1, 196, 58141.93, 58141.93, 'pendiente', 0.00);
INSERT INTO cuenta_cobro_unidad (id, emision_id, comunidad_id, unidad_id, monto_total, saldo, estado, interes_acumulado) VALUES (60, 39, 5, 138, 35279.87, 35279.87, 'pagado', 0.00);
INSERT INTO cuenta_cobro_unidad (id, emision_id, comunidad_id, unidad_id, monto_total, saldo, estado, interes_acumulado) VALUES (61, 23, 3, 98, 66365.12, 66365.12, 'parcial', 0.00);
INSERT INTO cuenta_cobro_unidad (id, emision_id, comunidad_id, unidad_id, monto_total, saldo, estado, interes_acumulado) VALUES (62, 37, 4, 144, 80602.54, 80602.54, 'pendiente', 0.00);
INSERT INTO cuenta_cobro_unidad (id, emision_id, comunidad_id, unidad_id, monto_total, saldo, estado, interes_acumulado) VALUES (63, 43, 2, 184, 66925.85, 66925.85, 'pendiente', 0.00);
INSERT INTO cuenta_cobro_unidad (id, emision_id, comunidad_id, unidad_id, monto_total, saldo, estado, interes_acumulado) VALUES (64, 25, 1, 4, 106165.51, 106165.51, 'pagado', 0.00);
INSERT INTO cuenta_cobro_unidad (id, emision_id, comunidad_id, unidad_id, monto_total, saldo, estado, interes_acumulado) VALUES (65, 48, 4, 104, 112569.11, 112569.11, 'parcial', 0.00);
INSERT INTO cuenta_cobro_unidad (id, emision_id, comunidad_id, unidad_id, monto_total, saldo, estado, interes_acumulado) VALUES (66, 48, 4, 126, 50781.08, 50781.08, 'pagado', 0.00);
INSERT INTO cuenta_cobro_unidad (id, emision_id, comunidad_id, unidad_id, monto_total, saldo, estado, interes_acumulado) VALUES (67, 10, 4, 10, 119247.25, 119247.25, 'pendiente', 0.00);
INSERT INTO cuenta_cobro_unidad (id, emision_id, comunidad_id, unidad_id, monto_total, saldo, estado, interes_acumulado) VALUES (68, 50, 5, 42, 39422.82, 39422.82, 'parcial', 0.00);
INSERT INTO cuenta_cobro_unidad (id, emision_id, comunidad_id, unidad_id, monto_total, saldo, estado, interes_acumulado) VALUES (69, 33, 3, 131, 90912.85, 90912.85, 'pagado', 0.00);
INSERT INTO cuenta_cobro_unidad (id, emision_id, comunidad_id, unidad_id, monto_total, saldo, estado, interes_acumulado) VALUES (70, 48, 1, 167, 58533.32, 58533.32, 'parcial', 0.00);
INSERT INTO cuenta_cobro_unidad (id, emision_id, comunidad_id, unidad_id, monto_total, saldo, estado, interes_acumulado) VALUES (71, 32, 2, 123, 23450.76, 23450.76, 'parcial', 0.00);
INSERT INTO cuenta_cobro_unidad (id, emision_id, comunidad_id, unidad_id, monto_total, saldo, estado, interes_acumulado) VALUES (72, 4, 2, 67, 80543.56, 80543.56, 'pagado', 0.00);
INSERT INTO cuenta_cobro_unidad (id, emision_id, comunidad_id, unidad_id, monto_total, saldo, estado, interes_acumulado) VALUES (73, 19, 3, 64, 80214.93, 80214.93, 'pagado', 0.00);
INSERT INTO cuenta_cobro_unidad (id, emision_id, comunidad_id, unidad_id, monto_total, saldo, estado, interes_acumulado) VALUES (74, 21, 1, 30, 97097.22, 97097.22, 'pagado', 0.00);
INSERT INTO cuenta_cobro_unidad (id, emision_id, comunidad_id, unidad_id, monto_total, saldo, estado, interes_acumulado) VALUES (75, 50, 4, 181, 78616.04, 78616.04, 'pendiente', 0.00);
INSERT INTO cuenta_cobro_unidad (id, emision_id, comunidad_id, unidad_id, monto_total, saldo, estado, interes_acumulado) VALUES (76, 67, 2, 109, 36582.36, 36582.36, 'parcial', 0.00);
INSERT INTO cuenta_cobro_unidad (id, emision_id, comunidad_id, unidad_id, monto_total, saldo, estado, interes_acumulado) VALUES (77, 33, 3, 129, 116768.34, 116768.34, 'pagado', 0.00);
INSERT INTO cuenta_cobro_unidad (id, emision_id, comunidad_id, unidad_id, monto_total, saldo, estado, interes_acumulado) VALUES (78, 49, 5, 79, 93393.34, 93393.34, 'pagado', 0.00);
INSERT INTO cuenta_cobro_unidad (id, emision_id, comunidad_id, unidad_id, monto_total, saldo, estado, interes_acumulado) VALUES (79, 12, 1, 163, 77261.17, 77261.17, 'parcial', 0.00);
INSERT INTO cuenta_cobro_unidad (id, emision_id, comunidad_id, unidad_id, monto_total, saldo, estado, interes_acumulado) VALUES (80, 19, 3, 192, 40952.56, 40952.56, 'pagado', 0.00);
INSERT INTO cuenta_cobro_unidad (id, emision_id, comunidad_id, unidad_id, monto_total, saldo, estado, interes_acumulado) VALUES (81, 51, 3, 2, 118702.55, 118702.55, 'parcial', 0.00);
INSERT INTO cuenta_cobro_unidad (id, emision_id, comunidad_id, unidad_id, monto_total, saldo, estado, interes_acumulado) VALUES (82, 1, 1, 18, 97374.36, 97374.36, 'parcial', 0.00);
INSERT INTO cuenta_cobro_unidad (id, emision_id, comunidad_id, unidad_id, monto_total, saldo, estado, interes_acumulado) VALUES (83, 68, 4, 168, 48834.03, 48834.03, 'parcial', 0.00);
INSERT INTO cuenta_cobro_unidad (id, emision_id, comunidad_id, unidad_id, monto_total, saldo, estado, interes_acumulado) VALUES (84, 22, 2, 96, 38640.0, 38640.0, 'pendiente', 0.00);
INSERT INTO cuenta_cobro_unidad (id, emision_id, comunidad_id, unidad_id, monto_total, saldo, estado, interes_acumulado) VALUES (85, 26, 4, 47, 70261.38, 70261.38, 'pendiente', 0.00);
INSERT INTO cuenta_cobro_unidad (id, emision_id, comunidad_id, unidad_id, monto_total, saldo, estado, interes_acumulado) VALUES (86, 58, 5, 55, 38563.8, 38563.8, 'pendiente', 0.00);
INSERT INTO cuenta_cobro_unidad (id, emision_id, comunidad_id, unidad_id, monto_total, saldo, estado, interes_acumulado) VALUES (87, 24, 2, 67, 118294.71, 118294.71, 'parcial', 0.00);
INSERT INTO cuenta_cobro_unidad (id, emision_id, comunidad_id, unidad_id, monto_total, saldo, estado, interes_acumulado) VALUES (88, 57, 5, 28, 106836.2, 106836.2, 'pendiente', 0.00);
INSERT INTO cuenta_cobro_unidad (id, emision_id, comunidad_id, unidad_id, monto_total, saldo, estado, interes_acumulado) VALUES (89, 11, 3, 22, 57772.85, 57772.85, 'parcial', 0.00);
INSERT INTO cuenta_cobro_unidad (id, emision_id, comunidad_id, unidad_id, monto_total, saldo, estado, interes_acumulado) VALUES (90, 9, 3, 8, 78564.64, 78564.64, 'parcial', 0.00);
INSERT INTO cuenta_cobro_unidad (id, emision_id, comunidad_id, unidad_id, monto_total, saldo, estado, interes_acumulado) VALUES (91, 63, 1, 3, 26105.65, 26105.65, 'pendiente', 0.00);
INSERT INTO cuenta_cobro_unidad (id, emision_id, comunidad_id, unidad_id, monto_total, saldo, estado, interes_acumulado) VALUES (92, 75, 1, 25, 41106.84, 41106.84, 'pendiente', 0.00);
INSERT INTO cuenta_cobro_unidad (id, emision_id, comunidad_id, unidad_id, monto_total, saldo, estado, interes_acumulado) VALUES (93, 49, 5, 134, 118689.68, 118689.68, 'parcial', 0.00);
INSERT INTO cuenta_cobro_unidad (id, emision_id, comunidad_id, unidad_id, monto_total, saldo, estado, interes_acumulado) VALUES (94, 63, 4, 194, 53703.0, 53703.0, 'parcial', 0.00);
INSERT INTO cuenta_cobro_unidad (id, emision_id, comunidad_id, unidad_id, monto_total, saldo, estado, interes_acumulado) VALUES (95, 44, 3, 175, 109015.22, 109015.22, 'parcial', 0.00);
INSERT INTO cuenta_cobro_unidad (id, emision_id, comunidad_id, unidad_id, monto_total, saldo, estado, interes_acumulado) VALUES (96, 31, 3, 171, 59847.14, 59847.14, 'pagado', 0.00);
INSERT INTO cuenta_cobro_unidad (id, emision_id, comunidad_id, unidad_id, monto_total, saldo, estado, interes_acumulado) VALUES (97, 8, 3, 85, 100627.02, 100627.02, 'pendiente', 0.00);
INSERT INTO cuenta_cobro_unidad (id, emision_id, comunidad_id, unidad_id, monto_total, saldo, estado, interes_acumulado) VALUES (98, 59, 4, 186, 103542.12, 103542.12, 'pendiente', 0.00);
INSERT INTO cuenta_cobro_unidad (id, emision_id, comunidad_id, unidad_id, monto_total, saldo, estado, interes_acumulado) VALUES (99, 4, 5, 32, 106900.53, 106900.53, 'parcial', 0.00);
INSERT INTO cuenta_cobro_unidad (id, emision_id, comunidad_id, unidad_id, monto_total, saldo, estado, interes_acumulado) VALUES (100, 32, 3, 116, 81835.17, 81835.17, 'pagado', 0.00);
INSERT INTO cuenta_cobro_unidad (id, emision_id, comunidad_id, unidad_id, monto_total, saldo, estado, interes_acumulado) VALUES (101, 61, 5, 106, 86022.84, 86022.84, 'pendiente', 0.00);
INSERT INTO cuenta_cobro_unidad (id, emision_id, comunidad_id, unidad_id, monto_total, saldo, estado, interes_acumulado) VALUES (102, 42, 1, 163, 56020.56, 56020.56, 'pendiente', 0.00);
INSERT INTO cuenta_cobro_unidad (id, emision_id, comunidad_id, unidad_id, monto_total, saldo, estado, interes_acumulado) VALUES (103, 42, 4, 60, 80676.3, 80676.3, 'parcial', 0.00);
INSERT INTO cuenta_cobro_unidad (id, emision_id, comunidad_id, unidad_id, monto_total, saldo, estado, interes_acumulado) VALUES (104, 79, 1, 90, 62791.63, 62791.63, 'parcial', 0.00);
INSERT INTO cuenta_cobro_unidad (id, emision_id, comunidad_id, unidad_id, monto_total, saldo, estado, interes_acumulado) VALUES (105, 13, 4, 76, 80717.38, 80717.38, 'pagado', 0.00);
INSERT INTO cuenta_cobro_unidad (id, emision_id, comunidad_id, unidad_id, monto_total, saldo, estado, interes_acumulado) VALUES (106, 19, 5, 147, 98486.19, 98486.19, 'pagado', 0.00);
INSERT INTO cuenta_cobro_unidad (id, emision_id, comunidad_id, unidad_id, monto_total, saldo, estado, interes_acumulado) VALUES (107, 65, 1, 33, 69792.51, 69792.51, 'pendiente', 0.00);
INSERT INTO cuenta_cobro_unidad (id, emision_id, comunidad_id, unidad_id, monto_total, saldo, estado, interes_acumulado) VALUES (108, 39, 5, 120, 36805.29, 36805.29, 'parcial', 0.00);
INSERT INTO cuenta_cobro_unidad (id, emision_id, comunidad_id, unidad_id, monto_total, saldo, estado, interes_acumulado) VALUES (109, 15, 4, 170, 74066.79, 74066.79, 'pendiente', 0.00);
INSERT INTO cuenta_cobro_unidad (id, emision_id, comunidad_id, unidad_id, monto_total, saldo, estado, interes_acumulado) VALUES (110, 28, 2, 193, 114420.99, 114420.99, 'pagado', 0.00);
INSERT INTO cuenta_cobro_unidad (id, emision_id, comunidad_id, unidad_id, monto_total, saldo, estado, interes_acumulado) VALUES (111, 12, 1, 112, 119336.15, 119336.15, 'pendiente', 0.00);
INSERT INTO cuenta_cobro_unidad (id, emision_id, comunidad_id, unidad_id, monto_total, saldo, estado, interes_acumulado) VALUES (112, 21, 3, 99, 96630.88, 96630.88, 'pendiente', 0.00);
INSERT INTO cuenta_cobro_unidad (id, emision_id, comunidad_id, unidad_id, monto_total, saldo, estado, interes_acumulado) VALUES (113, 33, 4, 172, 32309.81, 32309.81, 'pendiente', 0.00);
INSERT INTO cuenta_cobro_unidad (id, emision_id, comunidad_id, unidad_id, monto_total, saldo, estado, interes_acumulado) VALUES (114, 69, 4, 24, 99554.05, 99554.05, 'parcial', 0.00);
INSERT INTO cuenta_cobro_unidad (id, emision_id, comunidad_id, unidad_id, monto_total, saldo, estado, interes_acumulado) VALUES (115, 29, 5, 197, 112384.75, 112384.75, 'pendiente', 0.00);
INSERT INTO cuenta_cobro_unidad (id, emision_id, comunidad_id, unidad_id, monto_total, saldo, estado, interes_acumulado) VALUES (116, 44, 4, 184, 94296.78, 94296.78, 'pagado', 0.00);
INSERT INTO cuenta_cobro_unidad (id, emision_id, comunidad_id, unidad_id, monto_total, saldo, estado, interes_acumulado) VALUES (117, 49, 5, 112, 100844.75, 100844.75, 'pendiente', 0.00);
INSERT INTO cuenta_cobro_unidad (id, emision_id, comunidad_id, unidad_id, monto_total, saldo, estado, interes_acumulado) VALUES (118, 34, 1, 75, 28768.03, 28768.03, 'pendiente', 0.00);
INSERT INTO cuenta_cobro_unidad (id, emision_id, comunidad_id, unidad_id, monto_total, saldo, estado, interes_acumulado) VALUES (119, 44, 5, 49, 94461.78, 94461.78, 'pendiente', 0.00);
INSERT INTO cuenta_cobro_unidad (id, emision_id, comunidad_id, unidad_id, monto_total, saldo, estado, interes_acumulado) VALUES (120, 74, 3, 33, 105333.03, 105333.03, 'parcial', 0.00);
INSERT INTO cuenta_cobro_unidad (id, emision_id, comunidad_id, unidad_id, monto_total, saldo, estado, interes_acumulado) VALUES (121, 74, 1, 80, 26188.49, 26188.49, 'pagado', 0.00);
INSERT INTO cuenta_cobro_unidad (id, emision_id, comunidad_id, unidad_id, monto_total, saldo, estado, interes_acumulado) VALUES (122, 25, 4, 109, 51964.3, 51964.3, 'parcial', 0.00);
INSERT INTO cuenta_cobro_unidad (id, emision_id, comunidad_id, unidad_id, monto_total, saldo, estado, interes_acumulado) VALUES (123, 17, 5, 170, 80161.76, 80161.76, 'pendiente', 0.00);
INSERT INTO cuenta_cobro_unidad (id, emision_id, comunidad_id, unidad_id, monto_total, saldo, estado, interes_acumulado) VALUES (124, 14, 4, 3, 73829.29, 73829.29, 'parcial', 0.00);
INSERT INTO cuenta_cobro_unidad (id, emision_id, comunidad_id, unidad_id, monto_total, saldo, estado, interes_acumulado) VALUES (125, 41, 2, 76, 103721.67, 103721.67, 'parcial', 0.00);
INSERT INTO cuenta_cobro_unidad (id, emision_id, comunidad_id, unidad_id, monto_total, saldo, estado, interes_acumulado) VALUES (126, 59, 2, 154, 48339.28, 48339.28, 'pagado', 0.00);
INSERT INTO cuenta_cobro_unidad (id, emision_id, comunidad_id, unidad_id, monto_total, saldo, estado, interes_acumulado) VALUES (127, 5, 5, 82, 50889.14, 50889.14, 'pagado', 0.00);
INSERT INTO cuenta_cobro_unidad (id, emision_id, comunidad_id, unidad_id, monto_total, saldo, estado, interes_acumulado) VALUES (128, 16, 3, 181, 77397.2, 77397.2, 'pagado', 0.00);
INSERT INTO cuenta_cobro_unidad (id, emision_id, comunidad_id, unidad_id, monto_total, saldo, estado, interes_acumulado) VALUES (129, 28, 4, 75, 90414.05, 90414.05, 'parcial', 0.00);
INSERT INTO cuenta_cobro_unidad (id, emision_id, comunidad_id, unidad_id, monto_total, saldo, estado, interes_acumulado) VALUES (130, 8, 3, 40, 102788.47, 102788.47, 'pendiente', 0.00);
INSERT INTO cuenta_cobro_unidad (id, emision_id, comunidad_id, unidad_id, monto_total, saldo, estado, interes_acumulado) VALUES (131, 29, 1, 199, 37902.02, 37902.02, 'parcial', 0.00);
INSERT INTO cuenta_cobro_unidad (id, emision_id, comunidad_id, unidad_id, monto_total, saldo, estado, interes_acumulado) VALUES (132, 51, 3, 169, 111237.64, 111237.64, 'pendiente', 0.00);
INSERT INTO cuenta_cobro_unidad (id, emision_id, comunidad_id, unidad_id, monto_total, saldo, estado, interes_acumulado) VALUES (133, 3, 5, 101, 53741.01, 53741.01, 'pagado', 0.00);
INSERT INTO cuenta_cobro_unidad (id, emision_id, comunidad_id, unidad_id, monto_total, saldo, estado, interes_acumulado) VALUES (134, 61, 3, 194, 59136.27, 59136.27, 'pendiente', 0.00);
INSERT INTO cuenta_cobro_unidad (id, emision_id, comunidad_id, unidad_id, monto_total, saldo, estado, interes_acumulado) VALUES (135, 68, 3, 73, 89637.63, 89637.63, 'pendiente', 0.00);
INSERT INTO cuenta_cobro_unidad (id, emision_id, comunidad_id, unidad_id, monto_total, saldo, estado, interes_acumulado) VALUES (136, 71, 4, 25, 33090.07, 33090.07, 'pagado', 0.00);
INSERT INTO cuenta_cobro_unidad (id, emision_id, comunidad_id, unidad_id, monto_total, saldo, estado, interes_acumulado) VALUES (137, 7, 3, 118, 85463.4, 85463.4, 'pagado', 0.00);
INSERT INTO cuenta_cobro_unidad (id, emision_id, comunidad_id, unidad_id, monto_total, saldo, estado, interes_acumulado) VALUES (138, 18, 4, 179, 68244.17, 68244.17, 'pendiente', 0.00);
INSERT INTO cuenta_cobro_unidad (id, emision_id, comunidad_id, unidad_id, monto_total, saldo, estado, interes_acumulado) VALUES (139, 27, 2, 192, 39565.51, 39565.51, 'pagado', 0.00);
INSERT INTO cuenta_cobro_unidad (id, emision_id, comunidad_id, unidad_id, monto_total, saldo, estado, interes_acumulado) VALUES (140, 2, 3, 186, 105614.13, 105614.13, 'pendiente', 0.00);
INSERT INTO cuenta_cobro_unidad (id, emision_id, comunidad_id, unidad_id, monto_total, saldo, estado, interes_acumulado) VALUES (141, 19, 4, 110, 87944.53, 87944.53, 'pendiente', 0.00);
INSERT INTO cuenta_cobro_unidad (id, emision_id, comunidad_id, unidad_id, monto_total, saldo, estado, interes_acumulado) VALUES (142, 8, 1, 92, 117415.88, 117415.88, 'pendiente', 0.00);
INSERT INTO cuenta_cobro_unidad (id, emision_id, comunidad_id, unidad_id, monto_total, saldo, estado, interes_acumulado) VALUES (143, 7, 1, 132, 85009.78, 85009.78, 'pagado', 0.00);
INSERT INTO cuenta_cobro_unidad (id, emision_id, comunidad_id, unidad_id, monto_total, saldo, estado, interes_acumulado) VALUES (144, 56, 2, 161, 92255.04, 92255.04, 'pendiente', 0.00);
INSERT INTO cuenta_cobro_unidad (id, emision_id, comunidad_id, unidad_id, monto_total, saldo, estado, interes_acumulado) VALUES (145, 5, 1, 62, 59664.48, 59664.48, 'parcial', 0.00);
INSERT INTO cuenta_cobro_unidad (id, emision_id, comunidad_id, unidad_id, monto_total, saldo, estado, interes_acumulado) VALUES (146, 77, 2, 168, 94520.02, 94520.02, 'pagado', 0.00);
INSERT INTO cuenta_cobro_unidad (id, emision_id, comunidad_id, unidad_id, monto_total, saldo, estado, interes_acumulado) VALUES (147, 12, 4, 167, 58210.09, 58210.09, 'pagado', 0.00);
INSERT INTO cuenta_cobro_unidad (id, emision_id, comunidad_id, unidad_id, monto_total, saldo, estado, interes_acumulado) VALUES (148, 57, 3, 3, 32000.04, 32000.04, 'pendiente', 0.00);
INSERT INTO cuenta_cobro_unidad (id, emision_id, comunidad_id, unidad_id, monto_total, saldo, estado, interes_acumulado) VALUES (149, 16, 4, 165, 86879.22, 86879.22, 'pagado', 0.00);
INSERT INTO cuenta_cobro_unidad (id, emision_id, comunidad_id, unidad_id, monto_total, saldo, estado, interes_acumulado) VALUES (150, 29, 1, 151, 77298.19, 77298.19, 'pagado', 0.00);
INSERT INTO cuenta_cobro_unidad (id, emision_id, comunidad_id, unidad_id, monto_total, saldo, estado, interes_acumulado) VALUES (151, 62, 3, 178, 94535.93, 94535.93, 'pagado', 0.00);
INSERT INTO cuenta_cobro_unidad (id, emision_id, comunidad_id, unidad_id, monto_total, saldo, estado, interes_acumulado) VALUES (152, 24, 4, 124, 119995.42, 119995.42, 'pagado', 0.00);
INSERT INTO cuenta_cobro_unidad (id, emision_id, comunidad_id, unidad_id, monto_total, saldo, estado, interes_acumulado) VALUES (153, 56, 3, 147, 32523.64, 32523.64, 'parcial', 0.00);
INSERT INTO cuenta_cobro_unidad (id, emision_id, comunidad_id, unidad_id, monto_total, saldo, estado, interes_acumulado) VALUES (154, 9, 5, 48, 60533.05, 60533.05, 'pagado', 0.00);
INSERT INTO cuenta_cobro_unidad (id, emision_id, comunidad_id, unidad_id, monto_total, saldo, estado, interes_acumulado) VALUES (155, 3, 4, 143, 101746.28, 101746.28, 'pagado', 0.00);
INSERT INTO cuenta_cobro_unidad (id, emision_id, comunidad_id, unidad_id, monto_total, saldo, estado, interes_acumulado) VALUES (156, 63, 1, 133, 103714.39, 103714.39, 'pagado', 0.00);
INSERT INTO cuenta_cobro_unidad (id, emision_id, comunidad_id, unidad_id, monto_total, saldo, estado, interes_acumulado) VALUES (157, 16, 2, 169, 109760.23, 109760.23, 'pendiente', 0.00);
INSERT INTO cuenta_cobro_unidad (id, emision_id, comunidad_id, unidad_id, monto_total, saldo, estado, interes_acumulado) VALUES (158, 77, 2, 2, 75472.18, 75472.18, 'parcial', 0.00);
INSERT INTO cuenta_cobro_unidad (id, emision_id, comunidad_id, unidad_id, monto_total, saldo, estado, interes_acumulado) VALUES (159, 16, 1, 33, 77508.1, 77508.1, 'pagado', 0.00);
INSERT INTO cuenta_cobro_unidad (id, emision_id, comunidad_id, unidad_id, monto_total, saldo, estado, interes_acumulado) VALUES (160, 21, 1, 144, 45676.05, 45676.05, 'pendiente', 0.00);
INSERT INTO cuenta_cobro_unidad (id, emision_id, comunidad_id, unidad_id, monto_total, saldo, estado, interes_acumulado) VALUES (161, 11, 1, 130, 49857.79, 49857.79, 'pagado', 0.00);
INSERT INTO cuenta_cobro_unidad (id, emision_id, comunidad_id, unidad_id, monto_total, saldo, estado, interes_acumulado) VALUES (162, 22, 4, 169, 20008.56, 20008.56, 'parcial', 0.00);
INSERT INTO cuenta_cobro_unidad (id, emision_id, comunidad_id, unidad_id, monto_total, saldo, estado, interes_acumulado) VALUES (163, 6, 5, 76, 85915.76, 85915.76, 'parcial', 0.00);
INSERT INTO cuenta_cobro_unidad (id, emision_id, comunidad_id, unidad_id, monto_total, saldo, estado, interes_acumulado) VALUES (164, 18, 5, 126, 89510.15, 89510.15, 'pagado', 0.00);
INSERT INTO cuenta_cobro_unidad (id, emision_id, comunidad_id, unidad_id, monto_total, saldo, estado, interes_acumulado) VALUES (165, 46, 5, 138, 71059.03, 71059.03, 'pagado', 0.00);
INSERT INTO cuenta_cobro_unidad (id, emision_id, comunidad_id, unidad_id, monto_total, saldo, estado, interes_acumulado) VALUES (166, 13, 1, 61, 23673.39, 23673.39, 'pendiente', 0.00);
INSERT INTO cuenta_cobro_unidad (id, emision_id, comunidad_id, unidad_id, monto_total, saldo, estado, interes_acumulado) VALUES (167, 39, 2, 35, 80214.44, 80214.44, 'pendiente', 0.00);
INSERT INTO cuenta_cobro_unidad (id, emision_id, comunidad_id, unidad_id, monto_total, saldo, estado, interes_acumulado) VALUES (168, 76, 3, 72, 32849.21, 32849.21, 'pagado', 0.00);
INSERT INTO cuenta_cobro_unidad (id, emision_id, comunidad_id, unidad_id, monto_total, saldo, estado, interes_acumulado) VALUES (169, 55, 1, 141, 45496.74, 45496.74, 'parcial', 0.00);
INSERT INTO cuenta_cobro_unidad (id, emision_id, comunidad_id, unidad_id, monto_total, saldo, estado, interes_acumulado) VALUES (170, 21, 4, 117, 28325.41, 28325.41, 'parcial', 0.00);
INSERT INTO cuenta_cobro_unidad (id, emision_id, comunidad_id, unidad_id, monto_total, saldo, estado, interes_acumulado) VALUES (171, 55, 2, 138, 40376.29, 40376.29, 'pagado', 0.00);
INSERT INTO cuenta_cobro_unidad (id, emision_id, comunidad_id, unidad_id, monto_total, saldo, estado, interes_acumulado) VALUES (172, 35, 2, 183, 57214.23, 57214.23, 'pagado', 0.00);
INSERT INTO cuenta_cobro_unidad (id, emision_id, comunidad_id, unidad_id, monto_total, saldo, estado, interes_acumulado) VALUES (173, 66, 5, 42, 61968.65, 61968.65, 'pendiente', 0.00);
INSERT INTO cuenta_cobro_unidad (id, emision_id, comunidad_id, unidad_id, monto_total, saldo, estado, interes_acumulado) VALUES (174, 41, 4, 98, 22590.99, 22590.99, 'pagado', 0.00);
INSERT INTO cuenta_cobro_unidad (id, emision_id, comunidad_id, unidad_id, monto_total, saldo, estado, interes_acumulado) VALUES (175, 32, 1, 70, 32462.12, 32462.12, 'pendiente', 0.00);
INSERT INTO cuenta_cobro_unidad (id, emision_id, comunidad_id, unidad_id, monto_total, saldo, estado, interes_acumulado) VALUES (176, 71, 4, 17, 52935.75, 52935.75, 'pendiente', 0.00);
INSERT INTO cuenta_cobro_unidad (id, emision_id, comunidad_id, unidad_id, monto_total, saldo, estado, interes_acumulado) VALUES (177, 47, 3, 200, 47325.3, 47325.3, 'pendiente', 0.00);
INSERT INTO cuenta_cobro_unidad (id, emision_id, comunidad_id, unidad_id, monto_total, saldo, estado, interes_acumulado) VALUES (178, 36, 1, 26, 57715.6, 57715.6, 'pendiente', 0.00);
INSERT INTO cuenta_cobro_unidad (id, emision_id, comunidad_id, unidad_id, monto_total, saldo, estado, interes_acumulado) VALUES (179, 49, 1, 32, 37573.14, 37573.14, 'pagado', 0.00);
INSERT INTO cuenta_cobro_unidad (id, emision_id, comunidad_id, unidad_id, monto_total, saldo, estado, interes_acumulado) VALUES (180, 40, 5, 126, 29554.06, 29554.06, 'parcial', 0.00);
INSERT INTO cuenta_cobro_unidad (id, emision_id, comunidad_id, unidad_id, monto_total, saldo, estado, interes_acumulado) VALUES (181, 74, 3, 142, 47105.4, 47105.4, 'pendiente', 0.00);
INSERT INTO cuenta_cobro_unidad (id, emision_id, comunidad_id, unidad_id, monto_total, saldo, estado, interes_acumulado) VALUES (182, 7, 2, 82, 114651.03, 114651.03, 'parcial', 0.00);
INSERT INTO cuenta_cobro_unidad (id, emision_id, comunidad_id, unidad_id, monto_total, saldo, estado, interes_acumulado) VALUES (183, 24, 3, 190, 87781.19, 87781.19, 'pagado', 0.00);
INSERT INTO cuenta_cobro_unidad (id, emision_id, comunidad_id, unidad_id, monto_total, saldo, estado, interes_acumulado) VALUES (184, 71, 5, 104, 67686.19, 67686.19, 'pendiente', 0.00);
INSERT INTO cuenta_cobro_unidad (id, emision_id, comunidad_id, unidad_id, monto_total, saldo, estado, interes_acumulado) VALUES (185, 34, 1, 176, 71356.54, 71356.54, 'pendiente', 0.00);
INSERT INTO cuenta_cobro_unidad (id, emision_id, comunidad_id, unidad_id, monto_total, saldo, estado, interes_acumulado) VALUES (186, 17, 2, 97, 76756.08, 76756.08, 'parcial', 0.00);
INSERT INTO cuenta_cobro_unidad (id, emision_id, comunidad_id, unidad_id, monto_total, saldo, estado, interes_acumulado) VALUES (187, 7, 3, 182, 97752.82, 97752.82, 'pagado', 0.00);
INSERT INTO cuenta_cobro_unidad (id, emision_id, comunidad_id, unidad_id, monto_total, saldo, estado, interes_acumulado) VALUES (188, 78, 4, 181, 65778.66, 65778.66, 'parcial', 0.00);
INSERT INTO cuenta_cobro_unidad (id, emision_id, comunidad_id, unidad_id, monto_total, saldo, estado, interes_acumulado) VALUES (189, 46, 4, 129, 48681.97, 48681.97, 'parcial', 0.00);
INSERT INTO cuenta_cobro_unidad (id, emision_id, comunidad_id, unidad_id, monto_total, saldo, estado, interes_acumulado) VALUES (190, 67, 2, 79, 83563.52, 83563.52, 'pendiente', 0.00);
INSERT INTO cuenta_cobro_unidad (id, emision_id, comunidad_id, unidad_id, monto_total, saldo, estado, interes_acumulado) VALUES (191, 40, 4, 198, 51273.69, 51273.69, 'pendiente', 0.00);
INSERT INTO cuenta_cobro_unidad (id, emision_id, comunidad_id, unidad_id, monto_total, saldo, estado, interes_acumulado) VALUES (192, 11, 1, 187, 44003.67, 44003.67, 'pendiente', 0.00);
INSERT INTO cuenta_cobro_unidad (id, emision_id, comunidad_id, unidad_id, monto_total, saldo, estado, interes_acumulado) VALUES (193, 22, 5, 15, 28458.51, 28458.51, 'parcial', 0.00);
INSERT INTO cuenta_cobro_unidad (id, emision_id, comunidad_id, unidad_id, monto_total, saldo, estado, interes_acumulado) VALUES (194, 71, 4, 3, 116216.63, 116216.63, 'parcial', 0.00);
INSERT INTO cuenta_cobro_unidad (id, emision_id, comunidad_id, unidad_id, monto_total, saldo, estado, interes_acumulado) VALUES (195, 66, 2, 123, 69780.52, 69780.52, 'pagado', 0.00);
INSERT INTO cuenta_cobro_unidad (id, emision_id, comunidad_id, unidad_id, monto_total, saldo, estado, interes_acumulado) VALUES (196, 69, 1, 104, 21390.03, 21390.03, 'pendiente', 0.00);
INSERT INTO cuenta_cobro_unidad (id, emision_id, comunidad_id, unidad_id, monto_total, saldo, estado, interes_acumulado) VALUES (197, 1, 4, 180, 73432.48, 73432.48, 'parcial', 0.00);
INSERT INTO cuenta_cobro_unidad (id, emision_id, comunidad_id, unidad_id, monto_total, saldo, estado, interes_acumulado) VALUES (198, 32, 5, 176, 80919.36, 80919.36, 'pagado', 0.00);
INSERT INTO cuenta_cobro_unidad (id, emision_id, comunidad_id, unidad_id, monto_total, saldo, estado, interes_acumulado) VALUES (199, 58, 2, 173, 113018.54, 113018.54, 'pagado', 0.00);
INSERT INTO cuenta_cobro_unidad (id, emision_id, comunidad_id, unidad_id, monto_total, saldo, estado, interes_acumulado) VALUES (200, 29, 2, 20, 56705.09, 56705.09, 'pendiente', 0.00);
INSERT INTO cuenta_cobro_unidad (id, emision_id, comunidad_id, unidad_id, monto_total, saldo, estado, interes_acumulado) VALUES (201, 66, 3, 14, 62272.23, 62272.23, 'parcial', 0.00);
INSERT INTO cuenta_cobro_unidad (id, emision_id, comunidad_id, unidad_id, monto_total, saldo, estado, interes_acumulado) VALUES (202, 22, 3, 29, 53795.86, 53795.86, 'pagado', 0.00);
INSERT INTO cuenta_cobro_unidad (id, emision_id, comunidad_id, unidad_id, monto_total, saldo, estado, interes_acumulado) VALUES (203, 32, 5, 197, 105780.62, 105780.62, 'parcial', 0.00);
INSERT INTO cuenta_cobro_unidad (id, emision_id, comunidad_id, unidad_id, monto_total, saldo, estado, interes_acumulado) VALUES (204, 39, 4, 76, 46475.08, 46475.08, 'pendiente', 0.00);
INSERT INTO cuenta_cobro_unidad (id, emision_id, comunidad_id, unidad_id, monto_total, saldo, estado, interes_acumulado) VALUES (205, 73, 4, 56, 112305.64, 112305.64, 'pagado', 0.00);
INSERT INTO cuenta_cobro_unidad (id, emision_id, comunidad_id, unidad_id, monto_total, saldo, estado, interes_acumulado) VALUES (206, 66, 1, 119, 109249.39, 109249.39, 'parcial', 0.00);
INSERT INTO cuenta_cobro_unidad (id, emision_id, comunidad_id, unidad_id, monto_total, saldo, estado, interes_acumulado) VALUES (207, 8, 3, 2, 81553.02, 81553.02, 'parcial', 0.00);
INSERT INTO cuenta_cobro_unidad (id, emision_id, comunidad_id, unidad_id, monto_total, saldo, estado, interes_acumulado) VALUES (208, 39, 3, 28, 20515.44, 20515.44, 'pagado', 0.00);
INSERT INTO cuenta_cobro_unidad (id, emision_id, comunidad_id, unidad_id, monto_total, saldo, estado, interes_acumulado) VALUES (209, 24, 4, 91, 20886.37, 20886.37, 'parcial', 0.00);
INSERT INTO cuenta_cobro_unidad (id, emision_id, comunidad_id, unidad_id, monto_total, saldo, estado, interes_acumulado) VALUES (210, 63, 2, 22, 72909.66, 72909.66, 'pendiente', 0.00);
INSERT INTO cuenta_cobro_unidad (id, emision_id, comunidad_id, unidad_id, monto_total, saldo, estado, interes_acumulado) VALUES (211, 53, 1, 125, 20691.05, 20691.05, 'pagado', 0.00);
INSERT INTO cuenta_cobro_unidad (id, emision_id, comunidad_id, unidad_id, monto_total, saldo, estado, interes_acumulado) VALUES (212, 33, 2, 121, 59535.88, 59535.88, 'parcial', 0.00);
INSERT INTO cuenta_cobro_unidad (id, emision_id, comunidad_id, unidad_id, monto_total, saldo, estado, interes_acumulado) VALUES (213, 47, 4, 47, 73642.74, 73642.74, 'parcial', 0.00);
INSERT INTO cuenta_cobro_unidad (id, emision_id, comunidad_id, unidad_id, monto_total, saldo, estado, interes_acumulado) VALUES (214, 14, 4, 169, 103935.75, 103935.75, 'pendiente', 0.00);
INSERT INTO cuenta_cobro_unidad (id, emision_id, comunidad_id, unidad_id, monto_total, saldo, estado, interes_acumulado) VALUES (215, 18, 3, 192, 63396.02, 63396.02, 'parcial', 0.00);
INSERT INTO cuenta_cobro_unidad (id, emision_id, comunidad_id, unidad_id, monto_total, saldo, estado, interes_acumulado) VALUES (216, 26, 1, 49, 48489.98, 48489.98, 'pendiente', 0.00);
INSERT INTO cuenta_cobro_unidad (id, emision_id, comunidad_id, unidad_id, monto_total, saldo, estado, interes_acumulado) VALUES (217, 51, 4, 191, 53121.35, 53121.35, 'pendiente', 0.00);
INSERT INTO cuenta_cobro_unidad (id, emision_id, comunidad_id, unidad_id, monto_total, saldo, estado, interes_acumulado) VALUES (218, 21, 2, 123, 115969.89, 115969.89, 'parcial', 0.00);
INSERT INTO cuenta_cobro_unidad (id, emision_id, comunidad_id, unidad_id, monto_total, saldo, estado, interes_acumulado) VALUES (219, 16, 4, 126, 75012.37, 75012.37, 'pagado', 0.00);
INSERT INTO cuenta_cobro_unidad (id, emision_id, comunidad_id, unidad_id, monto_total, saldo, estado, interes_acumulado) VALUES (220, 17, 3, 193, 96439.27, 96439.27, 'parcial', 0.00);

-- Detalle Cuenta Unidad
INSERT INTO detalle_cuenta_unidad (id, cuenta_cobro_unidad_id, categoria_id, glosa, monto, origen, origen_id, iva_incluido) VALUES (1, 129, 13, 'Detalle 1', 12227.97, 'consumo', 11, 1);
INSERT INTO detalle_cuenta_unidad (id, cuenta_cobro_unidad_id, categoria_id, glosa, monto, origen, origen_id, iva_incluido) VALUES (2, 33, 5, 'Detalle 2', 23926.63, 'consumo', 122, 1);
INSERT INTO detalle_cuenta_unidad (id, cuenta_cobro_unidad_id, categoria_id, glosa, monto, origen, origen_id, iva_incluido) VALUES (3, 14, 11, 'Detalle 3', 28631.58, 'consumo', 223, 1);
INSERT INTO detalle_cuenta_unidad (id, cuenta_cobro_unidad_id, categoria_id, glosa, monto, origen, origen_id, iva_incluido) VALUES (4, 123, 10, 'Detalle 4', 20522.29, 'consumo', 220, 1);
INSERT INTO detalle_cuenta_unidad (id, cuenta_cobro_unidad_id, categoria_id, glosa, monto, origen, origen_id, iva_incluido) VALUES (5, 64, 20, 'Detalle 5', 13387.26, 'consumo', 128, 1);
INSERT INTO detalle_cuenta_unidad (id, cuenta_cobro_unidad_id, categoria_id, glosa, monto, origen, origen_id, iva_incluido) VALUES (6, 72, 4, 'Detalle 6', 52529.17, 'consumo', 220, 1);
INSERT INTO detalle_cuenta_unidad (id, cuenta_cobro_unidad_id, categoria_id, glosa, monto, origen, origen_id, iva_incluido) VALUES (7, 51, 16, 'Detalle 7', 43855.35, 'consumo', 258, 1);
INSERT INTO detalle_cuenta_unidad (id, cuenta_cobro_unidad_id, categoria_id, glosa, monto, origen, origen_id, iva_incluido) VALUES (8, 157, 6, 'Detalle 8', 15376.79, 'consumo', 118, 1);
INSERT INTO detalle_cuenta_unidad (id, cuenta_cobro_unidad_id, categoria_id, glosa, monto, origen, origen_id, iva_incluido) VALUES (9, 31, 5, 'Detalle 9', 27070.57, 'gasto', 50, 1);
INSERT INTO detalle_cuenta_unidad (id, cuenta_cobro_unidad_id, categoria_id, glosa, monto, origen, origen_id, iva_incluido) VALUES (10, 38, 14, 'Detalle 10', 5971.37, 'consumo', 47, 1);
INSERT INTO detalle_cuenta_unidad (id, cuenta_cobro_unidad_id, categoria_id, glosa, monto, origen, origen_id, iva_incluido) VALUES (11, 14, 13, 'Detalle 11', 27401.35, 'gasto', 180, 1);
INSERT INTO detalle_cuenta_unidad (id, cuenta_cobro_unidad_id, categoria_id, glosa, monto, origen, origen_id, iva_incluido) VALUES (12, 163, 8, 'Detalle 12', 17197.64, 'gasto', 123, 1);
INSERT INTO detalle_cuenta_unidad (id, cuenta_cobro_unidad_id, categoria_id, glosa, monto, origen, origen_id, iva_incluido) VALUES (13, 16, 17, 'Detalle 13', 28489.01, 'consumo', 156, 1);
INSERT INTO detalle_cuenta_unidad (id, cuenta_cobro_unidad_id, categoria_id, glosa, monto, origen, origen_id, iva_incluido) VALUES (14, 29, 9, 'Detalle 14', 24996.69, 'gasto', 108, 1);
INSERT INTO detalle_cuenta_unidad (id, cuenta_cobro_unidad_id, categoria_id, glosa, monto, origen, origen_id, iva_incluido) VALUES (15, 64, 11, 'Detalle 15', 54230.84, 'consumo', 21, 1);
INSERT INTO detalle_cuenta_unidad (id, cuenta_cobro_unidad_id, categoria_id, glosa, monto, origen, origen_id, iva_incluido) VALUES (16, 1, 2, 'Detalle 16', 41323.69, 'gasto', 55, 1);
INSERT INTO detalle_cuenta_unidad (id, cuenta_cobro_unidad_id, categoria_id, glosa, monto, origen, origen_id, iva_incluido) VALUES (17, 74, 16, 'Detalle 17', 20408.76, 'consumo', 221, 1);
INSERT INTO detalle_cuenta_unidad (id, cuenta_cobro_unidad_id, categoria_id, glosa, monto, origen, origen_id, iva_incluido) VALUES (18, 48, 9, 'Detalle 18', 57158.05, 'gasto', 86, 1);
INSERT INTO detalle_cuenta_unidad (id, cuenta_cobro_unidad_id, categoria_id, glosa, monto, origen, origen_id, iva_incluido) VALUES (19, 78, 4, 'Detalle 19', 10328.8, 'consumo', 67, 1);
INSERT INTO detalle_cuenta_unidad (id, cuenta_cobro_unidad_id, categoria_id, glosa, monto, origen, origen_id, iva_incluido) VALUES (20, 85, 12, 'Detalle 20', 45771.07, 'gasto', 151, 1);
INSERT INTO detalle_cuenta_unidad (id, cuenta_cobro_unidad_id, categoria_id, glosa, monto, origen, origen_id, iva_incluido) VALUES (21, 136, 20, 'Detalle 21', 25437.58, 'gasto', 54, 1);
INSERT INTO detalle_cuenta_unidad (id, cuenta_cobro_unidad_id, categoria_id, glosa, monto, origen, origen_id, iva_incluido) VALUES (22, 150, 13, 'Detalle 22', 9797.71, 'consumo', 67, 1);
INSERT INTO detalle_cuenta_unidad (id, cuenta_cobro_unidad_id, categoria_id, glosa, monto, origen, origen_id, iva_incluido) VALUES (23, 162, 20, 'Detalle 23', 11619.49, 'consumo', 99, 1);
INSERT INTO detalle_cuenta_unidad (id, cuenta_cobro_unidad_id, categoria_id, glosa, monto, origen, origen_id, iva_incluido) VALUES (24, 181, 15, 'Detalle 24', 55902.54, 'consumo', 176, 1);
INSERT INTO detalle_cuenta_unidad (id, cuenta_cobro_unidad_id, categoria_id, glosa, monto, origen, origen_id, iva_incluido) VALUES (25, 78, 16, 'Detalle 25', 59430.45, 'consumo', 79, 1);
INSERT INTO detalle_cuenta_unidad (id, cuenta_cobro_unidad_id, categoria_id, glosa, monto, origen, origen_id, iva_incluido) VALUES (26, 12, 5, 'Detalle 26', 15543.87, 'gasto', 144, 1);
INSERT INTO detalle_cuenta_unidad (id, cuenta_cobro_unidad_id, categoria_id, glosa, monto, origen, origen_id, iva_incluido) VALUES (27, 89, 12, 'Detalle 27', 29666.52, 'consumo', 224, 1);
INSERT INTO detalle_cuenta_unidad (id, cuenta_cobro_unidad_id, categoria_id, glosa, monto, origen, origen_id, iva_incluido) VALUES (28, 18, 16, 'Detalle 28', 28045.23, 'consumo', 86, 1);
INSERT INTO detalle_cuenta_unidad (id, cuenta_cobro_unidad_id, categoria_id, glosa, monto, origen, origen_id, iva_incluido) VALUES (29, 154, 9, 'Detalle 29', 43318.84, 'consumo', 149, 1);
INSERT INTO detalle_cuenta_unidad (id, cuenta_cobro_unidad_id, categoria_id, glosa, monto, origen, origen_id, iva_incluido) VALUES (30, 12, 19, 'Detalle 30', 8343.64, 'consumo', 204, 1);
INSERT INTO detalle_cuenta_unidad (id, cuenta_cobro_unidad_id, categoria_id, glosa, monto, origen, origen_id, iva_incluido) VALUES (31, 127, 18, 'Detalle 31', 52864.06, 'consumo', 85, 1);
INSERT INTO detalle_cuenta_unidad (id, cuenta_cobro_unidad_id, categoria_id, glosa, monto, origen, origen_id, iva_incluido) VALUES (32, 113, 17, 'Detalle 32', 26128.27, 'gasto', 103, 1);
INSERT INTO detalle_cuenta_unidad (id, cuenta_cobro_unidad_id, categoria_id, glosa, monto, origen, origen_id, iva_incluido) VALUES (33, 156, 9, 'Detalle 33', 16380.85, 'consumo', 82, 1);
INSERT INTO detalle_cuenta_unidad (id, cuenta_cobro_unidad_id, categoria_id, glosa, monto, origen, origen_id, iva_incluido) VALUES (34, 147, 7, 'Detalle 34', 37566.2, 'consumo', 234, 1);
INSERT INTO detalle_cuenta_unidad (id, cuenta_cobro_unidad_id, categoria_id, glosa, monto, origen, origen_id, iva_incluido) VALUES (35, 129, 17, 'Detalle 35', 19235.9, 'consumo', 152, 1);
INSERT INTO detalle_cuenta_unidad (id, cuenta_cobro_unidad_id, categoria_id, glosa, monto, origen, origen_id, iva_incluido) VALUES (36, 182, 9, 'Detalle 36', 35368.3, 'consumo', 115, 1);
INSERT INTO detalle_cuenta_unidad (id, cuenta_cobro_unidad_id, categoria_id, glosa, monto, origen, origen_id, iva_incluido) VALUES (37, 12, 18, 'Detalle 37', 18101.92, 'consumo', 76, 1);
INSERT INTO detalle_cuenta_unidad (id, cuenta_cobro_unidad_id, categoria_id, glosa, monto, origen, origen_id, iva_incluido) VALUES (38, 72, 5, 'Detalle 38', 19873.92, 'consumo', 128, 1);
INSERT INTO detalle_cuenta_unidad (id, cuenta_cobro_unidad_id, categoria_id, glosa, monto, origen, origen_id, iva_incluido) VALUES (39, 211, 7, 'Detalle 39', 34402.72, 'consumo', 178, 1);
INSERT INTO detalle_cuenta_unidad (id, cuenta_cobro_unidad_id, categoria_id, glosa, monto, origen, origen_id, iva_incluido) VALUES (40, 162, 20, 'Detalle 40', 58472.02, 'gasto', 22, 1);
INSERT INTO detalle_cuenta_unidad (id, cuenta_cobro_unidad_id, categoria_id, glosa, monto, origen, origen_id, iva_incluido) VALUES (41, 181, 18, 'Detalle 41', 19522.1, 'consumo', 210, 1);
INSERT INTO detalle_cuenta_unidad (id, cuenta_cobro_unidad_id, categoria_id, glosa, monto, origen, origen_id, iva_incluido) VALUES (42, 157, 10, 'Detalle 42', 22854.93, 'consumo', 6, 1);
INSERT INTO detalle_cuenta_unidad (id, cuenta_cobro_unidad_id, categoria_id, glosa, monto, origen, origen_id, iva_incluido) VALUES (43, 211, 12, 'Detalle 43', 17060.38, 'gasto', 46, 1);
INSERT INTO detalle_cuenta_unidad (id, cuenta_cobro_unidad_id, categoria_id, glosa, monto, origen, origen_id, iva_incluido) VALUES (44, 66, 1, 'Detalle 44', 34556.38, 'consumo', 196, 1);
INSERT INTO detalle_cuenta_unidad (id, cuenta_cobro_unidad_id, categoria_id, glosa, monto, origen, origen_id, iva_incluido) VALUES (45, 168, 9, 'Detalle 45', 52851.42, 'consumo', 227, 1);
INSERT INTO detalle_cuenta_unidad (id, cuenta_cobro_unidad_id, categoria_id, glosa, monto, origen, origen_id, iva_incluido) VALUES (46, 57, 11, 'Detalle 46', 19783.64, 'gasto', 40, 1);
INSERT INTO detalle_cuenta_unidad (id, cuenta_cobro_unidad_id, categoria_id, glosa, monto, origen, origen_id, iva_incluido) VALUES (47, 115, 8, 'Detalle 47', 45139.65, 'gasto', 95, 1);
INSERT INTO detalle_cuenta_unidad (id, cuenta_cobro_unidad_id, categoria_id, glosa, monto, origen, origen_id, iva_incluido) VALUES (48, 38, 16, 'Detalle 48', 10153.01, 'consumo', 236, 1);
INSERT INTO detalle_cuenta_unidad (id, cuenta_cobro_unidad_id, categoria_id, glosa, monto, origen, origen_id, iva_incluido) VALUES (49, 48, 6, 'Detalle 49', 15387.3, 'gasto', 47, 1);
INSERT INTO detalle_cuenta_unidad (id, cuenta_cobro_unidad_id, categoria_id, glosa, monto, origen, origen_id, iva_incluido) VALUES (50, 166, 10, 'Detalle 50', 6157.6, 'consumo', 91, 1);
INSERT INTO detalle_cuenta_unidad (id, cuenta_cobro_unidad_id, categoria_id, glosa, monto, origen, origen_id, iva_incluido) VALUES (51, 210, 13, 'Detalle 51', 42805.18, 'consumo', 36, 1);
INSERT INTO detalle_cuenta_unidad (id, cuenta_cobro_unidad_id, categoria_id, glosa, monto, origen, origen_id, iva_incluido) VALUES (52, 37, 3, 'Detalle 52', 28451.73, 'gasto', 166, 1);
INSERT INTO detalle_cuenta_unidad (id, cuenta_cobro_unidad_id, categoria_id, glosa, monto, origen, origen_id, iva_incluido) VALUES (53, 104, 4, 'Detalle 53', 44836.88, 'consumo', 7, 1);
INSERT INTO detalle_cuenta_unidad (id, cuenta_cobro_unidad_id, categoria_id, glosa, monto, origen, origen_id, iva_incluido) VALUES (54, 155, 4, 'Detalle 54', 25783.13, 'consumo', 57, 1);
INSERT INTO detalle_cuenta_unidad (id, cuenta_cobro_unidad_id, categoria_id, glosa, monto, origen, origen_id, iva_incluido) VALUES (55, 212, 1, 'Detalle 55', 46989.52, 'consumo', 68, 1);
INSERT INTO detalle_cuenta_unidad (id, cuenta_cobro_unidad_id, categoria_id, glosa, monto, origen, origen_id, iva_incluido) VALUES (56, 64, 3, 'Detalle 56', 19721.11, 'consumo', 5, 1);
INSERT INTO detalle_cuenta_unidad (id, cuenta_cobro_unidad_id, categoria_id, glosa, monto, origen, origen_id, iva_incluido) VALUES (57, 203, 4, 'Detalle 57', 34830.36, 'gasto', 22, 1);
INSERT INTO detalle_cuenta_unidad (id, cuenta_cobro_unidad_id, categoria_id, glosa, monto, origen, origen_id, iva_incluido) VALUES (58, 52, 5, 'Detalle 58', 31423.4, 'gasto', 42, 1);
INSERT INTO detalle_cuenta_unidad (id, cuenta_cobro_unidad_id, categoria_id, glosa, monto, origen, origen_id, iva_incluido) VALUES (59, 79, 11, 'Detalle 59', 31339.96, 'consumo', 29, 1);
INSERT INTO detalle_cuenta_unidad (id, cuenta_cobro_unidad_id, categoria_id, glosa, monto, origen, origen_id, iva_incluido) VALUES (60, 140, 9, 'Detalle 60', 39511.72, 'consumo', 11, 1);
INSERT INTO detalle_cuenta_unidad (id, cuenta_cobro_unidad_id, categoria_id, glosa, monto, origen, origen_id, iva_incluido) VALUES (61, 212, 2, 'Detalle 61', 10654.84, 'gasto', 27, 1);
INSERT INTO detalle_cuenta_unidad (id, cuenta_cobro_unidad_id, categoria_id, glosa, monto, origen, origen_id, iva_incluido) VALUES (62, 131, 14, 'Detalle 62', 12800.93, 'consumo', 13, 1);
INSERT INTO detalle_cuenta_unidad (id, cuenta_cobro_unidad_id, categoria_id, glosa, monto, origen, origen_id, iva_incluido) VALUES (63, 59, 14, 'Detalle 63', 26196.07, 'gasto', 168, 1);
INSERT INTO detalle_cuenta_unidad (id, cuenta_cobro_unidad_id, categoria_id, glosa, monto, origen, origen_id, iva_incluido) VALUES (64, 74, 8, 'Detalle 64', 55693.0, 'gasto', 176, 1);
INSERT INTO detalle_cuenta_unidad (id, cuenta_cobro_unidad_id, categoria_id, glosa, monto, origen, origen_id, iva_incluido) VALUES (65, 184, 4, 'Detalle 65', 32050.13, 'consumo', 115, 1);
INSERT INTO detalle_cuenta_unidad (id, cuenta_cobro_unidad_id, categoria_id, glosa, monto, origen, origen_id, iva_incluido) VALUES (66, 27, 10, 'Detalle 66', 24651.93, 'gasto', 31, 1);
INSERT INTO detalle_cuenta_unidad (id, cuenta_cobro_unidad_id, categoria_id, glosa, monto, origen, origen_id, iva_incluido) VALUES (67, 93, 3, 'Detalle 67', 54257.26, 'consumo', 92, 1);
INSERT INTO detalle_cuenta_unidad (id, cuenta_cobro_unidad_id, categoria_id, glosa, monto, origen, origen_id, iva_incluido) VALUES (68, 110, 17, 'Detalle 68', 23416.42, 'consumo', 218, 1);
INSERT INTO detalle_cuenta_unidad (id, cuenta_cobro_unidad_id, categoria_id, glosa, monto, origen, origen_id, iva_incluido) VALUES (69, 39, 10, 'Detalle 69', 39361.7, 'gasto', 90, 1);
INSERT INTO detalle_cuenta_unidad (id, cuenta_cobro_unidad_id, categoria_id, glosa, monto, origen, origen_id, iva_incluido) VALUES (70, 27, 9, 'Detalle 70', 55392.89, 'gasto', 68, 1);
INSERT INTO detalle_cuenta_unidad (id, cuenta_cobro_unidad_id, categoria_id, glosa, monto, origen, origen_id, iva_incluido) VALUES (71, 208, 3, 'Detalle 71', 48387.09, 'consumo', 76, 1);
INSERT INTO detalle_cuenta_unidad (id, cuenta_cobro_unidad_id, categoria_id, glosa, monto, origen, origen_id, iva_incluido) VALUES (72, 82, 5, 'Detalle 72', 26482.98, 'gasto', 18, 1);
INSERT INTO detalle_cuenta_unidad (id, cuenta_cobro_unidad_id, categoria_id, glosa, monto, origen, origen_id, iva_incluido) VALUES (73, 29, 19, 'Detalle 73', 28509.92, 'gasto', 38, 1);
INSERT INTO detalle_cuenta_unidad (id, cuenta_cobro_unidad_id, categoria_id, glosa, monto, origen, origen_id, iva_incluido) VALUES (74, 24, 11, 'Detalle 74', 59712.44, 'consumo', 198, 1);
INSERT INTO detalle_cuenta_unidad (id, cuenta_cobro_unidad_id, categoria_id, glosa, monto, origen, origen_id, iva_incluido) VALUES (75, 91, 11, 'Detalle 75', 32181.36, 'gasto', 178, 1);
INSERT INTO detalle_cuenta_unidad (id, cuenta_cobro_unidad_id, categoria_id, glosa, monto, origen, origen_id, iva_incluido) VALUES (76, 106, 20, 'Detalle 76', 48642.59, 'gasto', 36, 1);
INSERT INTO detalle_cuenta_unidad (id, cuenta_cobro_unidad_id, categoria_id, glosa, monto, origen, origen_id, iva_incluido) VALUES (77, 206, 8, 'Detalle 77', 26075.19, 'gasto', 138, 1);
INSERT INTO detalle_cuenta_unidad (id, cuenta_cobro_unidad_id, categoria_id, glosa, monto, origen, origen_id, iva_incluido) VALUES (78, 137, 16, 'Detalle 78', 34286.09, 'consumo', 197, 1);
INSERT INTO detalle_cuenta_unidad (id, cuenta_cobro_unidad_id, categoria_id, glosa, monto, origen, origen_id, iva_incluido) VALUES (79, 22, 19, 'Detalle 79', 44320.66, 'consumo', 45, 1);
INSERT INTO detalle_cuenta_unidad (id, cuenta_cobro_unidad_id, categoria_id, glosa, monto, origen, origen_id, iva_incluido) VALUES (80, 61, 12, 'Detalle 80', 5157.64, 'consumo', 186, 1);
INSERT INTO detalle_cuenta_unidad (id, cuenta_cobro_unidad_id, categoria_id, glosa, monto, origen, origen_id, iva_incluido) VALUES (81, 143, 16, 'Detalle 81', 57668.87, 'consumo', 31, 1);
INSERT INTO detalle_cuenta_unidad (id, cuenta_cobro_unidad_id, categoria_id, glosa, monto, origen, origen_id, iva_incluido) VALUES (82, 90, 12, 'Detalle 82', 51681.33, 'consumo', 151, 1);
INSERT INTO detalle_cuenta_unidad (id, cuenta_cobro_unidad_id, categoria_id, glosa, monto, origen, origen_id, iva_incluido) VALUES (83, 118, 5, 'Detalle 83', 50938.88, 'gasto', 63, 1);
INSERT INTO detalle_cuenta_unidad (id, cuenta_cobro_unidad_id, categoria_id, glosa, monto, origen, origen_id, iva_incluido) VALUES (84, 54, 8, 'Detalle 84', 8072.61, 'consumo', 61, 1);
INSERT INTO detalle_cuenta_unidad (id, cuenta_cobro_unidad_id, categoria_id, glosa, monto, origen, origen_id, iva_incluido) VALUES (85, 179, 5, 'Detalle 85', 25760.34, 'consumo', 218, 1);
INSERT INTO detalle_cuenta_unidad (id, cuenta_cobro_unidad_id, categoria_id, glosa, monto, origen, origen_id, iva_incluido) VALUES (86, 96, 2, 'Detalle 86', 43577.1, 'consumo', 245, 1);
INSERT INTO detalle_cuenta_unidad (id, cuenta_cobro_unidad_id, categoria_id, glosa, monto, origen, origen_id, iva_incluido) VALUES (87, 215, 20, 'Detalle 87', 52876.23, 'consumo', 76, 1);
INSERT INTO detalle_cuenta_unidad (id, cuenta_cobro_unidad_id, categoria_id, glosa, monto, origen, origen_id, iva_incluido) VALUES (88, 94, 5, 'Detalle 88', 9344.63, 'consumo', 7, 1);
INSERT INTO detalle_cuenta_unidad (id, cuenta_cobro_unidad_id, categoria_id, glosa, monto, origen, origen_id, iva_incluido) VALUES (89, 146, 14, 'Detalle 89', 13234.45, 'consumo', 241, 1);
INSERT INTO detalle_cuenta_unidad (id, cuenta_cobro_unidad_id, categoria_id, glosa, monto, origen, origen_id, iva_incluido) VALUES (90, 191, 5, 'Detalle 90', 46145.89, 'gasto', 121, 1);
INSERT INTO detalle_cuenta_unidad (id, cuenta_cobro_unidad_id, categoria_id, glosa, monto, origen, origen_id, iva_incluido) VALUES (91, 106, 11, 'Detalle 91', 29418.55, 'consumo', 147, 1);
INSERT INTO detalle_cuenta_unidad (id, cuenta_cobro_unidad_id, categoria_id, glosa, monto, origen, origen_id, iva_incluido) VALUES (92, 29, 5, 'Detalle 92', 8300.04, 'consumo', 89, 1);
INSERT INTO detalle_cuenta_unidad (id, cuenta_cobro_unidad_id, categoria_id, glosa, monto, origen, origen_id, iva_incluido) VALUES (93, 129, 6, 'Detalle 93', 5597.72, 'gasto', 175, 1);
INSERT INTO detalle_cuenta_unidad (id, cuenta_cobro_unidad_id, categoria_id, glosa, monto, origen, origen_id, iva_incluido) VALUES (94, 117, 18, 'Detalle 94', 44127.37, 'gasto', 147, 1);
INSERT INTO detalle_cuenta_unidad (id, cuenta_cobro_unidad_id, categoria_id, glosa, monto, origen, origen_id, iva_incluido) VALUES (95, 129, 10, 'Detalle 95', 44014.4, 'gasto', 41, 1);
INSERT INTO detalle_cuenta_unidad (id, cuenta_cobro_unidad_id, categoria_id, glosa, monto, origen, origen_id, iva_incluido) VALUES (96, 70, 3, 'Detalle 96', 33682.56, 'consumo', 109, 1);
INSERT INTO detalle_cuenta_unidad (id, cuenta_cobro_unidad_id, categoria_id, glosa, monto, origen, origen_id, iva_incluido) VALUES (97, 103, 20, 'Detalle 97', 8079.83, 'gasto', 48, 1);
INSERT INTO detalle_cuenta_unidad (id, cuenta_cobro_unidad_id, categoria_id, glosa, monto, origen, origen_id, iva_incluido) VALUES (98, 211, 18, 'Detalle 98', 38279.59, 'consumo', 240, 1);
INSERT INTO detalle_cuenta_unidad (id, cuenta_cobro_unidad_id, categoria_id, glosa, monto, origen, origen_id, iva_incluido) VALUES (99, 123, 11, 'Detalle 99', 40898.5, 'gasto', 98, 1);
INSERT INTO detalle_cuenta_unidad (id, cuenta_cobro_unidad_id, categoria_id, glosa, monto, origen, origen_id, iva_incluido) VALUES (100, 43, 2, 'Detalle 100', 49183.66, 'gasto', 50, 1);
INSERT INTO detalle_cuenta_unidad (id, cuenta_cobro_unidad_id, categoria_id, glosa, monto, origen, origen_id, iva_incluido) VALUES (101, 70, 4, 'Detalle 101', 10742.0, 'gasto', 155, 1);
INSERT INTO detalle_cuenta_unidad (id, cuenta_cobro_unidad_id, categoria_id, glosa, monto, origen, origen_id, iva_incluido) VALUES (102, 200, 11, 'Detalle 102', 6542.69, 'gasto', 42, 1);
INSERT INTO detalle_cuenta_unidad (id, cuenta_cobro_unidad_id, categoria_id, glosa, monto, origen, origen_id, iva_incluido) VALUES (103, 139, 4, 'Detalle 103', 8592.55, 'consumo', 159, 1);
INSERT INTO detalle_cuenta_unidad (id, cuenta_cobro_unidad_id, categoria_id, glosa, monto, origen, origen_id, iva_incluido) VALUES (104, 49, 18, 'Detalle 104', 16094.93, 'consumo', 124, 1);
INSERT INTO detalle_cuenta_unidad (id, cuenta_cobro_unidad_id, categoria_id, glosa, monto, origen, origen_id, iva_incluido) VALUES (105, 69, 3, 'Detalle 105', 58716.47, 'consumo', 248, 1);
INSERT INTO detalle_cuenta_unidad (id, cuenta_cobro_unidad_id, categoria_id, glosa, monto, origen, origen_id, iva_incluido) VALUES (106, 12, 2, 'Detalle 106', 22301.92, 'gasto', 3, 1);
INSERT INTO detalle_cuenta_unidad (id, cuenta_cobro_unidad_id, categoria_id, glosa, monto, origen, origen_id, iva_incluido) VALUES (107, 92, 10, 'Detalle 107', 57730.65, 'consumo', 162, 1);
INSERT INTO detalle_cuenta_unidad (id, cuenta_cobro_unidad_id, categoria_id, glosa, monto, origen, origen_id, iva_incluido) VALUES (108, 193, 13, 'Detalle 108', 44912.85, 'consumo', 50, 1);
INSERT INTO detalle_cuenta_unidad (id, cuenta_cobro_unidad_id, categoria_id, glosa, monto, origen, origen_id, iva_incluido) VALUES (109, 85, 14, 'Detalle 109', 54308.11, 'consumo', 258, 1);
INSERT INTO detalle_cuenta_unidad (id, cuenta_cobro_unidad_id, categoria_id, glosa, monto, origen, origen_id, iva_incluido) VALUES (110, 207, 5, 'Detalle 110', 6302.69, 'gasto', 123, 1);
INSERT INTO detalle_cuenta_unidad (id, cuenta_cobro_unidad_id, categoria_id, glosa, monto, origen, origen_id, iva_incluido) VALUES (111, 151, 2, 'Detalle 111', 20956.57, 'consumo', 238, 1);
INSERT INTO detalle_cuenta_unidad (id, cuenta_cobro_unidad_id, categoria_id, glosa, monto, origen, origen_id, iva_incluido) VALUES (112, 21, 3, 'Detalle 112', 57405.01, 'consumo', 111, 1);
INSERT INTO detalle_cuenta_unidad (id, cuenta_cobro_unidad_id, categoria_id, glosa, monto, origen, origen_id, iva_incluido) VALUES (113, 207, 5, 'Detalle 113', 47285.41, 'consumo', 257, 1);
INSERT INTO detalle_cuenta_unidad (id, cuenta_cobro_unidad_id, categoria_id, glosa, monto, origen, origen_id, iva_incluido) VALUES (114, 133, 20, 'Detalle 114', 40826.72, 'gasto', 115, 1);
INSERT INTO detalle_cuenta_unidad (id, cuenta_cobro_unidad_id, categoria_id, glosa, monto, origen, origen_id, iva_incluido) VALUES (115, 202, 5, 'Detalle 115', 23646.14, 'gasto', 160, 1);
INSERT INTO detalle_cuenta_unidad (id, cuenta_cobro_unidad_id, categoria_id, glosa, monto, origen, origen_id, iva_incluido) VALUES (116, 220, 14, 'Detalle 116', 7200.71, 'gasto', 62, 1);
INSERT INTO detalle_cuenta_unidad (id, cuenta_cobro_unidad_id, categoria_id, glosa, monto, origen, origen_id, iva_incluido) VALUES (117, 54, 20, 'Detalle 117', 38378.24, 'consumo', 255, 1);
INSERT INTO detalle_cuenta_unidad (id, cuenta_cobro_unidad_id, categoria_id, glosa, monto, origen, origen_id, iva_incluido) VALUES (118, 25, 1, 'Detalle 118', 12844.24, 'gasto', 141, 1);
INSERT INTO detalle_cuenta_unidad (id, cuenta_cobro_unidad_id, categoria_id, glosa, monto, origen, origen_id, iva_incluido) VALUES (119, 205, 3, 'Detalle 119', 32440.17, 'gasto', 81, 1);
INSERT INTO detalle_cuenta_unidad (id, cuenta_cobro_unidad_id, categoria_id, glosa, monto, origen, origen_id, iva_incluido) VALUES (120, 44, 10, 'Detalle 120', 13880.99, 'gasto', 148, 1);
INSERT INTO detalle_cuenta_unidad (id, cuenta_cobro_unidad_id, categoria_id, glosa, monto, origen, origen_id, iva_incluido) VALUES (121, 94, 12, 'Detalle 121', 9907.61, 'consumo', 236, 1);
INSERT INTO detalle_cuenta_unidad (id, cuenta_cobro_unidad_id, categoria_id, glosa, monto, origen, origen_id, iva_incluido) VALUES (122, 67, 16, 'Detalle 122', 58816.61, 'gasto', 167, 1);
INSERT INTO detalle_cuenta_unidad (id, cuenta_cobro_unidad_id, categoria_id, glosa, monto, origen, origen_id, iva_incluido) VALUES (123, 36, 4, 'Detalle 123', 58442.44, 'gasto', 11, 1);
INSERT INTO detalle_cuenta_unidad (id, cuenta_cobro_unidad_id, categoria_id, glosa, monto, origen, origen_id, iva_incluido) VALUES (124, 94, 10, 'Detalle 124', 27051.66, 'consumo', 226, 1);
INSERT INTO detalle_cuenta_unidad (id, cuenta_cobro_unidad_id, categoria_id, glosa, monto, origen, origen_id, iva_incluido) VALUES (125, 94, 17, 'Detalle 125', 51465.96, 'gasto', 96, 1);
INSERT INTO detalle_cuenta_unidad (id, cuenta_cobro_unidad_id, categoria_id, glosa, monto, origen, origen_id, iva_incluido) VALUES (126, 22, 14, 'Detalle 126', 32826.83, 'gasto', 175, 1);
INSERT INTO detalle_cuenta_unidad (id, cuenta_cobro_unidad_id, categoria_id, glosa, monto, origen, origen_id, iva_incluido) VALUES (127, 11, 20, 'Detalle 127', 58758.74, 'consumo', 126, 1);
INSERT INTO detalle_cuenta_unidad (id, cuenta_cobro_unidad_id, categoria_id, glosa, monto, origen, origen_id, iva_incluido) VALUES (128, 180, 18, 'Detalle 128', 5436.86, 'consumo', 149, 1);
INSERT INTO detalle_cuenta_unidad (id, cuenta_cobro_unidad_id, categoria_id, glosa, monto, origen, origen_id, iva_incluido) VALUES (129, 97, 6, 'Detalle 129', 36357.35, 'consumo', 115, 1);
INSERT INTO detalle_cuenta_unidad (id, cuenta_cobro_unidad_id, categoria_id, glosa, monto, origen, origen_id, iva_incluido) VALUES (130, 100, 15, 'Detalle 130', 41803.28, 'gasto', 120, 1);
INSERT INTO detalle_cuenta_unidad (id, cuenta_cobro_unidad_id, categoria_id, glosa, monto, origen, origen_id, iva_incluido) VALUES (131, 120, 18, 'Detalle 131', 54506.96, 'gasto', 28, 1);
INSERT INTO detalle_cuenta_unidad (id, cuenta_cobro_unidad_id, categoria_id, glosa, monto, origen, origen_id, iva_incluido) VALUES (132, 22, 6, 'Detalle 132', 45247.8, 'gasto', 111, 1);
INSERT INTO detalle_cuenta_unidad (id, cuenta_cobro_unidad_id, categoria_id, glosa, monto, origen, origen_id, iva_incluido) VALUES (133, 52, 13, 'Detalle 133', 23079.64, 'gasto', 88, 1);
INSERT INTO detalle_cuenta_unidad (id, cuenta_cobro_unidad_id, categoria_id, glosa, monto, origen, origen_id, iva_incluido) VALUES (134, 155, 16, 'Detalle 134', 16694.94, 'gasto', 30, 1);
INSERT INTO detalle_cuenta_unidad (id, cuenta_cobro_unidad_id, categoria_id, glosa, monto, origen, origen_id, iva_incluido) VALUES (135, 72, 15, 'Detalle 135', 7105.53, 'consumo', 241, 1);
INSERT INTO detalle_cuenta_unidad (id, cuenta_cobro_unidad_id, categoria_id, glosa, monto, origen, origen_id, iva_incluido) VALUES (136, 38, 7, 'Detalle 136', 22610.26, 'consumo', 195, 1);
INSERT INTO detalle_cuenta_unidad (id, cuenta_cobro_unidad_id, categoria_id, glosa, monto, origen, origen_id, iva_incluido) VALUES (137, 16, 12, 'Detalle 137', 48425.75, 'gasto', 55, 1);
INSERT INTO detalle_cuenta_unidad (id, cuenta_cobro_unidad_id, categoria_id, glosa, monto, origen, origen_id, iva_incluido) VALUES (138, 14, 7, 'Detalle 138', 52741.13, 'gasto', 70, 1);
INSERT INTO detalle_cuenta_unidad (id, cuenta_cobro_unidad_id, categoria_id, glosa, monto, origen, origen_id, iva_incluido) VALUES (139, 65, 6, 'Detalle 139', 9597.52, 'consumo', 141, 1);
INSERT INTO detalle_cuenta_unidad (id, cuenta_cobro_unidad_id, categoria_id, glosa, monto, origen, origen_id, iva_incluido) VALUES (140, 104, 3, 'Detalle 140', 21408.52, 'gasto', 108, 1);
INSERT INTO detalle_cuenta_unidad (id, cuenta_cobro_unidad_id, categoria_id, glosa, monto, origen, origen_id, iva_incluido) VALUES (141, 135, 7, 'Detalle 141', 41830.44, 'gasto', 48, 1);
INSERT INTO detalle_cuenta_unidad (id, cuenta_cobro_unidad_id, categoria_id, glosa, monto, origen, origen_id, iva_incluido) VALUES (142, 213, 2, 'Detalle 142', 10084.27, 'gasto', 88, 1);
INSERT INTO detalle_cuenta_unidad (id, cuenta_cobro_unidad_id, categoria_id, glosa, monto, origen, origen_id, iva_incluido) VALUES (143, 193, 10, 'Detalle 143', 14049.33, 'gasto', 108, 1);
INSERT INTO detalle_cuenta_unidad (id, cuenta_cobro_unidad_id, categoria_id, glosa, monto, origen, origen_id, iva_incluido) VALUES (144, 124, 16, 'Detalle 144', 34452.85, 'consumo', 224, 1);
INSERT INTO detalle_cuenta_unidad (id, cuenta_cobro_unidad_id, categoria_id, glosa, monto, origen, origen_id, iva_incluido) VALUES (145, 91, 19, 'Detalle 145', 26402.59, 'consumo', 102, 1);
INSERT INTO detalle_cuenta_unidad (id, cuenta_cobro_unidad_id, categoria_id, glosa, monto, origen, origen_id, iva_incluido) VALUES (146, 20, 19, 'Detalle 146', 38908.18, 'gasto', 171, 1);
INSERT INTO detalle_cuenta_unidad (id, cuenta_cobro_unidad_id, categoria_id, glosa, monto, origen, origen_id, iva_incluido) VALUES (147, 211, 11, 'Detalle 147', 5780.27, 'gasto', 38, 1);
INSERT INTO detalle_cuenta_unidad (id, cuenta_cobro_unidad_id, categoria_id, glosa, monto, origen, origen_id, iva_incluido) VALUES (148, 128, 11, 'Detalle 148', 11248.38, 'gasto', 68, 1);
INSERT INTO detalle_cuenta_unidad (id, cuenta_cobro_unidad_id, categoria_id, glosa, monto, origen, origen_id, iva_incluido) VALUES (149, 134, 1, 'Detalle 149', 59353.12, 'consumo', 231, 1);
INSERT INTO detalle_cuenta_unidad (id, cuenta_cobro_unidad_id, categoria_id, glosa, monto, origen, origen_id, iva_incluido) VALUES (150, 164, 19, 'Detalle 150', 10359.53, 'consumo', 97, 1);
INSERT INTO detalle_cuenta_unidad (id, cuenta_cobro_unidad_id, categoria_id, glosa, monto, origen, origen_id, iva_incluido) VALUES (151, 108, 18, 'Detalle 151', 47591.14, 'gasto', 56, 1);
INSERT INTO detalle_cuenta_unidad (id, cuenta_cobro_unidad_id, categoria_id, glosa, monto, origen, origen_id, iva_incluido) VALUES (152, 90, 7, 'Detalle 152', 57380.73, 'consumo', 190, 1);
INSERT INTO detalle_cuenta_unidad (id, cuenta_cobro_unidad_id, categoria_id, glosa, monto, origen, origen_id, iva_incluido) VALUES (153, 209, 12, 'Detalle 153', 5890.52, 'gasto', 129, 1);
INSERT INTO detalle_cuenta_unidad (id, cuenta_cobro_unidad_id, categoria_id, glosa, monto, origen, origen_id, iva_incluido) VALUES (154, 210, 4, 'Detalle 154', 43462.44, 'gasto', 106, 1);
INSERT INTO detalle_cuenta_unidad (id, cuenta_cobro_unidad_id, categoria_id, glosa, monto, origen, origen_id, iva_incluido) VALUES (155, 106, 12, 'Detalle 155', 24371.62, 'gasto', 134, 1);
INSERT INTO detalle_cuenta_unidad (id, cuenta_cobro_unidad_id, categoria_id, glosa, monto, origen, origen_id, iva_incluido) VALUES (156, 196, 11, 'Detalle 156', 11235.9, 'consumo', 235, 1);
INSERT INTO detalle_cuenta_unidad (id, cuenta_cobro_unidad_id, categoria_id, glosa, monto, origen, origen_id, iva_incluido) VALUES (157, 110, 12, 'Detalle 157', 14729.23, 'consumo', 224, 1);
INSERT INTO detalle_cuenta_unidad (id, cuenta_cobro_unidad_id, categoria_id, glosa, monto, origen, origen_id, iva_incluido) VALUES (158, 98, 10, 'Detalle 158', 51480.04, 'gasto', 163, 1);
INSERT INTO detalle_cuenta_unidad (id, cuenta_cobro_unidad_id, categoria_id, glosa, monto, origen, origen_id, iva_incluido) VALUES (159, 73, 20, 'Detalle 159', 56584.58, 'consumo', 45, 1);
INSERT INTO detalle_cuenta_unidad (id, cuenta_cobro_unidad_id, categoria_id, glosa, monto, origen, origen_id, iva_incluido) VALUES (160, 207, 4, 'Detalle 160', 9930.09, 'consumo', 211, 1);
INSERT INTO detalle_cuenta_unidad (id, cuenta_cobro_unidad_id, categoria_id, glosa, monto, origen, origen_id, iva_incluido) VALUES (161, 27, 16, 'Detalle 161', 46246.9, 'consumo', 228, 1);
INSERT INTO detalle_cuenta_unidad (id, cuenta_cobro_unidad_id, categoria_id, glosa, monto, origen, origen_id, iva_incluido) VALUES (162, 129, 19, 'Detalle 162', 49322.89, 'gasto', 108, 1);
INSERT INTO detalle_cuenta_unidad (id, cuenta_cobro_unidad_id, categoria_id, glosa, monto, origen, origen_id, iva_incluido) VALUES (163, 55, 8, 'Detalle 163', 47728.41, 'gasto', 30, 1);
INSERT INTO detalle_cuenta_unidad (id, cuenta_cobro_unidad_id, categoria_id, glosa, monto, origen, origen_id, iva_incluido) VALUES (164, 51, 16, 'Detalle 164', 57280.33, 'gasto', 119, 1);
INSERT INTO detalle_cuenta_unidad (id, cuenta_cobro_unidad_id, categoria_id, glosa, monto, origen, origen_id, iva_incluido) VALUES (165, 106, 13, 'Detalle 165', 5418.28, 'gasto', 58, 1);
INSERT INTO detalle_cuenta_unidad (id, cuenta_cobro_unidad_id, categoria_id, glosa, monto, origen, origen_id, iva_incluido) VALUES (166, 130, 10, 'Detalle 166', 19718.5, 'gasto', 79, 1);
INSERT INTO detalle_cuenta_unidad (id, cuenta_cobro_unidad_id, categoria_id, glosa, monto, origen, origen_id, iva_incluido) VALUES (167, 215, 14, 'Detalle 167', 42031.54, 'consumo', 213, 1);
INSERT INTO detalle_cuenta_unidad (id, cuenta_cobro_unidad_id, categoria_id, glosa, monto, origen, origen_id, iva_incluido) VALUES (168, 9, 1, 'Detalle 168', 6443.57, 'gasto', 133, 1);
INSERT INTO detalle_cuenta_unidad (id, cuenta_cobro_unidad_id, categoria_id, glosa, monto, origen, origen_id, iva_incluido) VALUES (169, 210, 20, 'Detalle 169', 22460.9, 'consumo', 221, 1);
INSERT INTO detalle_cuenta_unidad (id, cuenta_cobro_unidad_id, categoria_id, glosa, monto, origen, origen_id, iva_incluido) VALUES (170, 62, 18, 'Detalle 170', 58541.97, 'consumo', 202, 1);
INSERT INTO detalle_cuenta_unidad (id, cuenta_cobro_unidad_id, categoria_id, glosa, monto, origen, origen_id, iva_incluido) VALUES (171, 213, 2, 'Detalle 171', 49073.24, 'gasto', 33, 1);
INSERT INTO detalle_cuenta_unidad (id, cuenta_cobro_unidad_id, categoria_id, glosa, monto, origen, origen_id, iva_incluido) VALUES (172, 163, 13, 'Detalle 172', 58754.56, 'consumo', 207, 1);
INSERT INTO detalle_cuenta_unidad (id, cuenta_cobro_unidad_id, categoria_id, glosa, monto, origen, origen_id, iva_incluido) VALUES (173, 82, 17, 'Detalle 173', 13714.4, 'consumo', 51, 1);
INSERT INTO detalle_cuenta_unidad (id, cuenta_cobro_unidad_id, categoria_id, glosa, monto, origen, origen_id, iva_incluido) VALUES (174, 182, 5, 'Detalle 174', 32734.14, 'gasto', 161, 1);
INSERT INTO detalle_cuenta_unidad (id, cuenta_cobro_unidad_id, categoria_id, glosa, monto, origen, origen_id, iva_incluido) VALUES (175, 67, 18, 'Detalle 175', 13747.92, 'gasto', 53, 1);
INSERT INTO detalle_cuenta_unidad (id, cuenta_cobro_unidad_id, categoria_id, glosa, monto, origen, origen_id, iva_incluido) VALUES (176, 24, 3, 'Detalle 176', 6410.21, 'consumo', 79, 1);
INSERT INTO detalle_cuenta_unidad (id, cuenta_cobro_unidad_id, categoria_id, glosa, monto, origen, origen_id, iva_incluido) VALUES (177, 8, 20, 'Detalle 177', 43916.68, 'consumo', 196, 1);
INSERT INTO detalle_cuenta_unidad (id, cuenta_cobro_unidad_id, categoria_id, glosa, monto, origen, origen_id, iva_incluido) VALUES (178, 7, 5, 'Detalle 178', 59087.78, 'gasto', 48, 1);
INSERT INTO detalle_cuenta_unidad (id, cuenta_cobro_unidad_id, categoria_id, glosa, monto, origen, origen_id, iva_incluido) VALUES (179, 62, 8, 'Detalle 179', 21330.74, 'consumo', 194, 1);
INSERT INTO detalle_cuenta_unidad (id, cuenta_cobro_unidad_id, categoria_id, glosa, monto, origen, origen_id, iva_incluido) VALUES (180, 198, 9, 'Detalle 180', 41259.17, 'gasto', 22, 1);
INSERT INTO detalle_cuenta_unidad (id, cuenta_cobro_unidad_id, categoria_id, glosa, monto, origen, origen_id, iva_incluido) VALUES (181, 37, 1, 'Detalle 181', 40111.26, 'consumo', 57, 1);
INSERT INTO detalle_cuenta_unidad (id, cuenta_cobro_unidad_id, categoria_id, glosa, monto, origen, origen_id, iva_incluido) VALUES (182, 118, 20, 'Detalle 182', 11747.64, 'consumo', 145, 1);
INSERT INTO detalle_cuenta_unidad (id, cuenta_cobro_unidad_id, categoria_id, glosa, monto, origen, origen_id, iva_incluido) VALUES (183, 68, 6, 'Detalle 183', 10102.74, 'gasto', 93, 1);
INSERT INTO detalle_cuenta_unidad (id, cuenta_cobro_unidad_id, categoria_id, glosa, monto, origen, origen_id, iva_incluido) VALUES (184, 215, 7, 'Detalle 184', 26494.01, 'gasto', 6, 1);
INSERT INTO detalle_cuenta_unidad (id, cuenta_cobro_unidad_id, categoria_id, glosa, monto, origen, origen_id, iva_incluido) VALUES (185, 106, 3, 'Detalle 185', 31758.45, 'consumo', 108, 1);
INSERT INTO detalle_cuenta_unidad (id, cuenta_cobro_unidad_id, categoria_id, glosa, monto, origen, origen_id, iva_incluido) VALUES (186, 176, 14, 'Detalle 186', 25638.99, 'gasto', 163, 1);
INSERT INTO detalle_cuenta_unidad (id, cuenta_cobro_unidad_id, categoria_id, glosa, monto, origen, origen_id, iva_incluido) VALUES (187, 116, 6, 'Detalle 187', 14889.35, 'consumo', 92, 1);
INSERT INTO detalle_cuenta_unidad (id, cuenta_cobro_unidad_id, categoria_id, glosa, monto, origen, origen_id, iva_incluido) VALUES (188, 169, 19, 'Detalle 188', 39716.74, 'consumo', 61, 1);
INSERT INTO detalle_cuenta_unidad (id, cuenta_cobro_unidad_id, categoria_id, glosa, monto, origen, origen_id, iva_incluido) VALUES (189, 88, 12, 'Detalle 189', 31615.1, 'consumo', 82, 1);
INSERT INTO detalle_cuenta_unidad (id, cuenta_cobro_unidad_id, categoria_id, glosa, monto, origen, origen_id, iva_incluido) VALUES (190, 134, 9, 'Detalle 190', 55962.07, 'consumo', 16, 1);
INSERT INTO detalle_cuenta_unidad (id, cuenta_cobro_unidad_id, categoria_id, glosa, monto, origen, origen_id, iva_incluido) VALUES (191, 138, 1, 'Detalle 191', 33489.72, 'consumo', 111, 1);
INSERT INTO detalle_cuenta_unidad (id, cuenta_cobro_unidad_id, categoria_id, glosa, monto, origen, origen_id, iva_incluido) VALUES (192, 94, 4, 'Detalle 192', 54421.48, 'consumo', 168, 1);
INSERT INTO detalle_cuenta_unidad (id, cuenta_cobro_unidad_id, categoria_id, glosa, monto, origen, origen_id, iva_incluido) VALUES (193, 36, 8, 'Detalle 193', 9589.35, 'consumo', 138, 1);
INSERT INTO detalle_cuenta_unidad (id, cuenta_cobro_unidad_id, categoria_id, glosa, monto, origen, origen_id, iva_incluido) VALUES (194, 71, 16, 'Detalle 194', 15958.06, 'consumo', 179, 1);
INSERT INTO detalle_cuenta_unidad (id, cuenta_cobro_unidad_id, categoria_id, glosa, monto, origen, origen_id, iva_incluido) VALUES (195, 182, 18, 'Detalle 195', 40855.85, 'gasto', 127, 1);
INSERT INTO detalle_cuenta_unidad (id, cuenta_cobro_unidad_id, categoria_id, glosa, monto, origen, origen_id, iva_incluido) VALUES (196, 112, 17, 'Detalle 196', 57049.01, 'consumo', 129, 1);
INSERT INTO detalle_cuenta_unidad (id, cuenta_cobro_unidad_id, categoria_id, glosa, monto, origen, origen_id, iva_incluido) VALUES (197, 45, 7, 'Detalle 197', 42788.16, 'gasto', 101, 1);
INSERT INTO detalle_cuenta_unidad (id, cuenta_cobro_unidad_id, categoria_id, glosa, monto, origen, origen_id, iva_incluido) VALUES (198, 27, 19, 'Detalle 198', 48623.43, 'gasto', 43, 1);
INSERT INTO detalle_cuenta_unidad (id, cuenta_cobro_unidad_id, categoria_id, glosa, monto, origen, origen_id, iva_incluido) VALUES (199, 204, 7, 'Detalle 199', 57456.91, 'gasto', 111, 1);
INSERT INTO detalle_cuenta_unidad (id, cuenta_cobro_unidad_id, categoria_id, glosa, monto, origen, origen_id, iva_incluido) VALUES (200, 115, 14, 'Detalle 200', 37798.14, 'gasto', 82, 1);
INSERT INTO detalle_cuenta_unidad (id, cuenta_cobro_unidad_id, categoria_id, glosa, monto, origen, origen_id, iva_incluido) VALUES (201, 160, 4, 'Detalle 201', 38401.26, 'gasto', 52, 1);
INSERT INTO detalle_cuenta_unidad (id, cuenta_cobro_unidad_id, categoria_id, glosa, monto, origen, origen_id, iva_incluido) VALUES (202, 146, 12, 'Detalle 202', 25567.83, 'consumo', 231, 1);
INSERT INTO detalle_cuenta_unidad (id, cuenta_cobro_unidad_id, categoria_id, glosa, monto, origen, origen_id, iva_incluido) VALUES (203, 43, 2, 'Detalle 203', 57695.36, 'gasto', 151, 1);
INSERT INTO detalle_cuenta_unidad (id, cuenta_cobro_unidad_id, categoria_id, glosa, monto, origen, origen_id, iva_incluido) VALUES (204, 105, 10, 'Detalle 204', 38213.52, 'gasto', 102, 1);
INSERT INTO detalle_cuenta_unidad (id, cuenta_cobro_unidad_id, categoria_id, glosa, monto, origen, origen_id, iva_incluido) VALUES (205, 8, 4, 'Detalle 205', 14894.73, 'gasto', 110, 1);
INSERT INTO detalle_cuenta_unidad (id, cuenta_cobro_unidad_id, categoria_id, glosa, monto, origen, origen_id, iva_incluido) VALUES (206, 203, 6, 'Detalle 206', 24675.95, 'consumo', 111, 1);
INSERT INTO detalle_cuenta_unidad (id, cuenta_cobro_unidad_id, categoria_id, glosa, monto, origen, origen_id, iva_incluido) VALUES (207, 169, 12, 'Detalle 207', 25458.04, 'gasto', 32, 1);
INSERT INTO detalle_cuenta_unidad (id, cuenta_cobro_unidad_id, categoria_id, glosa, monto, origen, origen_id, iva_incluido) VALUES (208, 3, 11, 'Detalle 208', 42856.08, 'gasto', 55, 1);
INSERT INTO detalle_cuenta_unidad (id, cuenta_cobro_unidad_id, categoria_id, glosa, monto, origen, origen_id, iva_incluido) VALUES (209, 120, 19, 'Detalle 209', 48738.17, 'consumo', 34, 1);
INSERT INTO detalle_cuenta_unidad (id, cuenta_cobro_unidad_id, categoria_id, glosa, monto, origen, origen_id, iva_incluido) VALUES (210, 99, 10, 'Detalle 210', 38099.11, 'consumo', 53, 1);
INSERT INTO detalle_cuenta_unidad (id, cuenta_cobro_unidad_id, categoria_id, glosa, monto, origen, origen_id, iva_incluido) VALUES (211, 144, 9, 'Detalle 211', 44394.61, 'consumo', 216, 1);
INSERT INTO detalle_cuenta_unidad (id, cuenta_cobro_unidad_id, categoria_id, glosa, monto, origen, origen_id, iva_incluido) VALUES (212, 175, 14, 'Detalle 212', 22478.08, 'gasto', 51, 1);
INSERT INTO detalle_cuenta_unidad (id, cuenta_cobro_unidad_id, categoria_id, glosa, monto, origen, origen_id, iva_incluido) VALUES (213, 51, 2, 'Detalle 213', 49149.89, 'gasto', 12, 1);
INSERT INTO detalle_cuenta_unidad (id, cuenta_cobro_unidad_id, categoria_id, glosa, monto, origen, origen_id, iva_incluido) VALUES (214, 71, 14, 'Detalle 214', 11559.25, 'gasto', 44, 1);
INSERT INTO detalle_cuenta_unidad (id, cuenta_cobro_unidad_id, categoria_id, glosa, monto, origen, origen_id, iva_incluido) VALUES (215, 154, 11, 'Detalle 215', 37514.41, 'consumo', 11, 1);
INSERT INTO detalle_cuenta_unidad (id, cuenta_cobro_unidad_id, categoria_id, glosa, monto, origen, origen_id, iva_incluido) VALUES (216, 73, 1, 'Detalle 216', 40401.66, 'consumo', 237, 1);
INSERT INTO detalle_cuenta_unidad (id, cuenta_cobro_unidad_id, categoria_id, glosa, monto, origen, origen_id, iva_incluido) VALUES (217, 73, 5, 'Detalle 217', 51290.36, 'gasto', 10, 1);
INSERT INTO detalle_cuenta_unidad (id, cuenta_cobro_unidad_id, categoria_id, glosa, monto, origen, origen_id, iva_incluido) VALUES (218, 137, 17, 'Detalle 218', 7151.61, 'consumo', 36, 1);
INSERT INTO detalle_cuenta_unidad (id, cuenta_cobro_unidad_id, categoria_id, glosa, monto, origen, origen_id, iva_incluido) VALUES (219, 121, 4, 'Detalle 219', 50641.76, 'gasto', 78, 1);
INSERT INTO detalle_cuenta_unidad (id, cuenta_cobro_unidad_id, categoria_id, glosa, monto, origen, origen_id, iva_incluido) VALUES (220, 71, 11, 'Detalle 220', 46453.08, 'gasto', 21, 1);
INSERT INTO detalle_cuenta_unidad (id, cuenta_cobro_unidad_id, categoria_id, glosa, monto, origen, origen_id, iva_incluido) VALUES (221, 143, 11, 'Detalle 221', 32160.02, 'consumo', 202, 1);
INSERT INTO detalle_cuenta_unidad (id, cuenta_cobro_unidad_id, categoria_id, glosa, monto, origen, origen_id, iva_incluido) VALUES (222, 77, 15, 'Detalle 222', 32133.51, 'consumo', 192, 1);
INSERT INTO detalle_cuenta_unidad (id, cuenta_cobro_unidad_id, categoria_id, glosa, monto, origen, origen_id, iva_incluido) VALUES (223, 159, 4, 'Detalle 223', 6610.85, 'consumo', 6, 1);
INSERT INTO detalle_cuenta_unidad (id, cuenta_cobro_unidad_id, categoria_id, glosa, monto, origen, origen_id, iva_incluido) VALUES (224, 36, 4, 'Detalle 224', 59644.72, 'gasto', 58, 1);
INSERT INTO detalle_cuenta_unidad (id, cuenta_cobro_unidad_id, categoria_id, glosa, monto, origen, origen_id, iva_incluido) VALUES (225, 44, 3, 'Detalle 225', 15513.78, 'gasto', 138, 1);
INSERT INTO detalle_cuenta_unidad (id, cuenta_cobro_unidad_id, categoria_id, glosa, monto, origen, origen_id, iva_incluido) VALUES (226, 2, 2, 'Detalle 226', 19282.82, 'consumo', 57, 1);
INSERT INTO detalle_cuenta_unidad (id, cuenta_cobro_unidad_id, categoria_id, glosa, monto, origen, origen_id, iva_incluido) VALUES (227, 13, 10, 'Detalle 227', 9127.32, 'gasto', 177, 1);
INSERT INTO detalle_cuenta_unidad (id, cuenta_cobro_unidad_id, categoria_id, glosa, monto, origen, origen_id, iva_incluido) VALUES (228, 157, 13, 'Detalle 228', 19845.16, 'consumo', 71, 1);
INSERT INTO detalle_cuenta_unidad (id, cuenta_cobro_unidad_id, categoria_id, glosa, monto, origen, origen_id, iva_incluido) VALUES (229, 150, 15, 'Detalle 229', 11594.58, 'gasto', 38, 1);
INSERT INTO detalle_cuenta_unidad (id, cuenta_cobro_unidad_id, categoria_id, glosa, monto, origen, origen_id, iva_incluido) VALUES (230, 193, 19, 'Detalle 230', 53828.91, 'gasto', 164, 1);
INSERT INTO detalle_cuenta_unidad (id, cuenta_cobro_unidad_id, categoria_id, glosa, monto, origen, origen_id, iva_incluido) VALUES (231, 115, 4, 'Detalle 231', 33697.0, 'consumo', 245, 1);
INSERT INTO detalle_cuenta_unidad (id, cuenta_cobro_unidad_id, categoria_id, glosa, monto, origen, origen_id, iva_incluido) VALUES (232, 170, 16, 'Detalle 232', 58699.22, 'gasto', 124, 1);
INSERT INTO detalle_cuenta_unidad (id, cuenta_cobro_unidad_id, categoria_id, glosa, monto, origen, origen_id, iva_incluido) VALUES (233, 58, 3, 'Detalle 233', 19509.66, 'gasto', 22, 1);
INSERT INTO detalle_cuenta_unidad (id, cuenta_cobro_unidad_id, categoria_id, glosa, monto, origen, origen_id, iva_incluido) VALUES (234, 91, 18, 'Detalle 234', 50954.82, 'consumo', 106, 1);
INSERT INTO detalle_cuenta_unidad (id, cuenta_cobro_unidad_id, categoria_id, glosa, monto, origen, origen_id, iva_incluido) VALUES (235, 178, 3, 'Detalle 235', 9132.94, 'gasto', 16, 1);
INSERT INTO detalle_cuenta_unidad (id, cuenta_cobro_unidad_id, categoria_id, glosa, monto, origen, origen_id, iva_incluido) VALUES (236, 55, 1, 'Detalle 236', 41877.44, 'gasto', 99, 1);
INSERT INTO detalle_cuenta_unidad (id, cuenta_cobro_unidad_id, categoria_id, glosa, monto, origen, origen_id, iva_incluido) VALUES (237, 49, 16, 'Detalle 237', 10749.41, 'consumo', 161, 1);
INSERT INTO detalle_cuenta_unidad (id, cuenta_cobro_unidad_id, categoria_id, glosa, monto, origen, origen_id, iva_incluido) VALUES (238, 195, 10, 'Detalle 238', 43968.18, 'consumo', 259, 1);
INSERT INTO detalle_cuenta_unidad (id, cuenta_cobro_unidad_id, categoria_id, glosa, monto, origen, origen_id, iva_incluido) VALUES (239, 28, 5, 'Detalle 239', 17033.17, 'gasto', 99, 1);
INSERT INTO detalle_cuenta_unidad (id, cuenta_cobro_unidad_id, categoria_id, glosa, monto, origen, origen_id, iva_incluido) VALUES (240, 116, 20, 'Detalle 240', 33240.52, 'gasto', 49, 1);
INSERT INTO detalle_cuenta_unidad (id, cuenta_cobro_unidad_id, categoria_id, glosa, monto, origen, origen_id, iva_incluido) VALUES (241, 18, 9, 'Detalle 241', 28270.17, 'gasto', 148, 1);
INSERT INTO detalle_cuenta_unidad (id, cuenta_cobro_unidad_id, categoria_id, glosa, monto, origen, origen_id, iva_incluido) VALUES (242, 166, 4, 'Detalle 242', 13100.94, 'consumo', 57, 1);
INSERT INTO detalle_cuenta_unidad (id, cuenta_cobro_unidad_id, categoria_id, glosa, monto, origen, origen_id, iva_incluido) VALUES (243, 62, 1, 'Detalle 243', 54175.39, 'consumo', 137, 1);
INSERT INTO detalle_cuenta_unidad (id, cuenta_cobro_unidad_id, categoria_id, glosa, monto, origen, origen_id, iva_incluido) VALUES (244, 8, 16, 'Detalle 244', 41403.7, 'gasto', 91, 1);
INSERT INTO detalle_cuenta_unidad (id, cuenta_cobro_unidad_id, categoria_id, glosa, monto, origen, origen_id, iva_incluido) VALUES (245, 68, 4, 'Detalle 245', 55981.02, 'consumo', 182, 1);
INSERT INTO detalle_cuenta_unidad (id, cuenta_cobro_unidad_id, categoria_id, glosa, monto, origen, origen_id, iva_incluido) VALUES (246, 111, 7, 'Detalle 246', 13284.1, 'gasto', 131, 1);
INSERT INTO detalle_cuenta_unidad (id, cuenta_cobro_unidad_id, categoria_id, glosa, monto, origen, origen_id, iva_incluido) VALUES (247, 86, 2, 'Detalle 247', 29273.73, 'gasto', 26, 1);
INSERT INTO detalle_cuenta_unidad (id, cuenta_cobro_unidad_id, categoria_id, glosa, monto, origen, origen_id, iva_incluido) VALUES (248, 13, 13, 'Detalle 248', 45260.09, 'gasto', 50, 1);
INSERT INTO detalle_cuenta_unidad (id, cuenta_cobro_unidad_id, categoria_id, glosa, monto, origen, origen_id, iva_incluido) VALUES (249, 76, 7, 'Detalle 249', 27148.07, 'gasto', 136, 1);
INSERT INTO detalle_cuenta_unidad (id, cuenta_cobro_unidad_id, categoria_id, glosa, monto, origen, origen_id, iva_incluido) VALUES (250, 156, 16, 'Detalle 250', 33524.02, 'consumo', 26, 1);
INSERT INTO detalle_cuenta_unidad (id, cuenta_cobro_unidad_id, categoria_id, glosa, monto, origen, origen_id, iva_incluido) VALUES (251, 166, 8, 'Detalle 251', 57743.44, 'consumo', 59, 1);
INSERT INTO detalle_cuenta_unidad (id, cuenta_cobro_unidad_id, categoria_id, glosa, monto, origen, origen_id, iva_incluido) VALUES (252, 14, 2, 'Detalle 252', 36637.68, 'consumo', 34, 1);
INSERT INTO detalle_cuenta_unidad (id, cuenta_cobro_unidad_id, categoria_id, glosa, monto, origen, origen_id, iva_incluido) VALUES (253, 137, 4, 'Detalle 253', 20150.27, 'gasto', 101, 1);
INSERT INTO detalle_cuenta_unidad (id, cuenta_cobro_unidad_id, categoria_id, glosa, monto, origen, origen_id, iva_incluido) VALUES (254, 101, 4, 'Detalle 254', 17093.86, 'gasto', 127, 1);
INSERT INTO detalle_cuenta_unidad (id, cuenta_cobro_unidad_id, categoria_id, glosa, monto, origen, origen_id, iva_incluido) VALUES (255, 53, 6, 'Detalle 255', 48215.02, 'gasto', 164, 1);
INSERT INTO detalle_cuenta_unidad (id, cuenta_cobro_unidad_id, categoria_id, glosa, monto, origen, origen_id, iva_incluido) VALUES (256, 74, 20, 'Detalle 256', 20838.82, 'consumo', 49, 1);
INSERT INTO detalle_cuenta_unidad (id, cuenta_cobro_unidad_id, categoria_id, glosa, monto, origen, origen_id, iva_incluido) VALUES (257, 48, 17, 'Detalle 257', 54928.03, 'gasto', 79, 1);
INSERT INTO detalle_cuenta_unidad (id, cuenta_cobro_unidad_id, categoria_id, glosa, monto, origen, origen_id, iva_incluido) VALUES (258, 219, 8, 'Detalle 258', 14362.79, 'consumo', 86, 1);
INSERT INTO detalle_cuenta_unidad (id, cuenta_cobro_unidad_id, categoria_id, glosa, monto, origen, origen_id, iva_incluido) VALUES (259, 48, 11, 'Detalle 259', 54492.81, 'consumo', 7, 1);
INSERT INTO detalle_cuenta_unidad (id, cuenta_cobro_unidad_id, categoria_id, glosa, monto, origen, origen_id, iva_incluido) VALUES (260, 171, 16, 'Detalle 260', 28535.74, 'consumo', 91, 1);
INSERT INTO detalle_cuenta_unidad (id, cuenta_cobro_unidad_id, categoria_id, glosa, monto, origen, origen_id, iva_incluido) VALUES (261, 68, 3, 'Detalle 261', 14389.88, 'consumo', 181, 1);
INSERT INTO detalle_cuenta_unidad (id, cuenta_cobro_unidad_id, categoria_id, glosa, monto, origen, origen_id, iva_incluido) VALUES (262, 122, 19, 'Detalle 262', 5055.36, 'consumo', 242, 1);
INSERT INTO detalle_cuenta_unidad (id, cuenta_cobro_unidad_id, categoria_id, glosa, monto, origen, origen_id, iva_incluido) VALUES (263, 29, 2, 'Detalle 263', 50040.95, 'gasto', 59, 1);
INSERT INTO detalle_cuenta_unidad (id, cuenta_cobro_unidad_id, categoria_id, glosa, monto, origen, origen_id, iva_incluido) VALUES (264, 135, 17, 'Detalle 264', 14201.76, 'consumo', 49, 1);
INSERT INTO detalle_cuenta_unidad (id, cuenta_cobro_unidad_id, categoria_id, glosa, monto, origen, origen_id, iva_incluido) VALUES (265, 26, 10, 'Detalle 265', 49214.09, 'gasto', 116, 1);
INSERT INTO detalle_cuenta_unidad (id, cuenta_cobro_unidad_id, categoria_id, glosa, monto, origen, origen_id, iva_incluido) VALUES (266, 126, 12, 'Detalle 266', 59438.62, 'gasto', 170, 1);
INSERT INTO detalle_cuenta_unidad (id, cuenta_cobro_unidad_id, categoria_id, glosa, monto, origen, origen_id, iva_incluido) VALUES (267, 125, 9, 'Detalle 267', 25035.91, 'consumo', 181, 1);
INSERT INTO detalle_cuenta_unidad (id, cuenta_cobro_unidad_id, categoria_id, glosa, monto, origen, origen_id, iva_incluido) VALUES (268, 78, 11, 'Detalle 268', 54025.48, 'gasto', 29, 1);
INSERT INTO detalle_cuenta_unidad (id, cuenta_cobro_unidad_id, categoria_id, glosa, monto, origen, origen_id, iva_incluido) VALUES (269, 70, 17, 'Detalle 269', 45051.85, 'consumo', 76, 1);
INSERT INTO detalle_cuenta_unidad (id, cuenta_cobro_unidad_id, categoria_id, glosa, monto, origen, origen_id, iva_incluido) VALUES (270, 106, 8, 'Detalle 270', 41265.18, 'consumo', 183, 1);
INSERT INTO detalle_cuenta_unidad (id, cuenta_cobro_unidad_id, categoria_id, glosa, monto, origen, origen_id, iva_incluido) VALUES (271, 128, 1, 'Detalle 271', 18440.23, 'gasto', 93, 1);
INSERT INTO detalle_cuenta_unidad (id, cuenta_cobro_unidad_id, categoria_id, glosa, monto, origen, origen_id, iva_incluido) VALUES (272, 53, 3, 'Detalle 272', 15661.32, 'gasto', 164, 1);
INSERT INTO detalle_cuenta_unidad (id, cuenta_cobro_unidad_id, categoria_id, glosa, monto, origen, origen_id, iva_incluido) VALUES (273, 28, 9, 'Detalle 273', 53242.92, 'gasto', 135, 1);
INSERT INTO detalle_cuenta_unidad (id, cuenta_cobro_unidad_id, categoria_id, glosa, monto, origen, origen_id, iva_incluido) VALUES (274, 45, 9, 'Detalle 274', 55068.0, 'gasto', 85, 1);
INSERT INTO detalle_cuenta_unidad (id, cuenta_cobro_unidad_id, categoria_id, glosa, monto, origen, origen_id, iva_incluido) VALUES (275, 101, 19, 'Detalle 275', 27951.19, 'gasto', 80, 1);
INSERT INTO detalle_cuenta_unidad (id, cuenta_cobro_unidad_id, categoria_id, glosa, monto, origen, origen_id, iva_incluido) VALUES (276, 49, 2, 'Detalle 276', 36873.43, 'gasto', 157, 1);
INSERT INTO detalle_cuenta_unidad (id, cuenta_cobro_unidad_id, categoria_id, glosa, monto, origen, origen_id, iva_incluido) VALUES (277, 32, 14, 'Detalle 277', 48743.31, 'gasto', 74, 1);
INSERT INTO detalle_cuenta_unidad (id, cuenta_cobro_unidad_id, categoria_id, glosa, monto, origen, origen_id, iva_incluido) VALUES (278, 29, 1, 'Detalle 278', 32440.99, 'consumo', 239, 1);
INSERT INTO detalle_cuenta_unidad (id, cuenta_cobro_unidad_id, categoria_id, glosa, monto, origen, origen_id, iva_incluido) VALUES (279, 175, 5, 'Detalle 279', 33775.24, 'gasto', 160, 1);
INSERT INTO detalle_cuenta_unidad (id, cuenta_cobro_unidad_id, categoria_id, glosa, monto, origen, origen_id, iva_incluido) VALUES (280, 143, 6, 'Detalle 280', 21700.51, 'gasto', 17, 1);
INSERT INTO detalle_cuenta_unidad (id, cuenta_cobro_unidad_id, categoria_id, glosa, monto, origen, origen_id, iva_incluido) VALUES (281, 205, 10, 'Detalle 281', 5857.58, 'consumo', 112, 1);
INSERT INTO detalle_cuenta_unidad (id, cuenta_cobro_unidad_id, categoria_id, glosa, monto, origen, origen_id, iva_incluido) VALUES (282, 73, 19, 'Detalle 282', 11788.97, 'gasto', 79, 1);
INSERT INTO detalle_cuenta_unidad (id, cuenta_cobro_unidad_id, categoria_id, glosa, monto, origen, origen_id, iva_incluido) VALUES (283, 2, 14, 'Detalle 283', 24374.05, 'consumo', 26, 1);
INSERT INTO detalle_cuenta_unidad (id, cuenta_cobro_unidad_id, categoria_id, glosa, monto, origen, origen_id, iva_incluido) VALUES (284, 65, 5, 'Detalle 284', 24262.0, 'gasto', 129, 1);
INSERT INTO detalle_cuenta_unidad (id, cuenta_cobro_unidad_id, categoria_id, glosa, monto, origen, origen_id, iva_incluido) VALUES (285, 171, 18, 'Detalle 285', 13527.04, 'consumo', 139, 1);
INSERT INTO detalle_cuenta_unidad (id, cuenta_cobro_unidad_id, categoria_id, glosa, monto, origen, origen_id, iva_incluido) VALUES (286, 37, 7, 'Detalle 286', 28762.79, 'consumo', 149, 1);
INSERT INTO detalle_cuenta_unidad (id, cuenta_cobro_unidad_id, categoria_id, glosa, monto, origen, origen_id, iva_incluido) VALUES (287, 57, 2, 'Detalle 287', 31024.78, 'gasto', 64, 1);
INSERT INTO detalle_cuenta_unidad (id, cuenta_cobro_unidad_id, categoria_id, glosa, monto, origen, origen_id, iva_incluido) VALUES (288, 208, 13, 'Detalle 288', 28240.98, 'consumo', 134, 1);
INSERT INTO detalle_cuenta_unidad (id, cuenta_cobro_unidad_id, categoria_id, glosa, monto, origen, origen_id, iva_incluido) VALUES (289, 78, 20, 'Detalle 289', 22090.47, 'gasto', 174, 1);
INSERT INTO detalle_cuenta_unidad (id, cuenta_cobro_unidad_id, categoria_id, glosa, monto, origen, origen_id, iva_incluido) VALUES (290, 83, 19, 'Detalle 290', 12654.7, 'consumo', 129, 1);
INSERT INTO detalle_cuenta_unidad (id, cuenta_cobro_unidad_id, categoria_id, glosa, monto, origen, origen_id, iva_incluido) VALUES (291, 35, 14, 'Detalle 291', 35485.61, 'gasto', 79, 1);
INSERT INTO detalle_cuenta_unidad (id, cuenta_cobro_unidad_id, categoria_id, glosa, monto, origen, origen_id, iva_incluido) VALUES (292, 22, 10, 'Detalle 292', 36166.58, 'gasto', 140, 1);
INSERT INTO detalle_cuenta_unidad (id, cuenta_cobro_unidad_id, categoria_id, glosa, monto, origen, origen_id, iva_incluido) VALUES (293, 47, 13, 'Detalle 293', 48032.32, 'gasto', 25, 1);
INSERT INTO detalle_cuenta_unidad (id, cuenta_cobro_unidad_id, categoria_id, glosa, monto, origen, origen_id, iva_incluido) VALUES (294, 36, 17, 'Detalle 294', 29304.57, 'gasto', 129, 1);
INSERT INTO detalle_cuenta_unidad (id, cuenta_cobro_unidad_id, categoria_id, glosa, monto, origen, origen_id, iva_incluido) VALUES (295, 176, 12, 'Detalle 295', 30760.84, 'gasto', 120, 1);
INSERT INTO detalle_cuenta_unidad (id, cuenta_cobro_unidad_id, categoria_id, glosa, monto, origen, origen_id, iva_incluido) VALUES (296, 108, 14, 'Detalle 296', 30370.62, 'consumo', 216, 1);
INSERT INTO detalle_cuenta_unidad (id, cuenta_cobro_unidad_id, categoria_id, glosa, monto, origen, origen_id, iva_incluido) VALUES (297, 23, 5, 'Detalle 297', 38836.47, 'gasto', 63, 1);
INSERT INTO detalle_cuenta_unidad (id, cuenta_cobro_unidad_id, categoria_id, glosa, monto, origen, origen_id, iva_incluido) VALUES (298, 149, 17, 'Detalle 298', 25521.11, 'gasto', 14, 1);
INSERT INTO detalle_cuenta_unidad (id, cuenta_cobro_unidad_id, categoria_id, glosa, monto, origen, origen_id, iva_incluido) VALUES (299, 194, 13, 'Detalle 299', 11926.47, 'consumo', 237, 1);
INSERT INTO detalle_cuenta_unidad (id, cuenta_cobro_unidad_id, categoria_id, glosa, monto, origen, origen_id, iva_incluido) VALUES (300, 207, 17, 'Detalle 300', 30312.14, 'consumo', 44, 1);
INSERT INTO detalle_cuenta_unidad (id, cuenta_cobro_unidad_id, categoria_id, glosa, monto, origen, origen_id, iva_incluido) VALUES (301, 15, 9, 'Detalle 301', 50644.19, 'consumo', 171, 1);
INSERT INTO detalle_cuenta_unidad (id, cuenta_cobro_unidad_id, categoria_id, glosa, monto, origen, origen_id, iva_incluido) VALUES (302, 153, 4, 'Detalle 302', 50206.71, 'gasto', 177, 1);
INSERT INTO detalle_cuenta_unidad (id, cuenta_cobro_unidad_id, categoria_id, glosa, monto, origen, origen_id, iva_incluido) VALUES (303, 85, 2, 'Detalle 303', 11679.35, 'consumo', 105, 1);
INSERT INTO detalle_cuenta_unidad (id, cuenta_cobro_unidad_id, categoria_id, glosa, monto, origen, origen_id, iva_incluido) VALUES (304, 133, 5, 'Detalle 304', 35912.71, 'gasto', 35, 1);
INSERT INTO detalle_cuenta_unidad (id, cuenta_cobro_unidad_id, categoria_id, glosa, monto, origen, origen_id, iva_incluido) VALUES (305, 58, 5, 'Detalle 305', 21549.07, 'gasto', 2, 1);
INSERT INTO detalle_cuenta_unidad (id, cuenta_cobro_unidad_id, categoria_id, glosa, monto, origen, origen_id, iva_incluido) VALUES (306, 207, 16, 'Detalle 306', 39301.52, 'consumo', 59, 1);
INSERT INTO detalle_cuenta_unidad (id, cuenta_cobro_unidad_id, categoria_id, glosa, monto, origen, origen_id, iva_incluido) VALUES (307, 18, 1, 'Detalle 307', 13416.21, 'consumo', 50, 1);
INSERT INTO detalle_cuenta_unidad (id, cuenta_cobro_unidad_id, categoria_id, glosa, monto, origen, origen_id, iva_incluido) VALUES (308, 64, 7, 'Detalle 308', 10698.39, 'consumo', 259, 1);
INSERT INTO detalle_cuenta_unidad (id, cuenta_cobro_unidad_id, categoria_id, glosa, monto, origen, origen_id, iva_incluido) VALUES (309, 114, 13, 'Detalle 309', 8060.92, 'consumo', 154, 1);
INSERT INTO detalle_cuenta_unidad (id, cuenta_cobro_unidad_id, categoria_id, glosa, monto, origen, origen_id, iva_incluido) VALUES (310, 104, 16, 'Detalle 310', 59048.29, 'consumo', 134, 1);
INSERT INTO detalle_cuenta_unidad (id, cuenta_cobro_unidad_id, categoria_id, glosa, monto, origen, origen_id, iva_incluido) VALUES (311, 211, 20, 'Detalle 311', 42472.62, 'consumo', 222, 1);
INSERT INTO detalle_cuenta_unidad (id, cuenta_cobro_unidad_id, categoria_id, glosa, monto, origen, origen_id, iva_incluido) VALUES (312, 38, 1, 'Detalle 312', 15164.43, 'consumo', 88, 1);
INSERT INTO detalle_cuenta_unidad (id, cuenta_cobro_unidad_id, categoria_id, glosa, monto, origen, origen_id, iva_incluido) VALUES (313, 131, 18, 'Detalle 313', 16019.31, 'gasto', 75, 1);
INSERT INTO detalle_cuenta_unidad (id, cuenta_cobro_unidad_id, categoria_id, glosa, monto, origen, origen_id, iva_incluido) VALUES (314, 75, 4, 'Detalle 314', 57750.03, 'gasto', 95, 1);
INSERT INTO detalle_cuenta_unidad (id, cuenta_cobro_unidad_id, categoria_id, glosa, monto, origen, origen_id, iva_incluido) VALUES (315, 171, 9, 'Detalle 315', 26515.41, 'consumo', 238, 1);
INSERT INTO detalle_cuenta_unidad (id, cuenta_cobro_unidad_id, categoria_id, glosa, monto, origen, origen_id, iva_incluido) VALUES (316, 107, 14, 'Detalle 316', 13149.16, 'gasto', 118, 1);
INSERT INTO detalle_cuenta_unidad (id, cuenta_cobro_unidad_id, categoria_id, glosa, monto, origen, origen_id, iva_incluido) VALUES (317, 31, 19, 'Detalle 317', 26418.62, 'gasto', 9, 1);
INSERT INTO detalle_cuenta_unidad (id, cuenta_cobro_unidad_id, categoria_id, glosa, monto, origen, origen_id, iva_incluido) VALUES (318, 166, 20, 'Detalle 318', 29446.37, 'gasto', 36, 1);
INSERT INTO detalle_cuenta_unidad (id, cuenta_cobro_unidad_id, categoria_id, glosa, monto, origen, origen_id, iva_incluido) VALUES (319, 120, 15, 'Detalle 319', 20229.72, 'consumo', 184, 1);
INSERT INTO detalle_cuenta_unidad (id, cuenta_cobro_unidad_id, categoria_id, glosa, monto, origen, origen_id, iva_incluido) VALUES (320, 129, 17, 'Detalle 320', 16592.91, 'gasto', 132, 1);
INSERT INTO detalle_cuenta_unidad (id, cuenta_cobro_unidad_id, categoria_id, glosa, monto, origen, origen_id, iva_incluido) VALUES (321, 17, 6, 'Detalle 321', 41075.56, 'gasto', 168, 1);
INSERT INTO detalle_cuenta_unidad (id, cuenta_cobro_unidad_id, categoria_id, glosa, monto, origen, origen_id, iva_incluido) VALUES (322, 185, 19, 'Detalle 322', 23661.01, 'consumo', 143, 1);
INSERT INTO detalle_cuenta_unidad (id, cuenta_cobro_unidad_id, categoria_id, glosa, monto, origen, origen_id, iva_incluido) VALUES (323, 201, 10, 'Detalle 323', 55791.23, 'consumo', 248, 1);
INSERT INTO detalle_cuenta_unidad (id, cuenta_cobro_unidad_id, categoria_id, glosa, monto, origen, origen_id, iva_incluido) VALUES (324, 97, 16, 'Detalle 324', 38321.3, 'consumo', 260, 1);
INSERT INTO detalle_cuenta_unidad (id, cuenta_cobro_unidad_id, categoria_id, glosa, monto, origen, origen_id, iva_incluido) VALUES (325, 199, 17, 'Detalle 325', 19257.43, 'gasto', 151, 1);
INSERT INTO detalle_cuenta_unidad (id, cuenta_cobro_unidad_id, categoria_id, glosa, monto, origen, origen_id, iva_incluido) VALUES (326, 149, 12, 'Detalle 326', 37147.13, 'gasto', 18, 1);
INSERT INTO detalle_cuenta_unidad (id, cuenta_cobro_unidad_id, categoria_id, glosa, monto, origen, origen_id, iva_incluido) VALUES (327, 12, 1, 'Detalle 327', 51861.72, 'consumo', 119, 1);
INSERT INTO detalle_cuenta_unidad (id, cuenta_cobro_unidad_id, categoria_id, glosa, monto, origen, origen_id, iva_incluido) VALUES (328, 25, 4, 'Detalle 328', 32468.86, 'gasto', 83, 1);
INSERT INTO detalle_cuenta_unidad (id, cuenta_cobro_unidad_id, categoria_id, glosa, monto, origen, origen_id, iva_incluido) VALUES (329, 195, 8, 'Detalle 329', 58973.06, 'consumo', 54, 1);
INSERT INTO detalle_cuenta_unidad (id, cuenta_cobro_unidad_id, categoria_id, glosa, monto, origen, origen_id, iva_incluido) VALUES (330, 45, 13, 'Detalle 330', 46569.76, 'gasto', 17, 1);
INSERT INTO detalle_cuenta_unidad (id, cuenta_cobro_unidad_id, categoria_id, glosa, monto, origen, origen_id, iva_incluido) VALUES (331, 16, 20, 'Detalle 331', 18776.61, 'consumo', 38, 1);
INSERT INTO detalle_cuenta_unidad (id, cuenta_cobro_unidad_id, categoria_id, glosa, monto, origen, origen_id, iva_incluido) VALUES (332, 114, 12, 'Detalle 332', 38359.33, 'consumo', 90, 1);
INSERT INTO detalle_cuenta_unidad (id, cuenta_cobro_unidad_id, categoria_id, glosa, monto, origen, origen_id, iva_incluido) VALUES (333, 83, 4, 'Detalle 333', 43429.91, 'gasto', 35, 1);
INSERT INTO detalle_cuenta_unidad (id, cuenta_cobro_unidad_id, categoria_id, glosa, monto, origen, origen_id, iva_incluido) VALUES (334, 164, 19, 'Detalle 334', 35605.75, 'consumo', 130, 1);
INSERT INTO detalle_cuenta_unidad (id, cuenta_cobro_unidad_id, categoria_id, glosa, monto, origen, origen_id, iva_incluido) VALUES (335, 126, 15, 'Detalle 335', 42336.7, 'consumo', 104, 1);
INSERT INTO detalle_cuenta_unidad (id, cuenta_cobro_unidad_id, categoria_id, glosa, monto, origen, origen_id, iva_incluido) VALUES (336, 190, 6, 'Detalle 336', 28873.47, 'consumo', 45, 1);
INSERT INTO detalle_cuenta_unidad (id, cuenta_cobro_unidad_id, categoria_id, glosa, monto, origen, origen_id, iva_incluido) VALUES (337, 150, 1, 'Detalle 337', 39601.36, 'consumo', 105, 1);
INSERT INTO detalle_cuenta_unidad (id, cuenta_cobro_unidad_id, categoria_id, glosa, monto, origen, origen_id, iva_incluido) VALUES (338, 9, 5, 'Detalle 338', 54131.01, 'gasto', 105, 1);
INSERT INTO detalle_cuenta_unidad (id, cuenta_cobro_unidad_id, categoria_id, glosa, monto, origen, origen_id, iva_incluido) VALUES (339, 146, 18, 'Detalle 339', 52547.01, 'gasto', 48, 1);
INSERT INTO detalle_cuenta_unidad (id, cuenta_cobro_unidad_id, categoria_id, glosa, monto, origen, origen_id, iva_incluido) VALUES (340, 175, 17, 'Detalle 340', 32289.65, 'consumo', 243, 1);
INSERT INTO detalle_cuenta_unidad (id, cuenta_cobro_unidad_id, categoria_id, glosa, monto, origen, origen_id, iva_incluido) VALUES (341, 129, 12, 'Detalle 341', 24606.69, 'consumo', 35, 1);
INSERT INTO detalle_cuenta_unidad (id, cuenta_cobro_unidad_id, categoria_id, glosa, monto, origen, origen_id, iva_incluido) VALUES (342, 113, 14, 'Detalle 342', 39400.89, 'consumo', 41, 1);
INSERT INTO detalle_cuenta_unidad (id, cuenta_cobro_unidad_id, categoria_id, glosa, monto, origen, origen_id, iva_incluido) VALUES (343, 33, 17, 'Detalle 343', 21402.48, 'consumo', 256, 1);
INSERT INTO detalle_cuenta_unidad (id, cuenta_cobro_unidad_id, categoria_id, glosa, monto, origen, origen_id, iva_incluido) VALUES (344, 60, 2, 'Detalle 344', 38081.93, 'gasto', 6, 1);
INSERT INTO detalle_cuenta_unidad (id, cuenta_cobro_unidad_id, categoria_id, glosa, monto, origen, origen_id, iva_incluido) VALUES (345, 58, 10, 'Detalle 345', 55725.03, 'gasto', 100, 1);
INSERT INTO detalle_cuenta_unidad (id, cuenta_cobro_unidad_id, categoria_id, glosa, monto, origen, origen_id, iva_incluido) VALUES (346, 181, 12, 'Detalle 346', 8737.41, 'consumo', 148, 1);
INSERT INTO detalle_cuenta_unidad (id, cuenta_cobro_unidad_id, categoria_id, glosa, monto, origen, origen_id, iva_incluido) VALUES (347, 20, 18, 'Detalle 347', 36644.57, 'gasto', 103, 1);
INSERT INTO detalle_cuenta_unidad (id, cuenta_cobro_unidad_id, categoria_id, glosa, monto, origen, origen_id, iva_incluido) VALUES (348, 159, 2, 'Detalle 348', 35026.79, 'consumo', 242, 1);
INSERT INTO detalle_cuenta_unidad (id, cuenta_cobro_unidad_id, categoria_id, glosa, monto, origen, origen_id, iva_incluido) VALUES (349, 68, 1, 'Detalle 349', 6775.11, 'gasto', 67, 1);
INSERT INTO detalle_cuenta_unidad (id, cuenta_cobro_unidad_id, categoria_id, glosa, monto, origen, origen_id, iva_incluido) VALUES (350, 52, 11, 'Detalle 350', 53841.54, 'consumo', 72, 1);
INSERT INTO detalle_cuenta_unidad (id, cuenta_cobro_unidad_id, categoria_id, glosa, monto, origen, origen_id, iva_incluido) VALUES (351, 53, 18, 'Detalle 351', 49921.93, 'gasto', 170, 1);
INSERT INTO detalle_cuenta_unidad (id, cuenta_cobro_unidad_id, categoria_id, glosa, monto, origen, origen_id, iva_incluido) VALUES (352, 16, 8, 'Detalle 352', 32145.53, 'consumo', 178, 1);
INSERT INTO detalle_cuenta_unidad (id, cuenta_cobro_unidad_id, categoria_id, glosa, monto, origen, origen_id, iva_incluido) VALUES (353, 19, 14, 'Detalle 353', 37898.12, 'consumo', 246, 1);
INSERT INTO detalle_cuenta_unidad (id, cuenta_cobro_unidad_id, categoria_id, glosa, monto, origen, origen_id, iva_incluido) VALUES (354, 34, 9, 'Detalle 354', 44783.14, 'consumo', 19, 1);
INSERT INTO detalle_cuenta_unidad (id, cuenta_cobro_unidad_id, categoria_id, glosa, monto, origen, origen_id, iva_incluido) VALUES (355, 128, 17, 'Detalle 355', 17388.48, 'gasto', 111, 1);
INSERT INTO detalle_cuenta_unidad (id, cuenta_cobro_unidad_id, categoria_id, glosa, monto, origen, origen_id, iva_incluido) VALUES (356, 123, 10, 'Detalle 356', 47984.8, 'consumo', 11, 1);
INSERT INTO detalle_cuenta_unidad (id, cuenta_cobro_unidad_id, categoria_id, glosa, monto, origen, origen_id, iva_incluido) VALUES (357, 15, 1, 'Detalle 357', 47548.73, 'consumo', 195, 1);
INSERT INTO detalle_cuenta_unidad (id, cuenta_cobro_unidad_id, categoria_id, glosa, monto, origen, origen_id, iva_incluido) VALUES (358, 175, 1, 'Detalle 358', 35387.28, 'consumo', 199, 1);
INSERT INTO detalle_cuenta_unidad (id, cuenta_cobro_unidad_id, categoria_id, glosa, monto, origen, origen_id, iva_incluido) VALUES (359, 197, 13, 'Detalle 359', 43249.23, 'gasto', 180, 1);
INSERT INTO detalle_cuenta_unidad (id, cuenta_cobro_unidad_id, categoria_id, glosa, monto, origen, origen_id, iva_incluido) VALUES (360, 110, 18, 'Detalle 360', 12577.37, 'gasto', 31, 1);
INSERT INTO detalle_cuenta_unidad (id, cuenta_cobro_unidad_id, categoria_id, glosa, monto, origen, origen_id, iva_incluido) VALUES (361, 158, 12, 'Detalle 361', 24348.4, 'gasto', 112, 1);
INSERT INTO detalle_cuenta_unidad (id, cuenta_cobro_unidad_id, categoria_id, glosa, monto, origen, origen_id, iva_incluido) VALUES (362, 15, 8, 'Detalle 362', 17761.84, 'consumo', 117, 1);
INSERT INTO detalle_cuenta_unidad (id, cuenta_cobro_unidad_id, categoria_id, glosa, monto, origen, origen_id, iva_incluido) VALUES (363, 106, 18, 'Detalle 363', 36242.67, 'consumo', 128, 1);
INSERT INTO detalle_cuenta_unidad (id, cuenta_cobro_unidad_id, categoria_id, glosa, monto, origen, origen_id, iva_incluido) VALUES (364, 209, 2, 'Detalle 364', 9213.64, 'consumo', 225, 1);
INSERT INTO detalle_cuenta_unidad (id, cuenta_cobro_unidad_id, categoria_id, glosa, monto, origen, origen_id, iva_incluido) VALUES (365, 47, 10, 'Detalle 365', 7404.57, 'gasto', 155, 1);
INSERT INTO detalle_cuenta_unidad (id, cuenta_cobro_unidad_id, categoria_id, glosa, monto, origen, origen_id, iva_incluido) VALUES (366, 168, 8, 'Detalle 366', 59894.88, 'consumo', 204, 1);
INSERT INTO detalle_cuenta_unidad (id, cuenta_cobro_unidad_id, categoria_id, glosa, monto, origen, origen_id, iva_incluido) VALUES (367, 123, 4, 'Detalle 367', 41112.47, 'consumo', 129, 1);
INSERT INTO detalle_cuenta_unidad (id, cuenta_cobro_unidad_id, categoria_id, glosa, monto, origen, origen_id, iva_incluido) VALUES (368, 140, 7, 'Detalle 368', 32221.11, 'gasto', 57, 1);
INSERT INTO detalle_cuenta_unidad (id, cuenta_cobro_unidad_id, categoria_id, glosa, monto, origen, origen_id, iva_incluido) VALUES (369, 114, 10, 'Detalle 369', 56778.48, 'gasto', 168, 1);
INSERT INTO detalle_cuenta_unidad (id, cuenta_cobro_unidad_id, categoria_id, glosa, monto, origen, origen_id, iva_incluido) VALUES (370, 63, 17, 'Detalle 370', 54113.82, 'gasto', 179, 1);
INSERT INTO detalle_cuenta_unidad (id, cuenta_cobro_unidad_id, categoria_id, glosa, monto, origen, origen_id, iva_incluido) VALUES (371, 139, 17, 'Detalle 371', 10740.8, 'gasto', 106, 1);
INSERT INTO detalle_cuenta_unidad (id, cuenta_cobro_unidad_id, categoria_id, glosa, monto, origen, origen_id, iva_incluido) VALUES (372, 181, 20, 'Detalle 372', 31741.42, 'consumo', 105, 1);
INSERT INTO detalle_cuenta_unidad (id, cuenta_cobro_unidad_id, categoria_id, glosa, monto, origen, origen_id, iva_incluido) VALUES (373, 36, 17, 'Detalle 373', 17679.48, 'consumo', 63, 1);
INSERT INTO detalle_cuenta_unidad (id, cuenta_cobro_unidad_id, categoria_id, glosa, monto, origen, origen_id, iva_incluido) VALUES (374, 96, 5, 'Detalle 374', 6972.72, 'consumo', 226, 1);
INSERT INTO detalle_cuenta_unidad (id, cuenta_cobro_unidad_id, categoria_id, glosa, monto, origen, origen_id, iva_incluido) VALUES (375, 167, 15, 'Detalle 375', 57417.47, 'consumo', 256, 1);
INSERT INTO detalle_cuenta_unidad (id, cuenta_cobro_unidad_id, categoria_id, glosa, monto, origen, origen_id, iva_incluido) VALUES (376, 215, 2, 'Detalle 376', 19866.42, 'gasto', 77, 1);
INSERT INTO detalle_cuenta_unidad (id, cuenta_cobro_unidad_id, categoria_id, glosa, monto, origen, origen_id, iva_incluido) VALUES (377, 212, 3, 'Detalle 377', 8284.6, 'gasto', 127, 1);
INSERT INTO detalle_cuenta_unidad (id, cuenta_cobro_unidad_id, categoria_id, glosa, monto, origen, origen_id, iva_incluido) VALUES (378, 5, 13, 'Detalle 378', 26156.48, 'consumo', 115, 1);
INSERT INTO detalle_cuenta_unidad (id, cuenta_cobro_unidad_id, categoria_id, glosa, monto, origen, origen_id, iva_incluido) VALUES (379, 53, 13, 'Detalle 379', 15143.47, 'gasto', 137, 1);
INSERT INTO detalle_cuenta_unidad (id, cuenta_cobro_unidad_id, categoria_id, glosa, monto, origen, origen_id, iva_incluido) VALUES (380, 14, 10, 'Detalle 380', 6721.84, 'gasto', 7, 1);
INSERT INTO detalle_cuenta_unidad (id, cuenta_cobro_unidad_id, categoria_id, glosa, monto, origen, origen_id, iva_incluido) VALUES (381, 156, 11, 'Detalle 381', 55748.43, 'gasto', 152, 1);
INSERT INTO detalle_cuenta_unidad (id, cuenta_cobro_unidad_id, categoria_id, glosa, monto, origen, origen_id, iva_incluido) VALUES (382, 56, 1, 'Detalle 382', 23751.94, 'gasto', 110, 1);
INSERT INTO detalle_cuenta_unidad (id, cuenta_cobro_unidad_id, categoria_id, glosa, monto, origen, origen_id, iva_incluido) VALUES (383, 201, 2, 'Detalle 383', 49406.82, 'gasto', 174, 1);
INSERT INTO detalle_cuenta_unidad (id, cuenta_cobro_unidad_id, categoria_id, glosa, monto, origen, origen_id, iva_incluido) VALUES (384, 74, 18, 'Detalle 384', 30492.64, 'gasto', 42, 1);
INSERT INTO detalle_cuenta_unidad (id, cuenta_cobro_unidad_id, categoria_id, glosa, monto, origen, origen_id, iva_incluido) VALUES (385, 98, 15, 'Detalle 385', 46009.86, 'consumo', 68, 1);
INSERT INTO detalle_cuenta_unidad (id, cuenta_cobro_unidad_id, categoria_id, glosa, monto, origen, origen_id, iva_incluido) VALUES (386, 4, 9, 'Detalle 386', 48977.39, 'gasto', 22, 1);
INSERT INTO detalle_cuenta_unidad (id, cuenta_cobro_unidad_id, categoria_id, glosa, monto, origen, origen_id, iva_incluido) VALUES (387, 64, 18, 'Detalle 387', 21270.37, 'gasto', 10, 1);
INSERT INTO detalle_cuenta_unidad (id, cuenta_cobro_unidad_id, categoria_id, glosa, monto, origen, origen_id, iva_incluido) VALUES (388, 158, 9, 'Detalle 388', 24893.22, 'gasto', 168, 1);
INSERT INTO detalle_cuenta_unidad (id, cuenta_cobro_unidad_id, categoria_id, glosa, monto, origen, origen_id, iva_incluido) VALUES (389, 208, 20, 'Detalle 389', 5678.65, 'gasto', 146, 1);
INSERT INTO detalle_cuenta_unidad (id, cuenta_cobro_unidad_id, categoria_id, glosa, monto, origen, origen_id, iva_incluido) VALUES (390, 170, 11, 'Detalle 390', 50979.99, 'consumo', 228, 1);
INSERT INTO detalle_cuenta_unidad (id, cuenta_cobro_unidad_id, categoria_id, glosa, monto, origen, origen_id, iva_incluido) VALUES (391, 119, 1, 'Detalle 391', 29195.01, 'gasto', 10, 1);
INSERT INTO detalle_cuenta_unidad (id, cuenta_cobro_unidad_id, categoria_id, glosa, monto, origen, origen_id, iva_incluido) VALUES (392, 92, 16, 'Detalle 392', 40075.87, 'consumo', 210, 1);
INSERT INTO detalle_cuenta_unidad (id, cuenta_cobro_unidad_id, categoria_id, glosa, monto, origen, origen_id, iva_incluido) VALUES (393, 15, 19, 'Detalle 393', 56635.88, 'gasto', 157, 1);
INSERT INTO detalle_cuenta_unidad (id, cuenta_cobro_unidad_id, categoria_id, glosa, monto, origen, origen_id, iva_incluido) VALUES (394, 142, 11, 'Detalle 394', 57431.13, 'gasto', 47, 1);
INSERT INTO detalle_cuenta_unidad (id, cuenta_cobro_unidad_id, categoria_id, glosa, monto, origen, origen_id, iva_incluido) VALUES (395, 67, 9, 'Detalle 395', 19274.74, 'gasto', 33, 1);
INSERT INTO detalle_cuenta_unidad (id, cuenta_cobro_unidad_id, categoria_id, glosa, monto, origen, origen_id, iva_incluido) VALUES (396, 59, 6, 'Detalle 396', 13079.6, 'consumo', 120, 1);
INSERT INTO detalle_cuenta_unidad (id, cuenta_cobro_unidad_id, categoria_id, glosa, monto, origen, origen_id, iva_incluido) VALUES (397, 30, 2, 'Detalle 397', 15134.05, 'gasto', 149, 1);
INSERT INTO detalle_cuenta_unidad (id, cuenta_cobro_unidad_id, categoria_id, glosa, monto, origen, origen_id, iva_incluido) VALUES (398, 82, 2, 'Detalle 398', 35437.42, 'consumo', 32, 1);
INSERT INTO detalle_cuenta_unidad (id, cuenta_cobro_unidad_id, categoria_id, glosa, monto, origen, origen_id, iva_incluido) VALUES (399, 183, 9, 'Detalle 399', 58640.53, 'consumo', 181, 1);
INSERT INTO detalle_cuenta_unidad (id, cuenta_cobro_unidad_id, categoria_id, glosa, monto, origen, origen_id, iva_incluido) VALUES (400, 139, 2, 'Detalle 400', 38031.84, 'gasto', 28, 1);
INSERT INTO detalle_cuenta_unidad (id, cuenta_cobro_unidad_id, categoria_id, glosa, monto, origen, origen_id, iva_incluido) VALUES (401, 20, 17, 'Detalle 401', 29409.7, 'consumo', 122, 1);
INSERT INTO detalle_cuenta_unidad (id, cuenta_cobro_unidad_id, categoria_id, glosa, monto, origen, origen_id, iva_incluido) VALUES (402, 53, 11, 'Detalle 402', 36370.12, 'gasto', 19, 1);
INSERT INTO detalle_cuenta_unidad (id, cuenta_cobro_unidad_id, categoria_id, glosa, monto, origen, origen_id, iva_incluido) VALUES (403, 165, 14, 'Detalle 403', 53171.92, 'consumo', 13, 1);
INSERT INTO detalle_cuenta_unidad (id, cuenta_cobro_unidad_id, categoria_id, glosa, monto, origen, origen_id, iva_incluido) VALUES (404, 84, 20, 'Detalle 404', 48349.05, 'gasto', 105, 1);
INSERT INTO detalle_cuenta_unidad (id, cuenta_cobro_unidad_id, categoria_id, glosa, monto, origen, origen_id, iva_incluido) VALUES (405, 167, 12, 'Detalle 405', 30887.68, 'gasto', 160, 1);
INSERT INTO detalle_cuenta_unidad (id, cuenta_cobro_unidad_id, categoria_id, glosa, monto, origen, origen_id, iva_incluido) VALUES (406, 8, 6, 'Detalle 406', 25256.61, 'gasto', 39, 1);
INSERT INTO detalle_cuenta_unidad (id, cuenta_cobro_unidad_id, categoria_id, glosa, monto, origen, origen_id, iva_incluido) VALUES (407, 152, 1, 'Detalle 407', 10842.77, 'consumo', 161, 1);
INSERT INTO detalle_cuenta_unidad (id, cuenta_cobro_unidad_id, categoria_id, glosa, monto, origen, origen_id, iva_incluido) VALUES (408, 131, 17, 'Detalle 408', 48090.69, 'gasto', 56, 1);
INSERT INTO detalle_cuenta_unidad (id, cuenta_cobro_unidad_id, categoria_id, glosa, monto, origen, origen_id, iva_incluido) VALUES (409, 97, 19, 'Detalle 409', 6792.97, 'consumo', 196, 1);
INSERT INTO detalle_cuenta_unidad (id, cuenta_cobro_unidad_id, categoria_id, glosa, monto, origen, origen_id, iva_incluido) VALUES (410, 196, 3, 'Detalle 410', 57534.86, 'consumo', 258, 1);
INSERT INTO detalle_cuenta_unidad (id, cuenta_cobro_unidad_id, categoria_id, glosa, monto, origen, origen_id, iva_incluido) VALUES (411, 148, 18, 'Detalle 411', 45367.32, 'consumo', 27, 1);
INSERT INTO detalle_cuenta_unidad (id, cuenta_cobro_unidad_id, categoria_id, glosa, monto, origen, origen_id, iva_incluido) VALUES (412, 156, 16, 'Detalle 412', 41255.88, 'gasto', 82, 1);
INSERT INTO detalle_cuenta_unidad (id, cuenta_cobro_unidad_id, categoria_id, glosa, monto, origen, origen_id, iva_incluido) VALUES (413, 69, 7, 'Detalle 413', 50980.49, 'gasto', 63, 1);
INSERT INTO detalle_cuenta_unidad (id, cuenta_cobro_unidad_id, categoria_id, glosa, monto, origen, origen_id, iva_incluido) VALUES (414, 85, 8, 'Detalle 414', 48945.33, 'gasto', 60, 1);
INSERT INTO detalle_cuenta_unidad (id, cuenta_cobro_unidad_id, categoria_id, glosa, monto, origen, origen_id, iva_incluido) VALUES (415, 117, 11, 'Detalle 415', 46150.36, 'consumo', 124, 1);
INSERT INTO detalle_cuenta_unidad (id, cuenta_cobro_unidad_id, categoria_id, glosa, monto, origen, origen_id, iva_incluido) VALUES (416, 114, 14, 'Detalle 416', 24903.46, 'gasto', 144, 1);
INSERT INTO detalle_cuenta_unidad (id, cuenta_cobro_unidad_id, categoria_id, glosa, monto, origen, origen_id, iva_incluido) VALUES (417, 130, 3, 'Detalle 417', 55304.95, 'gasto', 155, 1);
INSERT INTO detalle_cuenta_unidad (id, cuenta_cobro_unidad_id, categoria_id, glosa, monto, origen, origen_id, iva_incluido) VALUES (418, 59, 15, 'Detalle 418', 48246.73, 'consumo', 65, 1);
INSERT INTO detalle_cuenta_unidad (id, cuenta_cobro_unidad_id, categoria_id, glosa, monto, origen, origen_id, iva_incluido) VALUES (419, 138, 8, 'Detalle 419', 47704.65, 'gasto', 173, 1);
INSERT INTO detalle_cuenta_unidad (id, cuenta_cobro_unidad_id, categoria_id, glosa, monto, origen, origen_id, iva_incluido) VALUES (420, 150, 5, 'Detalle 420', 38305.01, 'gasto', 88, 1);
INSERT INTO detalle_cuenta_unidad (id, cuenta_cobro_unidad_id, categoria_id, glosa, monto, origen, origen_id, iva_incluido) VALUES (421, 81, 4, 'Detalle 421', 9482.83, 'gasto', 130, 1);
INSERT INTO detalle_cuenta_unidad (id, cuenta_cobro_unidad_id, categoria_id, glosa, monto, origen, origen_id, iva_incluido) VALUES (422, 38, 19, 'Detalle 422', 32181.01, 'consumo', 93, 1);
INSERT INTO detalle_cuenta_unidad (id, cuenta_cobro_unidad_id, categoria_id, glosa, monto, origen, origen_id, iva_incluido) VALUES (423, 117, 1, 'Detalle 423', 14172.4, 'gasto', 68, 1);
INSERT INTO detalle_cuenta_unidad (id, cuenta_cobro_unidad_id, categoria_id, glosa, monto, origen, origen_id, iva_incluido) VALUES (424, 196, 18, 'Detalle 424', 44126.0, 'gasto', 26, 1);
INSERT INTO detalle_cuenta_unidad (id, cuenta_cobro_unidad_id, categoria_id, glosa, monto, origen, origen_id, iva_incluido) VALUES (425, 33, 2, 'Detalle 425', 50862.22, 'consumo', 86, 1);
INSERT INTO detalle_cuenta_unidad (id, cuenta_cobro_unidad_id, categoria_id, glosa, monto, origen, origen_id, iva_incluido) VALUES (426, 19, 5, 'Detalle 426', 33319.34, 'gasto', 109, 1);
INSERT INTO detalle_cuenta_unidad (id, cuenta_cobro_unidad_id, categoria_id, glosa, monto, origen, origen_id, iva_incluido) VALUES (427, 91, 5, 'Detalle 427', 27127.46, 'consumo', 151, 1);
INSERT INTO detalle_cuenta_unidad (id, cuenta_cobro_unidad_id, categoria_id, glosa, monto, origen, origen_id, iva_incluido) VALUES (428, 31, 11, 'Detalle 428', 54358.45, 'gasto', 152, 1);
INSERT INTO detalle_cuenta_unidad (id, cuenta_cobro_unidad_id, categoria_id, glosa, monto, origen, origen_id, iva_incluido) VALUES (429, 156, 20, 'Detalle 429', 10927.45, 'consumo', 38, 1);
INSERT INTO detalle_cuenta_unidad (id, cuenta_cobro_unidad_id, categoria_id, glosa, monto, origen, origen_id, iva_incluido) VALUES (430, 190, 12, 'Detalle 430', 57245.55, 'gasto', 162, 1);
INSERT INTO detalle_cuenta_unidad (id, cuenta_cobro_unidad_id, categoria_id, glosa, monto, origen, origen_id, iva_incluido) VALUES (431, 116, 14, 'Detalle 431', 20911.01, 'gasto', 180, 1);
INSERT INTO detalle_cuenta_unidad (id, cuenta_cobro_unidad_id, categoria_id, glosa, monto, origen, origen_id, iva_incluido) VALUES (432, 35, 6, 'Detalle 432', 44803.91, 'consumo', 78, 1);
INSERT INTO detalle_cuenta_unidad (id, cuenta_cobro_unidad_id, categoria_id, glosa, monto, origen, origen_id, iva_incluido) VALUES (433, 2, 19, 'Detalle 433', 37617.66, 'gasto', 98, 1);
INSERT INTO detalle_cuenta_unidad (id, cuenta_cobro_unidad_id, categoria_id, glosa, monto, origen, origen_id, iva_incluido) VALUES (434, 83, 15, 'Detalle 434', 14719.72, 'gasto', 25, 1);
INSERT INTO detalle_cuenta_unidad (id, cuenta_cobro_unidad_id, categoria_id, glosa, monto, origen, origen_id, iva_incluido) VALUES (435, 60, 10, 'Detalle 435', 32131.14, 'consumo', 219, 1);
INSERT INTO detalle_cuenta_unidad (id, cuenta_cobro_unidad_id, categoria_id, glosa, monto, origen, origen_id, iva_incluido) VALUES (436, 74, 11, 'Detalle 436', 26123.73, 'consumo', 74, 1);
INSERT INTO detalle_cuenta_unidad (id, cuenta_cobro_unidad_id, categoria_id, glosa, monto, origen, origen_id, iva_incluido) VALUES (437, 11, 7, 'Detalle 437', 28679.57, 'gasto', 148, 1);
INSERT INTO detalle_cuenta_unidad (id, cuenta_cobro_unidad_id, categoria_id, glosa, monto, origen, origen_id, iva_incluido) VALUES (438, 158, 11, 'Detalle 438', 10470.66, 'gasto', 43, 1);
INSERT INTO detalle_cuenta_unidad (id, cuenta_cobro_unidad_id, categoria_id, glosa, monto, origen, origen_id, iva_incluido) VALUES (439, 31, 10, 'Detalle 439', 20061.67, 'gasto', 58, 1);
INSERT INTO detalle_cuenta_unidad (id, cuenta_cobro_unidad_id, categoria_id, glosa, monto, origen, origen_id, iva_incluido) VALUES (440, 44, 10, 'Detalle 440', 56656.27, 'gasto', 156, 1);
INSERT INTO detalle_cuenta_unidad (id, cuenta_cobro_unidad_id, categoria_id, glosa, monto, origen, origen_id, iva_incluido) VALUES (441, 193, 4, 'Detalle 441', 55848.37, 'gasto', 37, 1);
INSERT INTO detalle_cuenta_unidad (id, cuenta_cobro_unidad_id, categoria_id, glosa, monto, origen, origen_id, iva_incluido) VALUES (442, 25, 7, 'Detalle 442', 35368.99, 'consumo', 15, 1);
INSERT INTO detalle_cuenta_unidad (id, cuenta_cobro_unidad_id, categoria_id, glosa, monto, origen, origen_id, iva_incluido) VALUES (443, 154, 2, 'Detalle 443', 57792.12, 'consumo', 4, 1);
INSERT INTO detalle_cuenta_unidad (id, cuenta_cobro_unidad_id, categoria_id, glosa, monto, origen, origen_id, iva_incluido) VALUES (444, 126, 1, 'Detalle 444', 25324.73, 'gasto', 147, 1);
INSERT INTO detalle_cuenta_unidad (id, cuenta_cobro_unidad_id, categoria_id, glosa, monto, origen, origen_id, iva_incluido) VALUES (445, 110, 15, 'Detalle 445', 33649.16, 'gasto', 76, 1);
INSERT INTO detalle_cuenta_unidad (id, cuenta_cobro_unidad_id, categoria_id, glosa, monto, origen, origen_id, iva_incluido) VALUES (446, 29, 4, 'Detalle 446', 29442.28, 'gasto', 127, 1);
INSERT INTO detalle_cuenta_unidad (id, cuenta_cobro_unidad_id, categoria_id, glosa, monto, origen, origen_id, iva_incluido) VALUES (447, 68, 3, 'Detalle 447', 52547.65, 'gasto', 172, 1);
INSERT INTO detalle_cuenta_unidad (id, cuenta_cobro_unidad_id, categoria_id, glosa, monto, origen, origen_id, iva_incluido) VALUES (448, 30, 12, 'Detalle 448', 49200.26, 'consumo', 39, 1);
INSERT INTO detalle_cuenta_unidad (id, cuenta_cobro_unidad_id, categoria_id, glosa, monto, origen, origen_id, iva_incluido) VALUES (449, 84, 6, 'Detalle 449', 32888.31, 'gasto', 117, 1);
INSERT INTO detalle_cuenta_unidad (id, cuenta_cobro_unidad_id, categoria_id, glosa, monto, origen, origen_id, iva_incluido) VALUES (450, 162, 17, 'Detalle 450', 41964.48, 'consumo', 162, 1);
INSERT INTO detalle_cuenta_unidad (id, cuenta_cobro_unidad_id, categoria_id, glosa, monto, origen, origen_id, iva_incluido) VALUES (451, 10, 14, 'Detalle 451', 10524.13, 'gasto', 49, 1);
INSERT INTO detalle_cuenta_unidad (id, cuenta_cobro_unidad_id, categoria_id, glosa, monto, origen, origen_id, iva_incluido) VALUES (452, 216, 18, 'Detalle 452', 41362.17, 'consumo', 5, 1);
INSERT INTO detalle_cuenta_unidad (id, cuenta_cobro_unidad_id, categoria_id, glosa, monto, origen, origen_id, iva_incluido) VALUES (453, 63, 5, 'Detalle 453', 37248.89, 'consumo', 101, 1);
INSERT INTO detalle_cuenta_unidad (id, cuenta_cobro_unidad_id, categoria_id, glosa, monto, origen, origen_id, iva_incluido) VALUES (454, 68, 16, 'Detalle 454', 13328.82, 'consumo', 255, 1);
INSERT INTO detalle_cuenta_unidad (id, cuenta_cobro_unidad_id, categoria_id, glosa, monto, origen, origen_id, iva_incluido) VALUES (455, 73, 5, 'Detalle 455', 15921.51, 'consumo', 110, 1);
INSERT INTO detalle_cuenta_unidad (id, cuenta_cobro_unidad_id, categoria_id, glosa, monto, origen, origen_id, iva_incluido) VALUES (456, 1, 14, 'Detalle 456', 8699.37, 'consumo', 92, 1);
INSERT INTO detalle_cuenta_unidad (id, cuenta_cobro_unidad_id, categoria_id, glosa, monto, origen, origen_id, iva_incluido) VALUES (457, 10, 14, 'Detalle 457', 42838.99, 'gasto', 162, 1);
INSERT INTO detalle_cuenta_unidad (id, cuenta_cobro_unidad_id, categoria_id, glosa, monto, origen, origen_id, iva_incluido) VALUES (458, 150, 8, 'Detalle 458', 40074.3, 'gasto', 136, 1);
INSERT INTO detalle_cuenta_unidad (id, cuenta_cobro_unidad_id, categoria_id, glosa, monto, origen, origen_id, iva_incluido) VALUES (459, 169, 6, 'Detalle 459', 53283.93, 'consumo', 150, 1);
INSERT INTO detalle_cuenta_unidad (id, cuenta_cobro_unidad_id, categoria_id, glosa, monto, origen, origen_id, iva_incluido) VALUES (460, 172, 16, 'Detalle 460', 31962.21, 'gasto', 154, 1);
INSERT INTO detalle_cuenta_unidad (id, cuenta_cobro_unidad_id, categoria_id, glosa, monto, origen, origen_id, iva_incluido) VALUES (461, 92, 18, 'Detalle 461', 31452.75, 'consumo', 113, 1);
INSERT INTO detalle_cuenta_unidad (id, cuenta_cobro_unidad_id, categoria_id, glosa, monto, origen, origen_id, iva_incluido) VALUES (462, 29, 10, 'Detalle 462', 28077.67, 'gasto', 84, 1);
INSERT INTO detalle_cuenta_unidad (id, cuenta_cobro_unidad_id, categoria_id, glosa, monto, origen, origen_id, iva_incluido) VALUES (463, 64, 14, 'Detalle 463', 11370.05, 'gasto', 82, 1);
INSERT INTO detalle_cuenta_unidad (id, cuenta_cobro_unidad_id, categoria_id, glosa, monto, origen, origen_id, iva_incluido) VALUES (464, 170, 4, 'Detalle 464', 24116.82, 'gasto', 33, 1);
INSERT INTO detalle_cuenta_unidad (id, cuenta_cobro_unidad_id, categoria_id, glosa, monto, origen, origen_id, iva_incluido) VALUES (465, 199, 16, 'Detalle 465', 51206.65, 'gasto', 154, 1);
INSERT INTO detalle_cuenta_unidad (id, cuenta_cobro_unidad_id, categoria_id, glosa, monto, origen, origen_id, iva_incluido) VALUES (466, 106, 8, 'Detalle 466', 6592.94, 'gasto', 130, 1);
INSERT INTO detalle_cuenta_unidad (id, cuenta_cobro_unidad_id, categoria_id, glosa, monto, origen, origen_id, iva_incluido) VALUES (467, 56, 14, 'Detalle 467', 8344.18, 'gasto', 67, 1);
INSERT INTO detalle_cuenta_unidad (id, cuenta_cobro_unidad_id, categoria_id, glosa, monto, origen, origen_id, iva_incluido) VALUES (468, 173, 11, 'Detalle 468', 27617.6, 'gasto', 109, 1);
INSERT INTO detalle_cuenta_unidad (id, cuenta_cobro_unidad_id, categoria_id, glosa, monto, origen, origen_id, iva_incluido) VALUES (469, 103, 9, 'Detalle 469', 55180.28, 'gasto', 125, 1);
INSERT INTO detalle_cuenta_unidad (id, cuenta_cobro_unidad_id, categoria_id, glosa, monto, origen, origen_id, iva_incluido) VALUES (470, 187, 8, 'Detalle 470', 23691.29, 'consumo', 158, 1);
INSERT INTO detalle_cuenta_unidad (id, cuenta_cobro_unidad_id, categoria_id, glosa, monto, origen, origen_id, iva_incluido) VALUES (471, 115, 14, 'Detalle 471', 17172.05, 'consumo', 106, 1);
INSERT INTO detalle_cuenta_unidad (id, cuenta_cobro_unidad_id, categoria_id, glosa, monto, origen, origen_id, iva_incluido) VALUES (472, 200, 4, 'Detalle 472', 57133.28, 'gasto', 34, 1);
INSERT INTO detalle_cuenta_unidad (id, cuenta_cobro_unidad_id, categoria_id, glosa, monto, origen, origen_id, iva_incluido) VALUES (473, 155, 18, 'Detalle 473', 6095.6, 'consumo', 195, 1);
INSERT INTO detalle_cuenta_unidad (id, cuenta_cobro_unidad_id, categoria_id, glosa, monto, origen, origen_id, iva_incluido) VALUES (474, 24, 11, 'Detalle 474', 55172.57, 'consumo', 26, 1);
INSERT INTO detalle_cuenta_unidad (id, cuenta_cobro_unidad_id, categoria_id, glosa, monto, origen, origen_id, iva_incluido) VALUES (475, 133, 7, 'Detalle 475', 24915.38, 'consumo', 81, 1);
INSERT INTO detalle_cuenta_unidad (id, cuenta_cobro_unidad_id, categoria_id, glosa, monto, origen, origen_id, iva_incluido) VALUES (476, 215, 18, 'Detalle 476', 26753.95, 'consumo', 149, 1);
INSERT INTO detalle_cuenta_unidad (id, cuenta_cobro_unidad_id, categoria_id, glosa, monto, origen, origen_id, iva_incluido) VALUES (477, 206, 6, 'Detalle 477', 55085.96, 'gasto', 106, 1);
INSERT INTO detalle_cuenta_unidad (id, cuenta_cobro_unidad_id, categoria_id, glosa, monto, origen, origen_id, iva_incluido) VALUES (478, 56, 18, 'Detalle 478', 45333.39, 'consumo', 19, 1);
INSERT INTO detalle_cuenta_unidad (id, cuenta_cobro_unidad_id, categoria_id, glosa, monto, origen, origen_id, iva_incluido) VALUES (479, 217, 1, 'Detalle 479', 46531.7, 'consumo', 257, 1);
INSERT INTO detalle_cuenta_unidad (id, cuenta_cobro_unidad_id, categoria_id, glosa, monto, origen, origen_id, iva_incluido) VALUES (480, 102, 16, 'Detalle 480', 7325.68, 'gasto', 78, 1);
INSERT INTO detalle_cuenta_unidad (id, cuenta_cobro_unidad_id, categoria_id, glosa, monto, origen, origen_id, iva_incluido) VALUES (481, 7, 8, 'Detalle 481', 39735.55, 'consumo', 18, 1);
INSERT INTO detalle_cuenta_unidad (id, cuenta_cobro_unidad_id, categoria_id, glosa, monto, origen, origen_id, iva_incluido) VALUES (482, 70, 4, 'Detalle 482', 49714.77, 'gasto', 168, 1);
INSERT INTO detalle_cuenta_unidad (id, cuenta_cobro_unidad_id, categoria_id, glosa, monto, origen, origen_id, iva_incluido) VALUES (483, 103, 5, 'Detalle 483', 50006.27, 'gasto', 22, 1);
INSERT INTO detalle_cuenta_unidad (id, cuenta_cobro_unidad_id, categoria_id, glosa, monto, origen, origen_id, iva_incluido) VALUES (484, 20, 3, 'Detalle 484', 32748.03, 'gasto', 6, 1);
INSERT INTO detalle_cuenta_unidad (id, cuenta_cobro_unidad_id, categoria_id, glosa, monto, origen, origen_id, iva_incluido) VALUES (485, 4, 18, 'Detalle 485', 38267.95, 'consumo', 49, 1);
INSERT INTO detalle_cuenta_unidad (id, cuenta_cobro_unidad_id, categoria_id, glosa, monto, origen, origen_id, iva_incluido) VALUES (486, 189, 19, 'Detalle 486', 48594.1, 'consumo', 160, 1);
INSERT INTO detalle_cuenta_unidad (id, cuenta_cobro_unidad_id, categoria_id, glosa, monto, origen, origen_id, iva_incluido) VALUES (487, 201, 11, 'Detalle 487', 28383.4, 'consumo', 155, 1);
INSERT INTO detalle_cuenta_unidad (id, cuenta_cobro_unidad_id, categoria_id, glosa, monto, origen, origen_id, iva_incluido) VALUES (488, 71, 15, 'Detalle 488', 16146.67, 'gasto', 168, 1);
INSERT INTO detalle_cuenta_unidad (id, cuenta_cobro_unidad_id, categoria_id, glosa, monto, origen, origen_id, iva_incluido) VALUES (489, 148, 16, 'Detalle 489', 25711.94, 'gasto', 24, 1);
INSERT INTO detalle_cuenta_unidad (id, cuenta_cobro_unidad_id, categoria_id, glosa, monto, origen, origen_id, iva_incluido) VALUES (490, 57, 14, 'Detalle 490', 35854.79, 'gasto', 73, 1);
INSERT INTO detalle_cuenta_unidad (id, cuenta_cobro_unidad_id, categoria_id, glosa, monto, origen, origen_id, iva_incluido) VALUES (491, 180, 18, 'Detalle 491', 32862.64, 'gasto', 5, 1);
INSERT INTO detalle_cuenta_unidad (id, cuenta_cobro_unidad_id, categoria_id, glosa, monto, origen, origen_id, iva_incluido) VALUES (492, 128, 13, 'Detalle 492', 57330.16, 'consumo', 232, 1);
INSERT INTO detalle_cuenta_unidad (id, cuenta_cobro_unidad_id, categoria_id, glosa, monto, origen, origen_id, iva_incluido) VALUES (493, 58, 19, 'Detalle 493', 58635.48, 'gasto', 60, 1);
INSERT INTO detalle_cuenta_unidad (id, cuenta_cobro_unidad_id, categoria_id, glosa, monto, origen, origen_id, iva_incluido) VALUES (494, 115, 12, 'Detalle 494', 31224.35, 'consumo', 160, 1);
INSERT INTO detalle_cuenta_unidad (id, cuenta_cobro_unidad_id, categoria_id, glosa, monto, origen, origen_id, iva_incluido) VALUES (495, 86, 5, 'Detalle 495', 49532.44, 'consumo', 49, 1);
INSERT INTO detalle_cuenta_unidad (id, cuenta_cobro_unidad_id, categoria_id, glosa, monto, origen, origen_id, iva_incluido) VALUES (496, 144, 6, 'Detalle 496', 16422.5, 'gasto', 152, 1);
INSERT INTO detalle_cuenta_unidad (id, cuenta_cobro_unidad_id, categoria_id, glosa, monto, origen, origen_id, iva_incluido) VALUES (497, 64, 3, 'Detalle 497', 12773.18, 'gasto', 134, 1);
INSERT INTO detalle_cuenta_unidad (id, cuenta_cobro_unidad_id, categoria_id, glosa, monto, origen, origen_id, iva_incluido) VALUES (498, 186, 19, 'Detalle 498', 46831.99, 'consumo', 253, 1);
INSERT INTO detalle_cuenta_unidad (id, cuenta_cobro_unidad_id, categoria_id, glosa, monto, origen, origen_id, iva_incluido) VALUES (499, 65, 14, 'Detalle 499', 22130.02, 'gasto', 39, 1);
INSERT INTO detalle_cuenta_unidad (id, cuenta_cobro_unidad_id, categoria_id, glosa, monto, origen, origen_id, iva_incluido) VALUES (500, 10, 11, 'Detalle 500', 42894.87, 'gasto', 2, 1);

-- Pagos
INSERT INTO pago (id, comunidad_id, unidad_id, persona_id, fecha, monto, medio, referencia, estado, comprobante_num) VALUES (1, 3, 177, 54, '2025-10-19', 60616.85, 'webpay', 'REF-00001', 'rechazado', 'CMP-00001');
INSERT INTO pago (id, comunidad_id, unidad_id, persona_id, fecha, monto, medio, referencia, estado, comprobante_num) VALUES (2, 4, 81, 167, '2025-09-16', 38965.42, 'efectivo', 'REF-00002', 'aplicado', 'CMP-00002');
INSERT INTO pago (id, comunidad_id, unidad_id, persona_id, fecha, monto, medio, referencia, estado, comprobante_num) VALUES (3, 5, 143, 190, '2025-10-17', 17329.09, 'transferencia', 'REF-00003', 'aplicado', 'CMP-00003');
INSERT INTO pago (id, comunidad_id, unidad_id, persona_id, fecha, monto, medio, referencia, estado, comprobante_num) VALUES (4, 1, 97, 33, '2025-10-19', 11226.21, 'efectivo', 'REF-00004', 'rechazado', 'CMP-00004');
INSERT INTO pago (id, comunidad_id, unidad_id, persona_id, fecha, monto, medio, referencia, estado, comprobante_num) VALUES (5, 1, 43, 51, '2025-09-29', 88277.43, 'transferencia', 'REF-00005', 'pendiente', 'CMP-00005');
INSERT INTO pago (id, comunidad_id, unidad_id, persona_id, fecha, monto, medio, referencia, estado, comprobante_num) VALUES (6, 4, 127, 44, '2025-10-11', 82283.83, 'webpay', 'REF-00006', 'pendiente', 'CMP-00006');
INSERT INTO pago (id, comunidad_id, unidad_id, persona_id, fecha, monto, medio, referencia, estado, comprobante_num) VALUES (7, 5, 108, 103, '2025-09-01', 36707.59, 'webpay', 'REF-00007', 'aplicado', 'CMP-00007');
INSERT INTO pago (id, comunidad_id, unidad_id, persona_id, fecha, monto, medio, referencia, estado, comprobante_num) VALUES (8, 3, 134, 83, '2025-10-10', 90059.06, 'efectivo', 'REF-00008', 'rechazado', 'CMP-00008');
INSERT INTO pago (id, comunidad_id, unidad_id, persona_id, fecha, monto, medio, referencia, estado, comprobante_num) VALUES (9, 2, 37, 75, '2025-10-04', 71652.15, 'efectivo', 'REF-00009', 'rechazado', 'CMP-00009');
INSERT INTO pago (id, comunidad_id, unidad_id, persona_id, fecha, monto, medio, referencia, estado, comprobante_num) VALUES (10, 3, 133, 155, '2025-09-17', 52489.9, 'transferencia', 'REF-00010', 'aplicado', 'CMP-00010');
INSERT INTO pago (id, comunidad_id, unidad_id, persona_id, fecha, monto, medio, referencia, estado, comprobante_num) VALUES (11, 2, 43, 135, '2025-10-16', 84646.72, 'transferencia', 'REF-00011', 'aplicado', 'CMP-00011');
INSERT INTO pago (id, comunidad_id, unidad_id, persona_id, fecha, monto, medio, referencia, estado, comprobante_num) VALUES (12, 4, 46, 39, '2025-10-01', 16034.32, 'transferencia', 'REF-00012', 'aplicado', 'CMP-00012');
INSERT INTO pago (id, comunidad_id, unidad_id, persona_id, fecha, monto, medio, referencia, estado, comprobante_num) VALUES (13, 2, 52, 178, '2025-09-07', 58395.83, 'webpay', 'REF-00013', 'pendiente', 'CMP-00013');
INSERT INTO pago (id, comunidad_id, unidad_id, persona_id, fecha, monto, medio, referencia, estado, comprobante_num) VALUES (14, 1, 160, 120, '2025-10-09', 24080.77, 'webpay', 'REF-00014', 'rechazado', 'CMP-00014');
INSERT INTO pago (id, comunidad_id, unidad_id, persona_id, fecha, monto, medio, referencia, estado, comprobante_num) VALUES (15, 5, 58, 89, '2025-10-11', 11271.65, 'transferencia', 'REF-00015', 'aplicado', 'CMP-00015');
INSERT INTO pago (id, comunidad_id, unidad_id, persona_id, fecha, monto, medio, referencia, estado, comprobante_num) VALUES (16, 3, 110, 150, '2025-10-17', 37517.53, 'efectivo', 'REF-00016', 'aplicado', 'CMP-00016');
INSERT INTO pago (id, comunidad_id, unidad_id, persona_id, fecha, monto, medio, referencia, estado, comprobante_num) VALUES (17, 3, 144, 139, '2025-10-12', 69343.08, 'transferencia', 'REF-00017', 'rechazado', 'CMP-00017');
INSERT INTO pago (id, comunidad_id, unidad_id, persona_id, fecha, monto, medio, referencia, estado, comprobante_num) VALUES (18, 2, 27, 188, '2025-09-14', 35198.7, 'webpay', 'REF-00018', 'rechazado', 'CMP-00018');
INSERT INTO pago (id, comunidad_id, unidad_id, persona_id, fecha, monto, medio, referencia, estado, comprobante_num) VALUES (19, 1, 33, 134, '2025-10-08', 68034.71, 'webpay', 'REF-00019', 'aplicado', 'CMP-00019');
INSERT INTO pago (id, comunidad_id, unidad_id, persona_id, fecha, monto, medio, referencia, estado, comprobante_num) VALUES (20, 5, 198, 152, '2025-10-09', 34951.38, 'efectivo', 'REF-00020', 'rechazado', 'CMP-00020');
INSERT INTO pago (id, comunidad_id, unidad_id, persona_id, fecha, monto, medio, referencia, estado, comprobante_num) VALUES (21, 4, 54, 44, '2025-09-01', 80502.84, 'transferencia', 'REF-00021', 'pendiente', 'CMP-00021');
INSERT INTO pago (id, comunidad_id, unidad_id, persona_id, fecha, monto, medio, referencia, estado, comprobante_num) VALUES (22, 5, 38, 37, '2025-09-11', 52791.76, 'transferencia', 'REF-00022', 'aplicado', 'CMP-00022');
INSERT INTO pago (id, comunidad_id, unidad_id, persona_id, fecha, monto, medio, referencia, estado, comprobante_num) VALUES (23, 1, 14, 36, '2025-10-03', 82651.09, 'webpay', 'REF-00023', 'rechazado', 'CMP-00023');
INSERT INTO pago (id, comunidad_id, unidad_id, persona_id, fecha, monto, medio, referencia, estado, comprobante_num) VALUES (24, 4, 84, 78, '2025-10-03', 78400.67, 'transferencia', 'REF-00024', 'rechazado', 'CMP-00024');
INSERT INTO pago (id, comunidad_id, unidad_id, persona_id, fecha, monto, medio, referencia, estado, comprobante_num) VALUES (25, 4, 97, 199, '2025-09-25', 73562.01, 'webpay', 'REF-00025', 'aplicado', 'CMP-00025');
INSERT INTO pago (id, comunidad_id, unidad_id, persona_id, fecha, monto, medio, referencia, estado, comprobante_num) VALUES (26, 5, 82, 136, '2025-09-06', 89495.7, 'transferencia', 'REF-00026', 'pendiente', 'CMP-00026');
INSERT INTO pago (id, comunidad_id, unidad_id, persona_id, fecha, monto, medio, referencia, estado, comprobante_num) VALUES (27, 3, 183, 37, '2025-10-24', 49351.89, 'webpay', 'REF-00027', 'aplicado', 'CMP-00027');
INSERT INTO pago (id, comunidad_id, unidad_id, persona_id, fecha, monto, medio, referencia, estado, comprobante_num) VALUES (28, 3, 176, 31, '2025-10-06', 90978.59, 'efectivo', 'REF-00028', 'aplicado', 'CMP-00028');
INSERT INTO pago (id, comunidad_id, unidad_id, persona_id, fecha, monto, medio, referencia, estado, comprobante_num) VALUES (29, 2, 7, 94, '2025-10-25', 51946.83, 'efectivo', 'REF-00029', 'aplicado', 'CMP-00029');
INSERT INTO pago (id, comunidad_id, unidad_id, persona_id, fecha, monto, medio, referencia, estado, comprobante_num) VALUES (30, 4, 55, 158, '2025-10-06', 88866.54, 'transferencia', 'REF-00030', 'aplicado', 'CMP-00030');
INSERT INTO pago (id, comunidad_id, unidad_id, persona_id, fecha, monto, medio, referencia, estado, comprobante_num) VALUES (31, 3, 46, 192, '2025-09-01', 27625.25, 'webpay', 'REF-00031', 'rechazado', 'CMP-00031');
INSERT INTO pago (id, comunidad_id, unidad_id, persona_id, fecha, monto, medio, referencia, estado, comprobante_num) VALUES (32, 2, 2, 151, '2025-09-20', 39560.64, 'webpay', 'REF-00032', 'aplicado', 'CMP-00032');
INSERT INTO pago (id, comunidad_id, unidad_id, persona_id, fecha, monto, medio, referencia, estado, comprobante_num) VALUES (33, 5, 4, 156, '2025-09-18', 13017.54, 'webpay', 'REF-00033', 'rechazado', 'CMP-00033');
INSERT INTO pago (id, comunidad_id, unidad_id, persona_id, fecha, monto, medio, referencia, estado, comprobante_num) VALUES (34, 4, 102, 12, '2025-10-15', 73383.8, 'webpay', 'REF-00034', 'rechazado', 'CMP-00034');
INSERT INTO pago (id, comunidad_id, unidad_id, persona_id, fecha, monto, medio, referencia, estado, comprobante_num) VALUES (35, 1, 147, 8, '2025-10-26', 74622.66, 'webpay', 'REF-00035', 'rechazado', 'CMP-00035');
INSERT INTO pago (id, comunidad_id, unidad_id, persona_id, fecha, monto, medio, referencia, estado, comprobante_num) VALUES (36, 4, 126, 45, '2025-10-01', 77494.24, 'efectivo', 'REF-00036', 'rechazado', 'CMP-00036');
INSERT INTO pago (id, comunidad_id, unidad_id, persona_id, fecha, monto, medio, referencia, estado, comprobante_num) VALUES (37, 1, 10, 95, '2025-09-02', 65162.84, 'efectivo', 'REF-00037', 'pendiente', 'CMP-00037');
INSERT INTO pago (id, comunidad_id, unidad_id, persona_id, fecha, monto, medio, referencia, estado, comprobante_num) VALUES (38, 2, 34, 22, '2025-09-27', 85065.8, 'transferencia', 'REF-00038', 'pendiente', 'CMP-00038');
INSERT INTO pago (id, comunidad_id, unidad_id, persona_id, fecha, monto, medio, referencia, estado, comprobante_num) VALUES (39, 4, 164, 182, '2025-09-04', 38281.29, 'efectivo', 'REF-00039', 'aplicado', 'CMP-00039');
INSERT INTO pago (id, comunidad_id, unidad_id, persona_id, fecha, monto, medio, referencia, estado, comprobante_num) VALUES (40, 2, 168, 158, '2025-10-18', 11500.7, 'efectivo', 'REF-00040', 'aplicado', 'CMP-00040');
INSERT INTO pago (id, comunidad_id, unidad_id, persona_id, fecha, monto, medio, referencia, estado, comprobante_num) VALUES (41, 2, 151, 185, '2025-10-31', 42963.09, 'transferencia', 'REF-00041', 'rechazado', 'CMP-00041');
INSERT INTO pago (id, comunidad_id, unidad_id, persona_id, fecha, monto, medio, referencia, estado, comprobante_num) VALUES (42, 4, 107, 171, '2025-10-13', 15533.51, 'transferencia', 'REF-00042', 'rechazado', 'CMP-00042');
INSERT INTO pago (id, comunidad_id, unidad_id, persona_id, fecha, monto, medio, referencia, estado, comprobante_num) VALUES (43, 2, 187, 69, '2025-09-06', 25532.67, 'transferencia', 'REF-00043', 'aplicado', 'CMP-00043');
INSERT INTO pago (id, comunidad_id, unidad_id, persona_id, fecha, monto, medio, referencia, estado, comprobante_num) VALUES (44, 5, 51, 177, '2025-10-03', 46832.64, 'efectivo', 'REF-00044', 'rechazado', 'CMP-00044');
INSERT INTO pago (id, comunidad_id, unidad_id, persona_id, fecha, monto, medio, referencia, estado, comprobante_num) VALUES (45, 1, 80, 71, '2025-10-06', 41561.63, 'webpay', 'REF-00045', 'aplicado', 'CMP-00045');
INSERT INTO pago (id, comunidad_id, unidad_id, persona_id, fecha, monto, medio, referencia, estado, comprobante_num) VALUES (46, 5, 179, 23, '2025-10-07', 93724.56, 'transferencia', 'REF-00046', 'pendiente', 'CMP-00046');
INSERT INTO pago (id, comunidad_id, unidad_id, persona_id, fecha, monto, medio, referencia, estado, comprobante_num) VALUES (47, 1, 47, 187, '2025-09-06', 26709.3, 'efectivo', 'REF-00047', 'rechazado', 'CMP-00047');
INSERT INTO pago (id, comunidad_id, unidad_id, persona_id, fecha, monto, medio, referencia, estado, comprobante_num) VALUES (48, 1, 197, 44, '2025-10-21', 10939.48, 'efectivo', 'REF-00048', 'aplicado', 'CMP-00048');
INSERT INTO pago (id, comunidad_id, unidad_id, persona_id, fecha, monto, medio, referencia, estado, comprobante_num) VALUES (49, 4, 21, 186, '2025-10-31', 32205.89, 'efectivo', 'REF-00049', 'rechazado', 'CMP-00049');
INSERT INTO pago (id, comunidad_id, unidad_id, persona_id, fecha, monto, medio, referencia, estado, comprobante_num) VALUES (50, 2, 192, 194, '2025-10-18', 21946.13, 'transferencia', 'REF-00050', 'aplicado', 'CMP-00050');
INSERT INTO pago (id, comunidad_id, unidad_id, persona_id, fecha, monto, medio, referencia, estado, comprobante_num) VALUES (51, 3, 46, 72, '2025-09-09', 60853.6, 'webpay', 'REF-00051', 'pendiente', 'CMP-00051');
INSERT INTO pago (id, comunidad_id, unidad_id, persona_id, fecha, monto, medio, referencia, estado, comprobante_num) VALUES (52, 2, 70, 52, '2025-09-12', 98135.04, 'webpay', 'REF-00052', 'rechazado', 'CMP-00052');
INSERT INTO pago (id, comunidad_id, unidad_id, persona_id, fecha, monto, medio, referencia, estado, comprobante_num) VALUES (53, 4, 68, 24, '2025-10-02', 41963.78, 'webpay', 'REF-00053', 'aplicado', 'CMP-00053');
INSERT INTO pago (id, comunidad_id, unidad_id, persona_id, fecha, monto, medio, referencia, estado, comprobante_num) VALUES (54, 5, 116, 162, '2025-10-14', 84855.74, 'transferencia', 'REF-00054', 'rechazado', 'CMP-00054');
INSERT INTO pago (id, comunidad_id, unidad_id, persona_id, fecha, monto, medio, referencia, estado, comprobante_num) VALUES (55, 4, 40, 138, '2025-10-07', 28959.65, 'efectivo', 'REF-00055', 'aplicado', 'CMP-00055');
INSERT INTO pago (id, comunidad_id, unidad_id, persona_id, fecha, monto, medio, referencia, estado, comprobante_num) VALUES (56, 3, 166, 175, '2025-10-21', 35982.01, 'webpay', 'REF-00056', 'rechazado', 'CMP-00056');
INSERT INTO pago (id, comunidad_id, unidad_id, persona_id, fecha, monto, medio, referencia, estado, comprobante_num) VALUES (57, 5, 142, 191, '2025-10-21', 34205.51, 'efectivo', 'REF-00057', 'pendiente', 'CMP-00057');
INSERT INTO pago (id, comunidad_id, unidad_id, persona_id, fecha, monto, medio, referencia, estado, comprobante_num) VALUES (58, 3, 56, 120, '2025-09-17', 12830.32, 'transferencia', 'REF-00058', 'rechazado', 'CMP-00058');
INSERT INTO pago (id, comunidad_id, unidad_id, persona_id, fecha, monto, medio, referencia, estado, comprobante_num) VALUES (59, 2, 122, 36, '2025-09-30', 62813.87, 'webpay', 'REF-00059', 'rechazado', 'CMP-00059');
INSERT INTO pago (id, comunidad_id, unidad_id, persona_id, fecha, monto, medio, referencia, estado, comprobante_num) VALUES (60, 4, 169, 151, '2025-10-28', 13046.48, 'efectivo', 'REF-00060', 'pendiente', 'CMP-00060');
INSERT INTO pago (id, comunidad_id, unidad_id, persona_id, fecha, monto, medio, referencia, estado, comprobante_num) VALUES (61, 3, 3, 41, '2025-09-27', 52794.63, 'webpay', 'REF-00061', 'rechazado', 'CMP-00061');
INSERT INTO pago (id, comunidad_id, unidad_id, persona_id, fecha, monto, medio, referencia, estado, comprobante_num) VALUES (62, 1, 48, 92, '2025-09-20', 24647.11, 'efectivo', 'REF-00062', 'pendiente', 'CMP-00062');
INSERT INTO pago (id, comunidad_id, unidad_id, persona_id, fecha, monto, medio, referencia, estado, comprobante_num) VALUES (63, 1, 113, 158, '2025-09-30', 63421.73, 'efectivo', 'REF-00063', 'aplicado', 'CMP-00063');
INSERT INTO pago (id, comunidad_id, unidad_id, persona_id, fecha, monto, medio, referencia, estado, comprobante_num) VALUES (64, 4, 122, 63, '2025-09-17', 75103.52, 'efectivo', 'REF-00064', 'aplicado', 'CMP-00064');
INSERT INTO pago (id, comunidad_id, unidad_id, persona_id, fecha, monto, medio, referencia, estado, comprobante_num) VALUES (65, 4, 174, 103, '2025-09-20', 13611.61, 'transferencia', 'REF-00065', 'rechazado', 'CMP-00065');
INSERT INTO pago (id, comunidad_id, unidad_id, persona_id, fecha, monto, medio, referencia, estado, comprobante_num) VALUES (66, 1, 108, 110, '2025-10-20', 34242.49, 'efectivo', 'REF-00066', 'aplicado', 'CMP-00066');
INSERT INTO pago (id, comunidad_id, unidad_id, persona_id, fecha, monto, medio, referencia, estado, comprobante_num) VALUES (67, 5, 8, 42, '2025-10-03', 24974.63, 'webpay', 'REF-00067', 'rechazado', 'CMP-00067');
INSERT INTO pago (id, comunidad_id, unidad_id, persona_id, fecha, monto, medio, referencia, estado, comprobante_num) VALUES (68, 5, 51, 146, '2025-10-19', 22559.43, 'efectivo', 'REF-00068', 'aplicado', 'CMP-00068');
INSERT INTO pago (id, comunidad_id, unidad_id, persona_id, fecha, monto, medio, referencia, estado, comprobante_num) VALUES (69, 1, 24, 80, '2025-10-21', 78924.08, 'webpay', 'REF-00069', 'aplicado', 'CMP-00069');
INSERT INTO pago (id, comunidad_id, unidad_id, persona_id, fecha, monto, medio, referencia, estado, comprobante_num) VALUES (70, 4, 43, 118, '2025-09-01', 69274.77, 'transferencia', 'REF-00070', 'pendiente', 'CMP-00070');
INSERT INTO pago (id, comunidad_id, unidad_id, persona_id, fecha, monto, medio, referencia, estado, comprobante_num) VALUES (71, 3, 79, 21, '2025-09-12', 31256.52, 'transferencia', 'REF-00071', 'aplicado', 'CMP-00071');
INSERT INTO pago (id, comunidad_id, unidad_id, persona_id, fecha, monto, medio, referencia, estado, comprobante_num) VALUES (72, 1, 186, 63, '2025-09-10', 71624.22, 'webpay', 'REF-00072', 'pendiente', 'CMP-00072');
INSERT INTO pago (id, comunidad_id, unidad_id, persona_id, fecha, monto, medio, referencia, estado, comprobante_num) VALUES (73, 4, 41, 89, '2025-09-07', 52372.06, 'efectivo', 'REF-00073', 'aplicado', 'CMP-00073');
INSERT INTO pago (id, comunidad_id, unidad_id, persona_id, fecha, monto, medio, referencia, estado, comprobante_num) VALUES (74, 2, 121, 172, '2025-09-25', 84821.23, 'efectivo', 'REF-00074', 'pendiente', 'CMP-00074');
INSERT INTO pago (id, comunidad_id, unidad_id, persona_id, fecha, monto, medio, referencia, estado, comprobante_num) VALUES (75, 1, 100, 33, '2025-09-21', 78673.99, 'transferencia', 'REF-00075', 'aplicado', 'CMP-00075');
INSERT INTO pago (id, comunidad_id, unidad_id, persona_id, fecha, monto, medio, referencia, estado, comprobante_num) VALUES (76, 3, 73, 173, '2025-10-17', 88541.54, 'efectivo', 'REF-00076', 'aplicado', 'CMP-00076');
INSERT INTO pago (id, comunidad_id, unidad_id, persona_id, fecha, monto, medio, referencia, estado, comprobante_num) VALUES (77, 5, 19, 89, '2025-10-02', 70288.9, 'efectivo', 'REF-00077', 'pendiente', 'CMP-00077');
INSERT INTO pago (id, comunidad_id, unidad_id, persona_id, fecha, monto, medio, referencia, estado, comprobante_num) VALUES (78, 2, 156, 46, '2025-10-20', 31164.18, 'webpay', 'REF-00078', 'aplicado', 'CMP-00078');
INSERT INTO pago (id, comunidad_id, unidad_id, persona_id, fecha, monto, medio, referencia, estado, comprobante_num) VALUES (79, 5, 1, 157, '2025-10-09', 77651.6, 'transferencia', 'REF-00079', 'rechazado', 'CMP-00079');
INSERT INTO pago (id, comunidad_id, unidad_id, persona_id, fecha, monto, medio, referencia, estado, comprobante_num) VALUES (80, 2, 36, 128, '2025-09-13', 13982.31, 'webpay', 'REF-00080', 'aplicado', 'CMP-00080');
INSERT INTO pago (id, comunidad_id, unidad_id, persona_id, fecha, monto, medio, referencia, estado, comprobante_num) VALUES (81, 1, 87, 99, '2025-10-12', 26188.81, 'transferencia', 'REF-00081', 'aplicado', 'CMP-00081');
INSERT INTO pago (id, comunidad_id, unidad_id, persona_id, fecha, monto, medio, referencia, estado, comprobante_num) VALUES (82, 3, 100, 173, '2025-10-23', 53258.69, 'webpay', 'REF-00082', 'aplicado', 'CMP-00082');
INSERT INTO pago (id, comunidad_id, unidad_id, persona_id, fecha, monto, medio, referencia, estado, comprobante_num) VALUES (83, 2, 42, 102, '2025-10-14', 56561.37, 'transferencia', 'REF-00083', 'aplicado', 'CMP-00083');
INSERT INTO pago (id, comunidad_id, unidad_id, persona_id, fecha, monto, medio, referencia, estado, comprobante_num) VALUES (84, 1, 89, 176, '2025-10-17', 19126.46, 'webpay', 'REF-00084', 'pendiente', 'CMP-00084');
INSERT INTO pago (id, comunidad_id, unidad_id, persona_id, fecha, monto, medio, referencia, estado, comprobante_num) VALUES (85, 2, 82, 33, '2025-10-07', 55627.34, 'efectivo', 'REF-00085', 'aplicado', 'CMP-00085');
INSERT INTO pago (id, comunidad_id, unidad_id, persona_id, fecha, monto, medio, referencia, estado, comprobante_num) VALUES (86, 1, 125, 168, '2025-10-13', 46153.31, 'transferencia', 'REF-00086', 'aplicado', 'CMP-00086');
INSERT INTO pago (id, comunidad_id, unidad_id, persona_id, fecha, monto, medio, referencia, estado, comprobante_num) VALUES (87, 4, 67, 190, '2025-10-11', 20436.26, 'webpay', 'REF-00087', 'rechazado', 'CMP-00087');
INSERT INTO pago (id, comunidad_id, unidad_id, persona_id, fecha, monto, medio, referencia, estado, comprobante_num) VALUES (88, 3, 200, 122, '2025-10-16', 40155.72, 'efectivo', 'REF-00088', 'aplicado', 'CMP-00088');
INSERT INTO pago (id, comunidad_id, unidad_id, persona_id, fecha, monto, medio, referencia, estado, comprobante_num) VALUES (89, 1, 46, 109, '2025-10-05', 78364.97, 'efectivo', 'REF-00089', 'pendiente', 'CMP-00089');
INSERT INTO pago (id, comunidad_id, unidad_id, persona_id, fecha, monto, medio, referencia, estado, comprobante_num) VALUES (90, 2, 2, 87, '2025-10-31', 94075.94, 'efectivo', 'REF-00090', 'aplicado', 'CMP-00090');
INSERT INTO pago (id, comunidad_id, unidad_id, persona_id, fecha, monto, medio, referencia, estado, comprobante_num) VALUES (91, 2, 132, 158, '2025-10-17', 88498.47, 'webpay', 'REF-00091', 'pendiente', 'CMP-00091');
INSERT INTO pago (id, comunidad_id, unidad_id, persona_id, fecha, monto, medio, referencia, estado, comprobante_num) VALUES (92, 4, 73, 11, '2025-09-08', 88110.7, 'webpay', 'REF-00092', 'aplicado', 'CMP-00092');
INSERT INTO pago (id, comunidad_id, unidad_id, persona_id, fecha, monto, medio, referencia, estado, comprobante_num) VALUES (93, 1, 154, 176, '2025-09-24', 32709.41, 'webpay', 'REF-00093', 'rechazado', 'CMP-00093');
INSERT INTO pago (id, comunidad_id, unidad_id, persona_id, fecha, monto, medio, referencia, estado, comprobante_num) VALUES (94, 3, 197, 7, '2025-10-05', 34051.2, 'webpay', 'REF-00094', 'aplicado', 'CMP-00094');
INSERT INTO pago (id, comunidad_id, unidad_id, persona_id, fecha, monto, medio, referencia, estado, comprobante_num) VALUES (95, 4, 5, 115, '2025-09-21', 36791.5, 'transferencia', 'REF-00095', 'rechazado', 'CMP-00095');
INSERT INTO pago (id, comunidad_id, unidad_id, persona_id, fecha, monto, medio, referencia, estado, comprobante_num) VALUES (96, 1, 92, 188, '2025-09-03', 57814.17, 'webpay', 'REF-00096', 'pendiente', 'CMP-00096');
INSERT INTO pago (id, comunidad_id, unidad_id, persona_id, fecha, monto, medio, referencia, estado, comprobante_num) VALUES (97, 2, 22, 137, '2025-09-07', 21344.92, 'transferencia', 'REF-00097', 'rechazado', 'CMP-00097');
INSERT INTO pago (id, comunidad_id, unidad_id, persona_id, fecha, monto, medio, referencia, estado, comprobante_num) VALUES (98, 4, 111, 71, '2025-09-23', 97466.75, 'efectivo', 'REF-00098', 'rechazado', 'CMP-00098');
INSERT INTO pago (id, comunidad_id, unidad_id, persona_id, fecha, monto, medio, referencia, estado, comprobante_num) VALUES (99, 2, 188, 135, '2025-10-07', 51257.76, 'transferencia', 'REF-00099', 'aplicado', 'CMP-00099');
INSERT INTO pago (id, comunidad_id, unidad_id, persona_id, fecha, monto, medio, referencia, estado, comprobante_num) VALUES (100, 3, 10, 38, '2025-10-09', 97915.9, 'efectivo', 'REF-00100', 'pendiente', 'CMP-00100');
INSERT INTO pago (id, comunidad_id, unidad_id, persona_id, fecha, monto, medio, referencia, estado, comprobante_num) VALUES (101, 4, 132, 186, '2025-09-06', 40399.55, 'efectivo', 'REF-00101', 'rechazado', 'CMP-00101');
INSERT INTO pago (id, comunidad_id, unidad_id, persona_id, fecha, monto, medio, referencia, estado, comprobante_num) VALUES (102, 3, 109, 103, '2025-09-02', 26553.73, 'efectivo', 'REF-00102', 'aplicado', 'CMP-00102');
INSERT INTO pago (id, comunidad_id, unidad_id, persona_id, fecha, monto, medio, referencia, estado, comprobante_num) VALUES (103, 1, 111, 30, '2025-10-21', 27247.93, 'webpay', 'REF-00103', 'aplicado', 'CMP-00103');
INSERT INTO pago (id, comunidad_id, unidad_id, persona_id, fecha, monto, medio, referencia, estado, comprobante_num) VALUES (104, 5, 132, 139, '2025-10-25', 81435.11, 'efectivo', 'REF-00104', 'pendiente', 'CMP-00104');
INSERT INTO pago (id, comunidad_id, unidad_id, persona_id, fecha, monto, medio, referencia, estado, comprobante_num) VALUES (105, 3, 147, 122, '2025-09-14', 78464.71, 'webpay', 'REF-00105', 'aplicado', 'CMP-00105');
INSERT INTO pago (id, comunidad_id, unidad_id, persona_id, fecha, monto, medio, referencia, estado, comprobante_num) VALUES (106, 2, 71, 129, '2025-10-13', 14116.8, 'webpay', 'REF-00106', 'pendiente', 'CMP-00106');
INSERT INTO pago (id, comunidad_id, unidad_id, persona_id, fecha, monto, medio, referencia, estado, comprobante_num) VALUES (107, 3, 70, 2, '2025-09-27', 28642.27, 'webpay', 'REF-00107', 'rechazado', 'CMP-00107');
INSERT INTO pago (id, comunidad_id, unidad_id, persona_id, fecha, monto, medio, referencia, estado, comprobante_num) VALUES (108, 2, 71, 69, '2025-09-30', 63917.15, 'efectivo', 'REF-00108', 'aplicado', 'CMP-00108');
INSERT INTO pago (id, comunidad_id, unidad_id, persona_id, fecha, monto, medio, referencia, estado, comprobante_num) VALUES (109, 1, 57, 58, '2025-09-02', 73810.77, 'transferencia', 'REF-00109', 'pendiente', 'CMP-00109');
INSERT INTO pago (id, comunidad_id, unidad_id, persona_id, fecha, monto, medio, referencia, estado, comprobante_num) VALUES (110, 5, 74, 187, '2025-10-16', 64838.45, 'webpay', 'REF-00110', 'rechazado', 'CMP-00110');
INSERT INTO pago (id, comunidad_id, unidad_id, persona_id, fecha, monto, medio, referencia, estado, comprobante_num) VALUES (111, 4, 163, 153, '2025-09-22', 58731.21, 'webpay', 'REF-00111', 'rechazado', 'CMP-00111');
INSERT INTO pago (id, comunidad_id, unidad_id, persona_id, fecha, monto, medio, referencia, estado, comprobante_num) VALUES (112, 1, 88, 88, '2025-09-21', 41172.97, 'webpay', 'REF-00112', 'pendiente', 'CMP-00112');
INSERT INTO pago (id, comunidad_id, unidad_id, persona_id, fecha, monto, medio, referencia, estado, comprobante_num) VALUES (113, 4, 191, 128, '2025-09-14', 57901.63, 'transferencia', 'REF-00113', 'rechazado', 'CMP-00113');
INSERT INTO pago (id, comunidad_id, unidad_id, persona_id, fecha, monto, medio, referencia, estado, comprobante_num) VALUES (114, 4, 66, 104, '2025-09-03', 69462.86, 'efectivo', 'REF-00114', 'pendiente', 'CMP-00114');
INSERT INTO pago (id, comunidad_id, unidad_id, persona_id, fecha, monto, medio, referencia, estado, comprobante_num) VALUES (115, 4, 144, 89, '2025-09-06', 28679.61, 'efectivo', 'REF-00115', 'aplicado', 'CMP-00115');
INSERT INTO pago (id, comunidad_id, unidad_id, persona_id, fecha, monto, medio, referencia, estado, comprobante_num) VALUES (116, 3, 75, 193, '2025-09-21', 50634.93, 'webpay', 'REF-00116', 'pendiente', 'CMP-00116');
INSERT INTO pago (id, comunidad_id, unidad_id, persona_id, fecha, monto, medio, referencia, estado, comprobante_num) VALUES (117, 2, 160, 150, '2025-09-11', 66183.86, 'efectivo', 'REF-00117', 'aplicado', 'CMP-00117');
INSERT INTO pago (id, comunidad_id, unidad_id, persona_id, fecha, monto, medio, referencia, estado, comprobante_num) VALUES (118, 4, 196, 6, '2025-10-19', 97602.14, 'efectivo', 'REF-00118', 'rechazado', 'CMP-00118');
INSERT INTO pago (id, comunidad_id, unidad_id, persona_id, fecha, monto, medio, referencia, estado, comprobante_num) VALUES (119, 4, 61, 97, '2025-10-29', 58383.34, 'webpay', 'REF-00119', 'rechazado', 'CMP-00119');
INSERT INTO pago (id, comunidad_id, unidad_id, persona_id, fecha, monto, medio, referencia, estado, comprobante_num) VALUES (120, 1, 25, 102, '2025-09-14', 29017.47, 'transferencia', 'REF-00120', 'rechazado', 'CMP-00120');
INSERT INTO pago (id, comunidad_id, unidad_id, persona_id, fecha, monto, medio, referencia, estado, comprobante_num) VALUES (121, 3, 46, 41, '2025-10-20', 79977.22, 'efectivo', 'REF-00121', 'aplicado', 'CMP-00121');
INSERT INTO pago (id, comunidad_id, unidad_id, persona_id, fecha, monto, medio, referencia, estado, comprobante_num) VALUES (122, 5, 105, 91, '2025-10-19', 29597.73, 'efectivo', 'REF-00122', 'aplicado', 'CMP-00122');
INSERT INTO pago (id, comunidad_id, unidad_id, persona_id, fecha, monto, medio, referencia, estado, comprobante_num) VALUES (123, 3, 198, 93, '2025-10-11', 19507.49, 'efectivo', 'REF-00123', 'rechazado', 'CMP-00123');
INSERT INTO pago (id, comunidad_id, unidad_id, persona_id, fecha, monto, medio, referencia, estado, comprobante_num) VALUES (124, 3, 129, 138, '2025-10-05', 45295.6, 'webpay', 'REF-00124', 'aplicado', 'CMP-00124');
INSERT INTO pago (id, comunidad_id, unidad_id, persona_id, fecha, monto, medio, referencia, estado, comprobante_num) VALUES (125, 4, 74, 116, '2025-09-11', 93151.95, 'transferencia', 'REF-00125', 'aplicado', 'CMP-00125');
INSERT INTO pago (id, comunidad_id, unidad_id, persona_id, fecha, monto, medio, referencia, estado, comprobante_num) VALUES (126, 3, 1, 137, '2025-10-24', 40064.94, 'webpay', 'REF-00126', 'rechazado', 'CMP-00126');
INSERT INTO pago (id, comunidad_id, unidad_id, persona_id, fecha, monto, medio, referencia, estado, comprobante_num) VALUES (127, 2, 175, 26, '2025-09-25', 62214.2, 'webpay', 'REF-00127', 'aplicado', 'CMP-00127');
INSERT INTO pago (id, comunidad_id, unidad_id, persona_id, fecha, monto, medio, referencia, estado, comprobante_num) VALUES (128, 4, 49, 163, '2025-09-02', 65698.84, 'transferencia', 'REF-00128', 'rechazado', 'CMP-00128');
INSERT INTO pago (id, comunidad_id, unidad_id, persona_id, fecha, monto, medio, referencia, estado, comprobante_num) VALUES (129, 5, 129, 21, '2025-10-09', 61352.62, 'webpay', 'REF-00129', 'pendiente', 'CMP-00129');
INSERT INTO pago (id, comunidad_id, unidad_id, persona_id, fecha, monto, medio, referencia, estado, comprobante_num) VALUES (130, 3, 157, 64, '2025-09-11', 61237.55, 'webpay', 'REF-00130', 'rechazado', 'CMP-00130');
INSERT INTO pago (id, comunidad_id, unidad_id, persona_id, fecha, monto, medio, referencia, estado, comprobante_num) VALUES (131, 1, 95, 6, '2025-10-18', 64120.83, 'efectivo', 'REF-00131', 'aplicado', 'CMP-00131');
INSERT INTO pago (id, comunidad_id, unidad_id, persona_id, fecha, monto, medio, referencia, estado, comprobante_num) VALUES (132, 5, 131, 50, '2025-10-25', 92188.61, 'webpay', 'REF-00132', 'aplicado', 'CMP-00132');
INSERT INTO pago (id, comunidad_id, unidad_id, persona_id, fecha, monto, medio, referencia, estado, comprobante_num) VALUES (133, 2, 45, 121, '2025-10-30', 74151.33, 'transferencia', 'REF-00133', 'aplicado', 'CMP-00133');
INSERT INTO pago (id, comunidad_id, unidad_id, persona_id, fecha, monto, medio, referencia, estado, comprobante_num) VALUES (134, 2, 76, 17, '2025-10-28', 12780.08, 'efectivo', 'REF-00134', 'aplicado', 'CMP-00134');
INSERT INTO pago (id, comunidad_id, unidad_id, persona_id, fecha, monto, medio, referencia, estado, comprobante_num) VALUES (135, 4, 63, 176, '2025-10-09', 49928.79, 'transferencia', 'REF-00135', 'pendiente', 'CMP-00135');
INSERT INTO pago (id, comunidad_id, unidad_id, persona_id, fecha, monto, medio, referencia, estado, comprobante_num) VALUES (136, 4, 129, 165, '2025-09-08', 82331.83, 'webpay', 'REF-00136', 'pendiente', 'CMP-00136');
INSERT INTO pago (id, comunidad_id, unidad_id, persona_id, fecha, monto, medio, referencia, estado, comprobante_num) VALUES (137, 2, 119, 185, '2025-09-05', 10619.5, 'transferencia', 'REF-00137', 'rechazado', 'CMP-00137');
INSERT INTO pago (id, comunidad_id, unidad_id, persona_id, fecha, monto, medio, referencia, estado, comprobante_num) VALUES (138, 4, 134, 121, '2025-10-26', 44678.4, 'webpay', 'REF-00138', 'aplicado', 'CMP-00138');
INSERT INTO pago (id, comunidad_id, unidad_id, persona_id, fecha, monto, medio, referencia, estado, comprobante_num) VALUES (139, 5, 31, 184, '2025-10-20', 64627.92, 'efectivo', 'REF-00139', 'rechazado', 'CMP-00139');
INSERT INTO pago (id, comunidad_id, unidad_id, persona_id, fecha, monto, medio, referencia, estado, comprobante_num) VALUES (140, 1, 113, 124, '2025-10-23', 75342.86, 'webpay', 'REF-00140', 'aplicado', 'CMP-00140');
INSERT INTO pago (id, comunidad_id, unidad_id, persona_id, fecha, monto, medio, referencia, estado, comprobante_num) VALUES (141, 1, 94, 103, '2025-10-16', 93465.09, 'efectivo', 'REF-00141', 'rechazado', 'CMP-00141');
INSERT INTO pago (id, comunidad_id, unidad_id, persona_id, fecha, monto, medio, referencia, estado, comprobante_num) VALUES (142, 4, 110, 32, '2025-09-07', 23138.54, 'webpay', 'REF-00142', 'rechazado', 'CMP-00142');
INSERT INTO pago (id, comunidad_id, unidad_id, persona_id, fecha, monto, medio, referencia, estado, comprobante_num) VALUES (143, 1, 185, 44, '2025-09-24', 47160.37, 'webpay', 'REF-00143', 'pendiente', 'CMP-00143');
INSERT INTO pago (id, comunidad_id, unidad_id, persona_id, fecha, monto, medio, referencia, estado, comprobante_num) VALUES (144, 2, 124, 54, '2025-09-17', 18741.31, 'efectivo', 'REF-00144', 'rechazado', 'CMP-00144');
INSERT INTO pago (id, comunidad_id, unidad_id, persona_id, fecha, monto, medio, referencia, estado, comprobante_num) VALUES (145, 1, 118, 182, '2025-10-02', 77725.22, 'webpay', 'REF-00145', 'aplicado', 'CMP-00145');
INSERT INTO pago (id, comunidad_id, unidad_id, persona_id, fecha, monto, medio, referencia, estado, comprobante_num) VALUES (146, 3, 177, 114, '2025-09-22', 80863.66, 'efectivo', 'REF-00146', 'aplicado', 'CMP-00146');
INSERT INTO pago (id, comunidad_id, unidad_id, persona_id, fecha, monto, medio, referencia, estado, comprobante_num) VALUES (147, 5, 71, 153, '2025-09-03', 78519.05, 'transferencia', 'REF-00147', 'rechazado', 'CMP-00147');
INSERT INTO pago (id, comunidad_id, unidad_id, persona_id, fecha, monto, medio, referencia, estado, comprobante_num) VALUES (148, 3, 7, 57, '2025-10-27', 43376.6, 'webpay', 'REF-00148', 'rechazado', 'CMP-00148');
INSERT INTO pago (id, comunidad_id, unidad_id, persona_id, fecha, monto, medio, referencia, estado, comprobante_num) VALUES (149, 3, 79, 184, '2025-09-11', 61087.59, 'webpay', 'REF-00149', 'aplicado', 'CMP-00149');
INSERT INTO pago (id, comunidad_id, unidad_id, persona_id, fecha, monto, medio, referencia, estado, comprobante_num) VALUES (150, 4, 173, 76, '2025-09-10', 76935.98, 'efectivo', 'REF-00150', 'pendiente', 'CMP-00150');
INSERT INTO pago (id, comunidad_id, unidad_id, persona_id, fecha, monto, medio, referencia, estado, comprobante_num) VALUES (151, 2, 156, 75, '2025-10-25', 44580.4, 'efectivo', 'REF-00151', 'pendiente', 'CMP-00151');
INSERT INTO pago (id, comunidad_id, unidad_id, persona_id, fecha, monto, medio, referencia, estado, comprobante_num) VALUES (152, 1, 55, 150, '2025-09-20', 23352.7, 'transferencia', 'REF-00152', 'aplicado', 'CMP-00152');
INSERT INTO pago (id, comunidad_id, unidad_id, persona_id, fecha, monto, medio, referencia, estado, comprobante_num) VALUES (153, 3, 185, 131, '2025-10-18', 88320.93, 'efectivo', 'REF-00153', 'aplicado', 'CMP-00153');
INSERT INTO pago (id, comunidad_id, unidad_id, persona_id, fecha, monto, medio, referencia, estado, comprobante_num) VALUES (154, 4, 159, 44, '2025-09-23', 67946.64, 'efectivo', 'REF-00154', 'rechazado', 'CMP-00154');
INSERT INTO pago (id, comunidad_id, unidad_id, persona_id, fecha, monto, medio, referencia, estado, comprobante_num) VALUES (155, 3, 134, 96, '2025-09-25', 87886.78, 'webpay', 'REF-00155', 'rechazado', 'CMP-00155');
INSERT INTO pago (id, comunidad_id, unidad_id, persona_id, fecha, monto, medio, referencia, estado, comprobante_num) VALUES (156, 2, 135, 124, '2025-09-12', 53559.86, 'webpay', 'REF-00156', 'pendiente', 'CMP-00156');
INSERT INTO pago (id, comunidad_id, unidad_id, persona_id, fecha, monto, medio, referencia, estado, comprobante_num) VALUES (157, 1, 88, 58, '2025-09-20', 28578.63, 'transferencia', 'REF-00157', 'aplicado', 'CMP-00157');
INSERT INTO pago (id, comunidad_id, unidad_id, persona_id, fecha, monto, medio, referencia, estado, comprobante_num) VALUES (158, 5, 200, 187, '2025-10-21', 20763.23, 'transferencia', 'REF-00158', 'aplicado', 'CMP-00158');
INSERT INTO pago (id, comunidad_id, unidad_id, persona_id, fecha, monto, medio, referencia, estado, comprobante_num) VALUES (159, 4, 118, 146, '2025-10-29', 67477.29, 'transferencia', 'REF-00159', 'rechazado', 'CMP-00159');
INSERT INTO pago (id, comunidad_id, unidad_id, persona_id, fecha, monto, medio, referencia, estado, comprobante_num) VALUES (160, 5, 59, 190, '2025-09-13', 42720.43, 'transferencia', 'REF-00160', 'aplicado', 'CMP-00160');
INSERT INTO pago (id, comunidad_id, unidad_id, persona_id, fecha, monto, medio, referencia, estado, comprobante_num) VALUES (161, 1, 85, 130, '2025-09-05', 34432.62, 'efectivo', 'REF-00161', 'rechazado', 'CMP-00161');
INSERT INTO pago (id, comunidad_id, unidad_id, persona_id, fecha, monto, medio, referencia, estado, comprobante_num) VALUES (162, 5, 21, 15, '2025-09-29', 61003.19, 'transferencia', 'REF-00162', 'pendiente', 'CMP-00162');
INSERT INTO pago (id, comunidad_id, unidad_id, persona_id, fecha, monto, medio, referencia, estado, comprobante_num) VALUES (163, 3, 190, 47, '2025-10-15', 94270.01, 'transferencia', 'REF-00163', 'pendiente', 'CMP-00163');
INSERT INTO pago (id, comunidad_id, unidad_id, persona_id, fecha, monto, medio, referencia, estado, comprobante_num) VALUES (164, 4, 46, 11, '2025-10-09', 33918.7, 'webpay', 'REF-00164', 'pendiente', 'CMP-00164');
INSERT INTO pago (id, comunidad_id, unidad_id, persona_id, fecha, monto, medio, referencia, estado, comprobante_num) VALUES (165, 2, 188, 17, '2025-10-28', 91282.02, 'efectivo', 'REF-00165', 'aplicado', 'CMP-00165');
INSERT INTO pago (id, comunidad_id, unidad_id, persona_id, fecha, monto, medio, referencia, estado, comprobante_num) VALUES (166, 1, 54, 59, '2025-09-16', 62710.97, 'efectivo', 'REF-00166', 'aplicado', 'CMP-00166');
INSERT INTO pago (id, comunidad_id, unidad_id, persona_id, fecha, monto, medio, referencia, estado, comprobante_num) VALUES (167, 4, 26, 138, '2025-10-27', 80327.13, 'webpay', 'REF-00167', 'rechazado', 'CMP-00167');
INSERT INTO pago (id, comunidad_id, unidad_id, persona_id, fecha, monto, medio, referencia, estado, comprobante_num) VALUES (168, 1, 51, 123, '2025-09-08', 49770.83, 'webpay', 'REF-00168', 'pendiente', 'CMP-00168');
INSERT INTO pago (id, comunidad_id, unidad_id, persona_id, fecha, monto, medio, referencia, estado, comprobante_num) VALUES (169, 1, 139, 151, '2025-09-14', 63846.44, 'webpay', 'REF-00169', 'rechazado', 'CMP-00169');
INSERT INTO pago (id, comunidad_id, unidad_id, persona_id, fecha, monto, medio, referencia, estado, comprobante_num) VALUES (170, 1, 149, 111, '2025-10-26', 91449.0, 'efectivo', 'REF-00170', 'aplicado', 'CMP-00170');
INSERT INTO pago (id, comunidad_id, unidad_id, persona_id, fecha, monto, medio, referencia, estado, comprobante_num) VALUES (171, 2, 151, 163, '2025-10-10', 77998.87, 'transferencia', 'REF-00171', 'aplicado', 'CMP-00171');
INSERT INTO pago (id, comunidad_id, unidad_id, persona_id, fecha, monto, medio, referencia, estado, comprobante_num) VALUES (172, 4, 154, 70, '2025-10-02', 66801.54, 'webpay', 'REF-00172', 'rechazado', 'CMP-00172');
INSERT INTO pago (id, comunidad_id, unidad_id, persona_id, fecha, monto, medio, referencia, estado, comprobante_num) VALUES (173, 4, 132, 73, '2025-10-31', 68075.17, 'webpay', 'REF-00173', 'rechazado', 'CMP-00173');
INSERT INTO pago (id, comunidad_id, unidad_id, persona_id, fecha, monto, medio, referencia, estado, comprobante_num) VALUES (174, 2, 88, 71, '2025-10-14', 60513.79, 'webpay', 'REF-00174', 'rechazado', 'CMP-00174');
INSERT INTO pago (id, comunidad_id, unidad_id, persona_id, fecha, monto, medio, referencia, estado, comprobante_num) VALUES (175, 4, 29, 194, '2025-10-31', 26396.23, 'transferencia', 'REF-00175', 'aplicado', 'CMP-00175');
INSERT INTO pago (id, comunidad_id, unidad_id, persona_id, fecha, monto, medio, referencia, estado, comprobante_num) VALUES (176, 5, 121, 127, '2025-09-11', 26091.57, 'webpay', 'REF-00176', 'rechazado', 'CMP-00176');
INSERT INTO pago (id, comunidad_id, unidad_id, persona_id, fecha, monto, medio, referencia, estado, comprobante_num) VALUES (177, 3, 25, 114, '2025-09-22', 67409.47, 'efectivo', 'REF-00177', 'pendiente', 'CMP-00177');
INSERT INTO pago (id, comunidad_id, unidad_id, persona_id, fecha, monto, medio, referencia, estado, comprobante_num) VALUES (178, 2, 200, 28, '2025-10-19', 30862.25, 'webpay', 'REF-00178', 'rechazado', 'CMP-00178');
INSERT INTO pago (id, comunidad_id, unidad_id, persona_id, fecha, monto, medio, referencia, estado, comprobante_num) VALUES (179, 3, 82, 197, '2025-10-04', 52468.81, 'efectivo', 'REF-00179', 'aplicado', 'CMP-00179');
INSERT INTO pago (id, comunidad_id, unidad_id, persona_id, fecha, monto, medio, referencia, estado, comprobante_num) VALUES (180, 5, 54, 147, '2025-10-14', 23913.79, 'transferencia', 'REF-00180', 'pendiente', 'CMP-00180');
INSERT INTO pago (id, comunidad_id, unidad_id, persona_id, fecha, monto, medio, referencia, estado, comprobante_num) VALUES (181, 4, 44, 41, '2025-10-10', 69633.17, 'webpay', 'REF-00181', 'rechazado', 'CMP-00181');
INSERT INTO pago (id, comunidad_id, unidad_id, persona_id, fecha, monto, medio, referencia, estado, comprobante_num) VALUES (182, 4, 168, 153, '2025-10-21', 47521.82, 'efectivo', 'REF-00182', 'aplicado', 'CMP-00182');
INSERT INTO pago (id, comunidad_id, unidad_id, persona_id, fecha, monto, medio, referencia, estado, comprobante_num) VALUES (183, 2, 68, 121, '2025-10-30', 87061.38, 'webpay', 'REF-00183', 'aplicado', 'CMP-00183');
INSERT INTO pago (id, comunidad_id, unidad_id, persona_id, fecha, monto, medio, referencia, estado, comprobante_num) VALUES (184, 2, 79, 86, '2025-10-17', 41854.02, 'efectivo', 'REF-00184', 'aplicado', 'CMP-00184');
INSERT INTO pago (id, comunidad_id, unidad_id, persona_id, fecha, monto, medio, referencia, estado, comprobante_num) VALUES (185, 4, 79, 109, '2025-10-07', 45418.8, 'webpay', 'REF-00185', 'pendiente', 'CMP-00185');
INSERT INTO pago (id, comunidad_id, unidad_id, persona_id, fecha, monto, medio, referencia, estado, comprobante_num) VALUES (186, 4, 15, 105, '2025-09-23', 68121.34, 'transferencia', 'REF-00186', 'aplicado', 'CMP-00186');
INSERT INTO pago (id, comunidad_id, unidad_id, persona_id, fecha, monto, medio, referencia, estado, comprobante_num) VALUES (187, 3, 5, 181, '2025-09-13', 28774.81, 'efectivo', 'REF-00187', 'aplicado', 'CMP-00187');
INSERT INTO pago (id, comunidad_id, unidad_id, persona_id, fecha, monto, medio, referencia, estado, comprobante_num) VALUES (188, 3, 96, 7, '2025-09-21', 48474.85, 'webpay', 'REF-00188', 'aplicado', 'CMP-00188');
INSERT INTO pago (id, comunidad_id, unidad_id, persona_id, fecha, monto, medio, referencia, estado, comprobante_num) VALUES (189, 5, 144, 190, '2025-09-13', 81772.72, 'efectivo', 'REF-00189', 'rechazado', 'CMP-00189');
INSERT INTO pago (id, comunidad_id, unidad_id, persona_id, fecha, monto, medio, referencia, estado, comprobante_num) VALUES (190, 4, 71, 28, '2025-09-05', 31882.4, 'webpay', 'REF-00190', 'rechazado', 'CMP-00190');
INSERT INTO pago (id, comunidad_id, unidad_id, persona_id, fecha, monto, medio, referencia, estado, comprobante_num) VALUES (191, 4, 185, 152, '2025-10-01', 95684.08, 'transferencia', 'REF-00191', 'rechazado', 'CMP-00191');
INSERT INTO pago (id, comunidad_id, unidad_id, persona_id, fecha, monto, medio, referencia, estado, comprobante_num) VALUES (192, 4, 177, 181, '2025-10-02', 32486.15, 'efectivo', 'REF-00192', 'rechazado', 'CMP-00192');
INSERT INTO pago (id, comunidad_id, unidad_id, persona_id, fecha, monto, medio, referencia, estado, comprobante_num) VALUES (193, 4, 16, 26, '2025-09-04', 67566.58, 'webpay', 'REF-00193', 'rechazado', 'CMP-00193');
INSERT INTO pago (id, comunidad_id, unidad_id, persona_id, fecha, monto, medio, referencia, estado, comprobante_num) VALUES (194, 3, 113, 73, '2025-09-08', 52465.68, 'efectivo', 'REF-00194', 'pendiente', 'CMP-00194');
INSERT INTO pago (id, comunidad_id, unidad_id, persona_id, fecha, monto, medio, referencia, estado, comprobante_num) VALUES (195, 3, 199, 188, '2025-09-27', 84187.96, 'transferencia', 'REF-00195', 'rechazado', 'CMP-00195');
INSERT INTO pago (id, comunidad_id, unidad_id, persona_id, fecha, monto, medio, referencia, estado, comprobante_num) VALUES (196, 3, 147, 52, '2025-10-06', 17920.46, 'transferencia', 'REF-00196', 'aplicado', 'CMP-00196');
INSERT INTO pago (id, comunidad_id, unidad_id, persona_id, fecha, monto, medio, referencia, estado, comprobante_num) VALUES (197, 5, 140, 196, '2025-10-13', 33464.72, 'efectivo', 'REF-00197', 'aplicado', 'CMP-00197');
INSERT INTO pago (id, comunidad_id, unidad_id, persona_id, fecha, monto, medio, referencia, estado, comprobante_num) VALUES (198, 1, 36, 198, '2025-10-20', 16120.35, 'efectivo', 'REF-00198', 'rechazado', 'CMP-00198');
INSERT INTO pago (id, comunidad_id, unidad_id, persona_id, fecha, monto, medio, referencia, estado, comprobante_num) VALUES (199, 3, 93, 198, '2025-09-29', 77254.59, 'transferencia', 'REF-00199', 'pendiente', 'CMP-00199');
INSERT INTO pago (id, comunidad_id, unidad_id, persona_id, fecha, monto, medio, referencia, estado, comprobante_num) VALUES (200, 3, 120, 59, '2025-09-30', 42598.34, 'transferencia', 'REF-00200', 'rechazado', 'CMP-00200');
INSERT INTO pago (id, comunidad_id, unidad_id, persona_id, fecha, monto, medio, referencia, estado, comprobante_num) VALUES (201, 3, 66, 155, '2025-10-18', 93941.31, 'transferencia', 'REF-00201', 'pendiente', 'CMP-00201');
INSERT INTO pago (id, comunidad_id, unidad_id, persona_id, fecha, monto, medio, referencia, estado, comprobante_num) VALUES (202, 4, 110, 102, '2025-10-22', 53772.18, 'transferencia', 'REF-00202', 'rechazado', 'CMP-00202');
INSERT INTO pago (id, comunidad_id, unidad_id, persona_id, fecha, monto, medio, referencia, estado, comprobante_num) VALUES (203, 1, 132, 96, '2025-09-02', 60914.31, 'transferencia', 'REF-00203', 'rechazado', 'CMP-00203');
INSERT INTO pago (id, comunidad_id, unidad_id, persona_id, fecha, monto, medio, referencia, estado, comprobante_num) VALUES (204, 3, 138, 126, '2025-09-19', 61733.39, 'efectivo', 'REF-00204', 'pendiente', 'CMP-00204');
INSERT INTO pago (id, comunidad_id, unidad_id, persona_id, fecha, monto, medio, referencia, estado, comprobante_num) VALUES (205, 1, 145, 24, '2025-10-06', 80252.94, 'efectivo', 'REF-00205', 'pendiente', 'CMP-00205');
INSERT INTO pago (id, comunidad_id, unidad_id, persona_id, fecha, monto, medio, referencia, estado, comprobante_num) VALUES (206, 5, 23, 147, '2025-10-30', 52160.21, 'efectivo', 'REF-00206', 'pendiente', 'CMP-00206');
INSERT INTO pago (id, comunidad_id, unidad_id, persona_id, fecha, monto, medio, referencia, estado, comprobante_num) VALUES (207, 1, 197, 176, '2025-09-28', 83598.02, 'webpay', 'REF-00207', 'aplicado', 'CMP-00207');
INSERT INTO pago (id, comunidad_id, unidad_id, persona_id, fecha, monto, medio, referencia, estado, comprobante_num) VALUES (208, 2, 167, 85, '2025-09-05', 26350.64, 'efectivo', 'REF-00208', 'aplicado', 'CMP-00208');
INSERT INTO pago (id, comunidad_id, unidad_id, persona_id, fecha, monto, medio, referencia, estado, comprobante_num) VALUES (209, 4, 136, 200, '2025-10-15', 76551.28, 'webpay', 'REF-00209', 'pendiente', 'CMP-00209');
INSERT INTO pago (id, comunidad_id, unidad_id, persona_id, fecha, monto, medio, referencia, estado, comprobante_num) VALUES (210, 4, 148, 76, '2025-09-01', 66132.08, 'webpay', 'REF-00210', 'pendiente', 'CMP-00210');
INSERT INTO pago (id, comunidad_id, unidad_id, persona_id, fecha, monto, medio, referencia, estado, comprobante_num) VALUES (211, 1, 58, 83, '2025-09-28', 23544.54, 'transferencia', 'REF-00211', 'rechazado', 'CMP-00211');
INSERT INTO pago (id, comunidad_id, unidad_id, persona_id, fecha, monto, medio, referencia, estado, comprobante_num) VALUES (212, 3, 137, 118, '2025-10-12', 69886.17, 'efectivo', 'REF-00212', 'aplicado', 'CMP-00212');
INSERT INTO pago (id, comunidad_id, unidad_id, persona_id, fecha, monto, medio, referencia, estado, comprobante_num) VALUES (213, 5, 40, 49, '2025-10-20', 23345.54, 'webpay', 'REF-00213', 'pendiente', 'CMP-00213');
INSERT INTO pago (id, comunidad_id, unidad_id, persona_id, fecha, monto, medio, referencia, estado, comprobante_num) VALUES (214, 1, 7, 137, '2025-10-09', 95004.53, 'transferencia', 'REF-00214', 'pendiente', 'CMP-00214');
INSERT INTO pago (id, comunidad_id, unidad_id, persona_id, fecha, monto, medio, referencia, estado, comprobante_num) VALUES (215, 5, 90, 18, '2025-09-21', 88350.04, 'transferencia', 'REF-00215', 'rechazado', 'CMP-00215');
INSERT INTO pago (id, comunidad_id, unidad_id, persona_id, fecha, monto, medio, referencia, estado, comprobante_num) VALUES (216, 2, 52, 78, '2025-09-11', 48185.53, 'webpay', 'REF-00216', 'pendiente', 'CMP-00216');
INSERT INTO pago (id, comunidad_id, unidad_id, persona_id, fecha, monto, medio, referencia, estado, comprobante_num) VALUES (217, 2, 198, 91, '2025-09-02', 22358.09, 'webpay', 'REF-00217', 'pendiente', 'CMP-00217');
INSERT INTO pago (id, comunidad_id, unidad_id, persona_id, fecha, monto, medio, referencia, estado, comprobante_num) VALUES (218, 4, 7, 114, '2025-10-26', 76954.81, 'efectivo', 'REF-00218', 'pendiente', 'CMP-00218');
INSERT INTO pago (id, comunidad_id, unidad_id, persona_id, fecha, monto, medio, referencia, estado, comprobante_num) VALUES (219, 4, 13, 115, '2025-09-29', 45926.04, 'transferencia', 'REF-00219', 'aplicado', 'CMP-00219');
INSERT INTO pago (id, comunidad_id, unidad_id, persona_id, fecha, monto, medio, referencia, estado, comprobante_num) VALUES (220, 5, 32, 24, '2025-09-12', 55603.3, 'efectivo', 'REF-00220', 'rechazado', 'CMP-00220');

-- Pago Aplicacion
INSERT INTO pago_aplicacion (id, pago_id, cuenta_cobro_unidad_id, monto, prioridad) VALUES (1, 133, 32, 12329.73, 1);
INSERT INTO pago_aplicacion (id, pago_id, cuenta_cobro_unidad_id, monto, prioridad) VALUES (2, 31, 126, 38328.89, 2);
INSERT INTO pago_aplicacion (id, pago_id, cuenta_cobro_unidad_id, monto, prioridad) VALUES (3, 192, 82, 23680.75, 1);
INSERT INTO pago_aplicacion (id, pago_id, cuenta_cobro_unidad_id, monto, prioridad) VALUES (4, 24, 205, 27810.96, 2);
INSERT INTO pago_aplicacion (id, pago_id, cuenta_cobro_unidad_id, monto, prioridad) VALUES (5, 66, 131, 10039.66, 2);
INSERT INTO pago_aplicacion (id, pago_id, cuenta_cobro_unidad_id, monto, prioridad) VALUES (6, 5, 2, 22101.31, 2);
INSERT INTO pago_aplicacion (id, pago_id, cuenta_cobro_unidad_id, monto, prioridad) VALUES (7, 103, 220, 9502.97, 2);
INSERT INTO pago_aplicacion (id, pago_id, cuenta_cobro_unidad_id, monto, prioridad) VALUES (8, 80, 215, 7938.75, 3);
INSERT INTO pago_aplicacion (id, pago_id, cuenta_cobro_unidad_id, monto, prioridad) VALUES (9, 77, 59, 49986.8, 1);
INSERT INTO pago_aplicacion (id, pago_id, cuenta_cobro_unidad_id, monto, prioridad) VALUES (10, 167, 165, 41457.62, 2);
INSERT INTO pago_aplicacion (id, pago_id, cuenta_cobro_unidad_id, monto, prioridad) VALUES (11, 5, 71, 37833.31, 2);
INSERT INTO pago_aplicacion (id, pago_id, cuenta_cobro_unidad_id, monto, prioridad) VALUES (12, 12, 37, 43133.67, 1);
INSERT INTO pago_aplicacion (id, pago_id, cuenta_cobro_unidad_id, monto, prioridad) VALUES (13, 145, 3, 10757.67, 1);
INSERT INTO pago_aplicacion (id, pago_id, cuenta_cobro_unidad_id, monto, prioridad) VALUES (14, 36, 178, 26141.57, 1);
INSERT INTO pago_aplicacion (id, pago_id, cuenta_cobro_unidad_id, monto, prioridad) VALUES (15, 16, 153, 41107.11, 3);
INSERT INTO pago_aplicacion (id, pago_id, cuenta_cobro_unidad_id, monto, prioridad) VALUES (16, 170, 76, 21726.68, 2);
INSERT INTO pago_aplicacion (id, pago_id, cuenta_cobro_unidad_id, monto, prioridad) VALUES (17, 211, 41, 23865.76, 1);
INSERT INTO pago_aplicacion (id, pago_id, cuenta_cobro_unidad_id, monto, prioridad) VALUES (18, 133, 39, 38388.5, 3);
INSERT INTO pago_aplicacion (id, pago_id, cuenta_cobro_unidad_id, monto, prioridad) VALUES (19, 47, 94, 44558.48, 1);
INSERT INTO pago_aplicacion (id, pago_id, cuenta_cobro_unidad_id, monto, prioridad) VALUES (20, 202, 42, 6349.11, 1);
INSERT INTO pago_aplicacion (id, pago_id, cuenta_cobro_unidad_id, monto, prioridad) VALUES (21, 79, 104, 33139.06, 2);
INSERT INTO pago_aplicacion (id, pago_id, cuenta_cobro_unidad_id, monto, prioridad) VALUES (22, 160, 83, 6281.52, 1);
INSERT INTO pago_aplicacion (id, pago_id, cuenta_cobro_unidad_id, monto, prioridad) VALUES (23, 85, 8, 44996.92, 1);
INSERT INTO pago_aplicacion (id, pago_id, cuenta_cobro_unidad_id, monto, prioridad) VALUES (24, 189, 37, 46110.96, 1);
INSERT INTO pago_aplicacion (id, pago_id, cuenta_cobro_unidad_id, monto, prioridad) VALUES (25, 139, 97, 39312.6, 3);
INSERT INTO pago_aplicacion (id, pago_id, cuenta_cobro_unidad_id, monto, prioridad) VALUES (26, 135, 44, 12117.77, 1);
INSERT INTO pago_aplicacion (id, pago_id, cuenta_cobro_unidad_id, monto, prioridad) VALUES (27, 90, 58, 9145.58, 1);
INSERT INTO pago_aplicacion (id, pago_id, cuenta_cobro_unidad_id, monto, prioridad) VALUES (28, 29, 122, 25899.5, 2);
INSERT INTO pago_aplicacion (id, pago_id, cuenta_cobro_unidad_id, monto, prioridad) VALUES (29, 220, 138, 24818.71, 3);
INSERT INTO pago_aplicacion (id, pago_id, cuenta_cobro_unidad_id, monto, prioridad) VALUES (30, 208, 164, 5032.47, 2);
INSERT INTO pago_aplicacion (id, pago_id, cuenta_cobro_unidad_id, monto, prioridad) VALUES (31, 121, 66, 10768.94, 3);
INSERT INTO pago_aplicacion (id, pago_id, cuenta_cobro_unidad_id, monto, prioridad) VALUES (32, 139, 94, 48060.74, 3);
INSERT INTO pago_aplicacion (id, pago_id, cuenta_cobro_unidad_id, monto, prioridad) VALUES (33, 184, 25, 26500.54, 3);
INSERT INTO pago_aplicacion (id, pago_id, cuenta_cobro_unidad_id, monto, prioridad) VALUES (34, 213, 219, 30705.78, 1);
INSERT INTO pago_aplicacion (id, pago_id, cuenta_cobro_unidad_id, monto, prioridad) VALUES (35, 57, 132, 10841.34, 1);
INSERT INTO pago_aplicacion (id, pago_id, cuenta_cobro_unidad_id, monto, prioridad) VALUES (36, 58, 169, 8698.5, 1);
INSERT INTO pago_aplicacion (id, pago_id, cuenta_cobro_unidad_id, monto, prioridad) VALUES (37, 184, 104, 17703.49, 3);
INSERT INTO pago_aplicacion (id, pago_id, cuenta_cobro_unidad_id, monto, prioridad) VALUES (38, 27, 64, 15180.05, 1);
INSERT INTO pago_aplicacion (id, pago_id, cuenta_cobro_unidad_id, monto, prioridad) VALUES (39, 187, 169, 18549.87, 3);
INSERT INTO pago_aplicacion (id, pago_id, cuenta_cobro_unidad_id, monto, prioridad) VALUES (40, 119, 172, 31585.31, 3);
INSERT INTO pago_aplicacion (id, pago_id, cuenta_cobro_unidad_id, monto, prioridad) VALUES (41, 148, 69, 39195.21, 1);
INSERT INTO pago_aplicacion (id, pago_id, cuenta_cobro_unidad_id, monto, prioridad) VALUES (42, 84, 109, 21864.68, 1);
INSERT INTO pago_aplicacion (id, pago_id, cuenta_cobro_unidad_id, monto, prioridad) VALUES (43, 149, 189, 47058.1, 1);
INSERT INTO pago_aplicacion (id, pago_id, cuenta_cobro_unidad_id, monto, prioridad) VALUES (44, 192, 205, 22326.35, 1);
INSERT INTO pago_aplicacion (id, pago_id, cuenta_cobro_unidad_id, monto, prioridad) VALUES (45, 204, 51, 49078.88, 1);
INSERT INTO pago_aplicacion (id, pago_id, cuenta_cobro_unidad_id, monto, prioridad) VALUES (46, 37, 163, 6535.13, 1);
INSERT INTO pago_aplicacion (id, pago_id, cuenta_cobro_unidad_id, monto, prioridad) VALUES (47, 42, 102, 19513.96, 3);
INSERT INTO pago_aplicacion (id, pago_id, cuenta_cobro_unidad_id, monto, prioridad) VALUES (48, 124, 124, 43595.62, 1);
INSERT INTO pago_aplicacion (id, pago_id, cuenta_cobro_unidad_id, monto, prioridad) VALUES (49, 161, 210, 48685.09, 2);
INSERT INTO pago_aplicacion (id, pago_id, cuenta_cobro_unidad_id, monto, prioridad) VALUES (50, 116, 55, 25393.71, 2);
INSERT INTO pago_aplicacion (id, pago_id, cuenta_cobro_unidad_id, monto, prioridad) VALUES (51, 140, 113, 10301.86, 2);
INSERT INTO pago_aplicacion (id, pago_id, cuenta_cobro_unidad_id, monto, prioridad) VALUES (52, 168, 197, 28152.09, 2);
INSERT INTO pago_aplicacion (id, pago_id, cuenta_cobro_unidad_id, monto, prioridad) VALUES (53, 87, 48, 16487.8, 2);
INSERT INTO pago_aplicacion (id, pago_id, cuenta_cobro_unidad_id, monto, prioridad) VALUES (54, 198, 141, 25534.22, 1);
INSERT INTO pago_aplicacion (id, pago_id, cuenta_cobro_unidad_id, monto, prioridad) VALUES (55, 172, 220, 20406.88, 3);
INSERT INTO pago_aplicacion (id, pago_id, cuenta_cobro_unidad_id, monto, prioridad) VALUES (56, 68, 17, 40187.94, 2);
INSERT INTO pago_aplicacion (id, pago_id, cuenta_cobro_unidad_id, monto, prioridad) VALUES (57, 165, 7, 48413.91, 1);
INSERT INTO pago_aplicacion (id, pago_id, cuenta_cobro_unidad_id, monto, prioridad) VALUES (58, 25, 59, 48878.95, 1);
INSERT INTO pago_aplicacion (id, pago_id, cuenta_cobro_unidad_id, monto, prioridad) VALUES (59, 31, 141, 37071.29, 1);
INSERT INTO pago_aplicacion (id, pago_id, cuenta_cobro_unidad_id, monto, prioridad) VALUES (60, 89, 79, 25365.42, 3);
INSERT INTO pago_aplicacion (id, pago_id, cuenta_cobro_unidad_id, monto, prioridad) VALUES (61, 22, 130, 13217.56, 3);
INSERT INTO pago_aplicacion (id, pago_id, cuenta_cobro_unidad_id, monto, prioridad) VALUES (62, 50, 37, 42800.58, 1);
INSERT INTO pago_aplicacion (id, pago_id, cuenta_cobro_unidad_id, monto, prioridad) VALUES (63, 199, 5, 13940.47, 3);
INSERT INTO pago_aplicacion (id, pago_id, cuenta_cobro_unidad_id, monto, prioridad) VALUES (64, 91, 135, 32042.13, 1);
INSERT INTO pago_aplicacion (id, pago_id, cuenta_cobro_unidad_id, monto, prioridad) VALUES (65, 145, 136, 28627.04, 3);
INSERT INTO pago_aplicacion (id, pago_id, cuenta_cobro_unidad_id, monto, prioridad) VALUES (66, 93, 139, 15369.06, 3);
INSERT INTO pago_aplicacion (id, pago_id, cuenta_cobro_unidad_id, monto, prioridad) VALUES (67, 43, 96, 12143.74, 3);
INSERT INTO pago_aplicacion (id, pago_id, cuenta_cobro_unidad_id, monto, prioridad) VALUES (68, 43, 163, 33544.07, 3);
INSERT INTO pago_aplicacion (id, pago_id, cuenta_cobro_unidad_id, monto, prioridad) VALUES (69, 58, 216, 46879.2, 3);
INSERT INTO pago_aplicacion (id, pago_id, cuenta_cobro_unidad_id, monto, prioridad) VALUES (70, 39, 139, 47398.64, 3);
INSERT INTO pago_aplicacion (id, pago_id, cuenta_cobro_unidad_id, monto, prioridad) VALUES (71, 109, 220, 14098.83, 1);
INSERT INTO pago_aplicacion (id, pago_id, cuenta_cobro_unidad_id, monto, prioridad) VALUES (72, 103, 76, 22539.76, 3);
INSERT INTO pago_aplicacion (id, pago_id, cuenta_cobro_unidad_id, monto, prioridad) VALUES (73, 108, 122, 26060.19, 1);
INSERT INTO pago_aplicacion (id, pago_id, cuenta_cobro_unidad_id, monto, prioridad) VALUES (74, 185, 77, 5015.91, 2);
INSERT INTO pago_aplicacion (id, pago_id, cuenta_cobro_unidad_id, monto, prioridad) VALUES (75, 182, 143, 35065.41, 1);
INSERT INTO pago_aplicacion (id, pago_id, cuenta_cobro_unidad_id, monto, prioridad) VALUES (76, 188, 157, 31729.32, 1);
INSERT INTO pago_aplicacion (id, pago_id, cuenta_cobro_unidad_id, monto, prioridad) VALUES (77, 16, 194, 23466.9, 1);
INSERT INTO pago_aplicacion (id, pago_id, cuenta_cobro_unidad_id, monto, prioridad) VALUES (78, 124, 211, 12211.38, 1);
INSERT INTO pago_aplicacion (id, pago_id, cuenta_cobro_unidad_id, monto, prioridad) VALUES (79, 101, 202, 12174.94, 2);
INSERT INTO pago_aplicacion (id, pago_id, cuenta_cobro_unidad_id, monto, prioridad) VALUES (80, 101, 152, 13701.71, 2);
INSERT INTO pago_aplicacion (id, pago_id, cuenta_cobro_unidad_id, monto, prioridad) VALUES (81, 19, 58, 48351.08, 2);
INSERT INTO pago_aplicacion (id, pago_id, cuenta_cobro_unidad_id, monto, prioridad) VALUES (82, 36, 103, 10556.21, 3);
INSERT INTO pago_aplicacion (id, pago_id, cuenta_cobro_unidad_id, monto, prioridad) VALUES (83, 150, 173, 11833.08, 2);
INSERT INTO pago_aplicacion (id, pago_id, cuenta_cobro_unidad_id, monto, prioridad) VALUES (84, 37, 173, 17396.16, 2);
INSERT INTO pago_aplicacion (id, pago_id, cuenta_cobro_unidad_id, monto, prioridad) VALUES (85, 3, 164, 10278.14, 2);
INSERT INTO pago_aplicacion (id, pago_id, cuenta_cobro_unidad_id, monto, prioridad) VALUES (86, 135, 27, 39724.61, 3);
INSERT INTO pago_aplicacion (id, pago_id, cuenta_cobro_unidad_id, monto, prioridad) VALUES (87, 121, 60, 34718.96, 2);
INSERT INTO pago_aplicacion (id, pago_id, cuenta_cobro_unidad_id, monto, prioridad) VALUES (88, 211, 32, 29356.68, 3);
INSERT INTO pago_aplicacion (id, pago_id, cuenta_cobro_unidad_id, monto, prioridad) VALUES (89, 117, 40, 8168.12, 3);
INSERT INTO pago_aplicacion (id, pago_id, cuenta_cobro_unidad_id, monto, prioridad) VALUES (90, 88, 70, 47726.96, 1);
INSERT INTO pago_aplicacion (id, pago_id, cuenta_cobro_unidad_id, monto, prioridad) VALUES (91, 98, 215, 45100.25, 1);
INSERT INTO pago_aplicacion (id, pago_id, cuenta_cobro_unidad_id, monto, prioridad) VALUES (92, 161, 120, 24165.98, 1);
INSERT INTO pago_aplicacion (id, pago_id, cuenta_cobro_unidad_id, monto, prioridad) VALUES (93, 182, 178, 43947.78, 2);
INSERT INTO pago_aplicacion (id, pago_id, cuenta_cobro_unidad_id, monto, prioridad) VALUES (94, 195, 75, 15108.5, 1);
INSERT INTO pago_aplicacion (id, pago_id, cuenta_cobro_unidad_id, monto, prioridad) VALUES (95, 23, 188, 32149.22, 3);
INSERT INTO pago_aplicacion (id, pago_id, cuenta_cobro_unidad_id, monto, prioridad) VALUES (96, 93, 62, 44121.26, 3);
INSERT INTO pago_aplicacion (id, pago_id, cuenta_cobro_unidad_id, monto, prioridad) VALUES (97, 127, 215, 36571.96, 2);
INSERT INTO pago_aplicacion (id, pago_id, cuenta_cobro_unidad_id, monto, prioridad) VALUES (98, 108, 15, 33712.7, 2);
INSERT INTO pago_aplicacion (id, pago_id, cuenta_cobro_unidad_id, monto, prioridad) VALUES (99, 216, 186, 37959.92, 2);
INSERT INTO pago_aplicacion (id, pago_id, cuenta_cobro_unidad_id, monto, prioridad) VALUES (100, 164, 131, 19797.34, 3);
INSERT INTO pago_aplicacion (id, pago_id, cuenta_cobro_unidad_id, monto, prioridad) VALUES (101, 215, 65, 49238.9, 1);
INSERT INTO pago_aplicacion (id, pago_id, cuenta_cobro_unidad_id, monto, prioridad) VALUES (102, 4, 26, 37089.3, 2);
INSERT INTO pago_aplicacion (id, pago_id, cuenta_cobro_unidad_id, monto, prioridad) VALUES (103, 63, 150, 27273.92, 3);
INSERT INTO pago_aplicacion (id, pago_id, cuenta_cobro_unidad_id, monto, prioridad) VALUES (104, 112, 171, 16958.94, 3);
INSERT INTO pago_aplicacion (id, pago_id, cuenta_cobro_unidad_id, monto, prioridad) VALUES (105, 125, 144, 32298.83, 3);
INSERT INTO pago_aplicacion (id, pago_id, cuenta_cobro_unidad_id, monto, prioridad) VALUES (106, 97, 156, 28353.51, 3);
INSERT INTO pago_aplicacion (id, pago_id, cuenta_cobro_unidad_id, monto, prioridad) VALUES (107, 98, 11, 32074.8, 3);
INSERT INTO pago_aplicacion (id, pago_id, cuenta_cobro_unidad_id, monto, prioridad) VALUES (108, 215, 204, 33920.5, 1);
INSERT INTO pago_aplicacion (id, pago_id, cuenta_cobro_unidad_id, monto, prioridad) VALUES (109, 148, 25, 10286.3, 1);
INSERT INTO pago_aplicacion (id, pago_id, cuenta_cobro_unidad_id, monto, prioridad) VALUES (110, 93, 149, 35267.42, 3);
INSERT INTO pago_aplicacion (id, pago_id, cuenta_cobro_unidad_id, monto, prioridad) VALUES (111, 108, 209, 22718.53, 3);
INSERT INTO pago_aplicacion (id, pago_id, cuenta_cobro_unidad_id, monto, prioridad) VALUES (112, 11, 89, 34118.98, 2);
INSERT INTO pago_aplicacion (id, pago_id, cuenta_cobro_unidad_id, monto, prioridad) VALUES (113, 219, 118, 30800.52, 3);
INSERT INTO pago_aplicacion (id, pago_id, cuenta_cobro_unidad_id, monto, prioridad) VALUES (114, 10, 103, 41592.23, 3);
INSERT INTO pago_aplicacion (id, pago_id, cuenta_cobro_unidad_id, monto, prioridad) VALUES (115, 191, 200, 24430.88, 1);
INSERT INTO pago_aplicacion (id, pago_id, cuenta_cobro_unidad_id, monto, prioridad) VALUES (116, 56, 146, 13133.2, 3);
INSERT INTO pago_aplicacion (id, pago_id, cuenta_cobro_unidad_id, monto, prioridad) VALUES (117, 85, 26, 18152.46, 2);
INSERT INTO pago_aplicacion (id, pago_id, cuenta_cobro_unidad_id, monto, prioridad) VALUES (118, 206, 8, 37807.58, 2);
INSERT INTO pago_aplicacion (id, pago_id, cuenta_cobro_unidad_id, monto, prioridad) VALUES (119, 92, 210, 35735.53, 2);
INSERT INTO pago_aplicacion (id, pago_id, cuenta_cobro_unidad_id, monto, prioridad) VALUES (120, 64, 71, 25070.31, 1);
INSERT INTO pago_aplicacion (id, pago_id, cuenta_cobro_unidad_id, monto, prioridad) VALUES (121, 84, 118, 36459.7, 3);
INSERT INTO pago_aplicacion (id, pago_id, cuenta_cobro_unidad_id, monto, prioridad) VALUES (122, 68, 197, 40713.85, 1);
INSERT INTO pago_aplicacion (id, pago_id, cuenta_cobro_unidad_id, monto, prioridad) VALUES (123, 143, 198, 43856.73, 3);
INSERT INTO pago_aplicacion (id, pago_id, cuenta_cobro_unidad_id, monto, prioridad) VALUES (124, 83, 190, 23059.44, 2);
INSERT INTO pago_aplicacion (id, pago_id, cuenta_cobro_unidad_id, monto, prioridad) VALUES (125, 200, 209, 12742.61, 2);
INSERT INTO pago_aplicacion (id, pago_id, cuenta_cobro_unidad_id, monto, prioridad) VALUES (126, 220, 23, 20019.35, 3);
INSERT INTO pago_aplicacion (id, pago_id, cuenta_cobro_unidad_id, monto, prioridad) VALUES (127, 138, 190, 41232.01, 1);
INSERT INTO pago_aplicacion (id, pago_id, cuenta_cobro_unidad_id, monto, prioridad) VALUES (128, 82, 213, 18762.58, 3);
INSERT INTO pago_aplicacion (id, pago_id, cuenta_cobro_unidad_id, monto, prioridad) VALUES (129, 24, 164, 23272.94, 3);
INSERT INTO pago_aplicacion (id, pago_id, cuenta_cobro_unidad_id, monto, prioridad) VALUES (130, 128, 164, 13378.65, 2);
INSERT INTO pago_aplicacion (id, pago_id, cuenta_cobro_unidad_id, monto, prioridad) VALUES (131, 52, 68, 43518.92, 2);
INSERT INTO pago_aplicacion (id, pago_id, cuenta_cobro_unidad_id, monto, prioridad) VALUES (132, 90, 87, 41265.39, 2);
INSERT INTO pago_aplicacion (id, pago_id, cuenta_cobro_unidad_id, monto, prioridad) VALUES (133, 194, 41, 48168.88, 2);
INSERT INTO pago_aplicacion (id, pago_id, cuenta_cobro_unidad_id, monto, prioridad) VALUES (134, 5, 29, 13540.54, 2);
INSERT INTO pago_aplicacion (id, pago_id, cuenta_cobro_unidad_id, monto, prioridad) VALUES (135, 130, 180, 33903.85, 2);
INSERT INTO pago_aplicacion (id, pago_id, cuenta_cobro_unidad_id, monto, prioridad) VALUES (136, 194, 144, 29221.45, 2);
INSERT INTO pago_aplicacion (id, pago_id, cuenta_cobro_unidad_id, monto, prioridad) VALUES (137, 159, 179, 8417.09, 1);
INSERT INTO pago_aplicacion (id, pago_id, cuenta_cobro_unidad_id, monto, prioridad) VALUES (138, 24, 183, 31908.62, 3);
INSERT INTO pago_aplicacion (id, pago_id, cuenta_cobro_unidad_id, monto, prioridad) VALUES (139, 104, 219, 16851.65, 3);
INSERT INTO pago_aplicacion (id, pago_id, cuenta_cobro_unidad_id, monto, prioridad) VALUES (140, 88, 137, 20920.98, 1);
INSERT INTO pago_aplicacion (id, pago_id, cuenta_cobro_unidad_id, monto, prioridad) VALUES (141, 99, 27, 43025.43, 3);
INSERT INTO pago_aplicacion (id, pago_id, cuenta_cobro_unidad_id, monto, prioridad) VALUES (142, 209, 205, 18226.05, 3);
INSERT INTO pago_aplicacion (id, pago_id, cuenta_cobro_unidad_id, monto, prioridad) VALUES (143, 22, 83, 49974.75, 2);
INSERT INTO pago_aplicacion (id, pago_id, cuenta_cobro_unidad_id, monto, prioridad) VALUES (144, 212, 11, 16065.66, 1);
INSERT INTO pago_aplicacion (id, pago_id, cuenta_cobro_unidad_id, monto, prioridad) VALUES (145, 171, 71, 6186.16, 1);
INSERT INTO pago_aplicacion (id, pago_id, cuenta_cobro_unidad_id, monto, prioridad) VALUES (146, 214, 178, 49246.8, 1);
INSERT INTO pago_aplicacion (id, pago_id, cuenta_cobro_unidad_id, monto, prioridad) VALUES (147, 58, 113, 34155.28, 1);
INSERT INTO pago_aplicacion (id, pago_id, cuenta_cobro_unidad_id, monto, prioridad) VALUES (148, 38, 4, 18355.69, 1);
INSERT INTO pago_aplicacion (id, pago_id, cuenta_cobro_unidad_id, monto, prioridad) VALUES (149, 220, 157, 26747.3, 2);
INSERT INTO pago_aplicacion (id, pago_id, cuenta_cobro_unidad_id, monto, prioridad) VALUES (150, 107, 143, 29805.18, 3);
INSERT INTO pago_aplicacion (id, pago_id, cuenta_cobro_unidad_id, monto, prioridad) VALUES (151, 50, 106, 13372.61, 3);
INSERT INTO pago_aplicacion (id, pago_id, cuenta_cobro_unidad_id, monto, prioridad) VALUES (152, 149, 103, 33226.48, 2);
INSERT INTO pago_aplicacion (id, pago_id, cuenta_cobro_unidad_id, monto, prioridad) VALUES (153, 192, 67, 36803.57, 2);
INSERT INTO pago_aplicacion (id, pago_id, cuenta_cobro_unidad_id, monto, prioridad) VALUES (154, 206, 206, 16860.08, 2);
INSERT INTO pago_aplicacion (id, pago_id, cuenta_cobro_unidad_id, monto, prioridad) VALUES (155, 94, 61, 19406.96, 2);
INSERT INTO pago_aplicacion (id, pago_id, cuenta_cobro_unidad_id, monto, prioridad) VALUES (156, 20, 178, 11052.18, 3);
INSERT INTO pago_aplicacion (id, pago_id, cuenta_cobro_unidad_id, monto, prioridad) VALUES (157, 64, 204, 29222.39, 1);
INSERT INTO pago_aplicacion (id, pago_id, cuenta_cobro_unidad_id, monto, prioridad) VALUES (158, 25, 201, 49347.69, 3);
INSERT INTO pago_aplicacion (id, pago_id, cuenta_cobro_unidad_id, monto, prioridad) VALUES (159, 122, 138, 19106.82, 3);
INSERT INTO pago_aplicacion (id, pago_id, cuenta_cobro_unidad_id, monto, prioridad) VALUES (160, 59, 185, 20675.43, 3);
INSERT INTO pago_aplicacion (id, pago_id, cuenta_cobro_unidad_id, monto, prioridad) VALUES (161, 166, 142, 41948.49, 1);
INSERT INTO pago_aplicacion (id, pago_id, cuenta_cobro_unidad_id, monto, prioridad) VALUES (162, 120, 69, 30841.66, 1);
INSERT INTO pago_aplicacion (id, pago_id, cuenta_cobro_unidad_id, monto, prioridad) VALUES (163, 118, 159, 24704.19, 3);
INSERT INTO pago_aplicacion (id, pago_id, cuenta_cobro_unidad_id, monto, prioridad) VALUES (164, 112, 17, 47892.38, 1);
INSERT INTO pago_aplicacion (id, pago_id, cuenta_cobro_unidad_id, monto, prioridad) VALUES (165, 6, 144, 25181.07, 3);
INSERT INTO pago_aplicacion (id, pago_id, cuenta_cobro_unidad_id, monto, prioridad) VALUES (166, 15, 89, 26448.19, 3);
INSERT INTO pago_aplicacion (id, pago_id, cuenta_cobro_unidad_id, monto, prioridad) VALUES (167, 38, 17, 35690.32, 1);
INSERT INTO pago_aplicacion (id, pago_id, cuenta_cobro_unidad_id, monto, prioridad) VALUES (168, 185, 71, 30638.91, 3);
INSERT INTO pago_aplicacion (id, pago_id, cuenta_cobro_unidad_id, monto, prioridad) VALUES (169, 8, 183, 31898.23, 2);
INSERT INTO pago_aplicacion (id, pago_id, cuenta_cobro_unidad_id, monto, prioridad) VALUES (170, 181, 196, 47423.67, 2);
INSERT INTO pago_aplicacion (id, pago_id, cuenta_cobro_unidad_id, monto, prioridad) VALUES (171, 56, 170, 25345.03, 3);
INSERT INTO pago_aplicacion (id, pago_id, cuenta_cobro_unidad_id, monto, prioridad) VALUES (172, 179, 173, 18709.75, 1);
INSERT INTO pago_aplicacion (id, pago_id, cuenta_cobro_unidad_id, monto, prioridad) VALUES (173, 146, 205, 44418.59, 2);
INSERT INTO pago_aplicacion (id, pago_id, cuenta_cobro_unidad_id, monto, prioridad) VALUES (174, 37, 197, 29282.57, 3);
INSERT INTO pago_aplicacion (id, pago_id, cuenta_cobro_unidad_id, monto, prioridad) VALUES (175, 151, 81, 43823.03, 3);
INSERT INTO pago_aplicacion (id, pago_id, cuenta_cobro_unidad_id, monto, prioridad) VALUES (176, 14, 183, 38950.98, 3);
INSERT INTO pago_aplicacion (id, pago_id, cuenta_cobro_unidad_id, monto, prioridad) VALUES (177, 31, 199, 48980.92, 3);
INSERT INTO pago_aplicacion (id, pago_id, cuenta_cobro_unidad_id, monto, prioridad) VALUES (178, 17, 136, 23617.01, 1);
INSERT INTO pago_aplicacion (id, pago_id, cuenta_cobro_unidad_id, monto, prioridad) VALUES (179, 188, 50, 16195.98, 3);
INSERT INTO pago_aplicacion (id, pago_id, cuenta_cobro_unidad_id, monto, prioridad) VALUES (180, 199, 195, 49531.56, 1);
INSERT INTO pago_aplicacion (id, pago_id, cuenta_cobro_unidad_id, monto, prioridad) VALUES (181, 8, 167, 46797.18, 3);
INSERT INTO pago_aplicacion (id, pago_id, cuenta_cobro_unidad_id, monto, prioridad) VALUES (182, 31, 85, 9009.76, 2);
INSERT INTO pago_aplicacion (id, pago_id, cuenta_cobro_unidad_id, monto, prioridad) VALUES (183, 147, 180, 47706.35, 2);
INSERT INTO pago_aplicacion (id, pago_id, cuenta_cobro_unidad_id, monto, prioridad) VALUES (184, 207, 105, 22158.08, 2);
INSERT INTO pago_aplicacion (id, pago_id, cuenta_cobro_unidad_id, monto, prioridad) VALUES (185, 36, 217, 20448.29, 1);
INSERT INTO pago_aplicacion (id, pago_id, cuenta_cobro_unidad_id, monto, prioridad) VALUES (186, 80, 91, 12983.49, 2);
INSERT INTO pago_aplicacion (id, pago_id, cuenta_cobro_unidad_id, monto, prioridad) VALUES (187, 65, 128, 9083.05, 2);
INSERT INTO pago_aplicacion (id, pago_id, cuenta_cobro_unidad_id, monto, prioridad) VALUES (188, 103, 52, 15198.81, 3);
INSERT INTO pago_aplicacion (id, pago_id, cuenta_cobro_unidad_id, monto, prioridad) VALUES (189, 163, 21, 20287.41, 1);
INSERT INTO pago_aplicacion (id, pago_id, cuenta_cobro_unidad_id, monto, prioridad) VALUES (190, 135, 66, 5918.03, 3);
INSERT INTO pago_aplicacion (id, pago_id, cuenta_cobro_unidad_id, monto, prioridad) VALUES (191, 16, 143, 7661.58, 2);
INSERT INTO pago_aplicacion (id, pago_id, cuenta_cobro_unidad_id, monto, prioridad) VALUES (192, 25, 44, 5077.8, 3);
INSERT INTO pago_aplicacion (id, pago_id, cuenta_cobro_unidad_id, monto, prioridad) VALUES (193, 4, 2, 19708.68, 2);
INSERT INTO pago_aplicacion (id, pago_id, cuenta_cobro_unidad_id, monto, prioridad) VALUES (194, 8, 205, 45731.53, 3);
INSERT INTO pago_aplicacion (id, pago_id, cuenta_cobro_unidad_id, monto, prioridad) VALUES (195, 96, 220, 8122.52, 1);
INSERT INTO pago_aplicacion (id, pago_id, cuenta_cobro_unidad_id, monto, prioridad) VALUES (196, 49, 163, 32939.26, 1);
INSERT INTO pago_aplicacion (id, pago_id, cuenta_cobro_unidad_id, monto, prioridad) VALUES (197, 138, 56, 48909.85, 1);
INSERT INTO pago_aplicacion (id, pago_id, cuenta_cobro_unidad_id, monto, prioridad) VALUES (198, 175, 40, 31987.32, 3);
INSERT INTO pago_aplicacion (id, pago_id, cuenta_cobro_unidad_id, monto, prioridad) VALUES (199, 46, 113, 36786.54, 1);
INSERT INTO pago_aplicacion (id, pago_id, cuenta_cobro_unidad_id, monto, prioridad) VALUES (200, 130, 39, 41646.27, 2);
INSERT INTO pago_aplicacion (id, pago_id, cuenta_cobro_unidad_id, monto, prioridad) VALUES (201, 8, 160, 6744.84, 3);
INSERT INTO pago_aplicacion (id, pago_id, cuenta_cobro_unidad_id, monto, prioridad) VALUES (202, 204, 31, 41324.22, 2);
INSERT INTO pago_aplicacion (id, pago_id, cuenta_cobro_unidad_id, monto, prioridad) VALUES (203, 75, 28, 20707.43, 1);
INSERT INTO pago_aplicacion (id, pago_id, cuenta_cobro_unidad_id, monto, prioridad) VALUES (204, 152, 133, 12532.34, 1);
INSERT INTO pago_aplicacion (id, pago_id, cuenta_cobro_unidad_id, monto, prioridad) VALUES (205, 128, 50, 32157.65, 3);
INSERT INTO pago_aplicacion (id, pago_id, cuenta_cobro_unidad_id, monto, prioridad) VALUES (206, 87, 117, 46787.29, 3);
INSERT INTO pago_aplicacion (id, pago_id, cuenta_cobro_unidad_id, monto, prioridad) VALUES (207, 213, 100, 40282.82, 1);
INSERT INTO pago_aplicacion (id, pago_id, cuenta_cobro_unidad_id, monto, prioridad) VALUES (208, 172, 142, 7945.86, 1);
INSERT INTO pago_aplicacion (id, pago_id, cuenta_cobro_unidad_id, monto, prioridad) VALUES (209, 94, 37, 15775.31, 2);
INSERT INTO pago_aplicacion (id, pago_id, cuenta_cobro_unidad_id, monto, prioridad) VALUES (210, 49, 204, 23192.81, 2);
INSERT INTO pago_aplicacion (id, pago_id, cuenta_cobro_unidad_id, monto, prioridad) VALUES (211, 16, 123, 41490.83, 3);
INSERT INTO pago_aplicacion (id, pago_id, cuenta_cobro_unidad_id, monto, prioridad) VALUES (212, 182, 194, 42757.8, 1);
INSERT INTO pago_aplicacion (id, pago_id, cuenta_cobro_unidad_id, monto, prioridad) VALUES (213, 218, 134, 9092.91, 3);
INSERT INTO pago_aplicacion (id, pago_id, cuenta_cobro_unidad_id, monto, prioridad) VALUES (214, 83, 135, 30334.85, 3);
INSERT INTO pago_aplicacion (id, pago_id, cuenta_cobro_unidad_id, monto, prioridad) VALUES (215, 137, 134, 22738.32, 3);
INSERT INTO pago_aplicacion (id, pago_id, cuenta_cobro_unidad_id, monto, prioridad) VALUES (216, 165, 52, 17715.27, 1);
INSERT INTO pago_aplicacion (id, pago_id, cuenta_cobro_unidad_id, monto, prioridad) VALUES (217, 115, 196, 13911.87, 3);
INSERT INTO pago_aplicacion (id, pago_id, cuenta_cobro_unidad_id, monto, prioridad) VALUES (218, 110, 104, 24581.25, 1);
INSERT INTO pago_aplicacion (id, pago_id, cuenta_cobro_unidad_id, monto, prioridad) VALUES (219, 126, 7, 27105.77, 2);
INSERT INTO pago_aplicacion (id, pago_id, cuenta_cobro_unidad_id, monto, prioridad) VALUES (220, 144, 124, 32434.85, 2);
INSERT INTO pago_aplicacion (id, pago_id, cuenta_cobro_unidad_id, monto, prioridad) VALUES (221, 128, 202, 39683.33, 3);
INSERT INTO pago_aplicacion (id, pago_id, cuenta_cobro_unidad_id, monto, prioridad) VALUES (222, 179, 15, 28739.76, 1);
INSERT INTO pago_aplicacion (id, pago_id, cuenta_cobro_unidad_id, monto, prioridad) VALUES (223, 49, 23, 18820.39, 3);
INSERT INTO pago_aplicacion (id, pago_id, cuenta_cobro_unidad_id, monto, prioridad) VALUES (224, 192, 147, 29425.42, 3);
INSERT INTO pago_aplicacion (id, pago_id, cuenta_cobro_unidad_id, monto, prioridad) VALUES (225, 81, 190, 7158.02, 1);
INSERT INTO pago_aplicacion (id, pago_id, cuenta_cobro_unidad_id, monto, prioridad) VALUES (226, 13, 78, 22320.56, 2);
INSERT INTO pago_aplicacion (id, pago_id, cuenta_cobro_unidad_id, monto, prioridad) VALUES (227, 138, 14, 42068.58, 3);
INSERT INTO pago_aplicacion (id, pago_id, cuenta_cobro_unidad_id, monto, prioridad) VALUES (228, 112, 190, 27876.87, 1);
INSERT INTO pago_aplicacion (id, pago_id, cuenta_cobro_unidad_id, monto, prioridad) VALUES (229, 131, 95, 35651.0, 1);
INSERT INTO pago_aplicacion (id, pago_id, cuenta_cobro_unidad_id, monto, prioridad) VALUES (230, 55, 26, 25575.52, 1);
INSERT INTO pago_aplicacion (id, pago_id, cuenta_cobro_unidad_id, monto, prioridad) VALUES (231, 57, 183, 19413.97, 3);
INSERT INTO pago_aplicacion (id, pago_id, cuenta_cobro_unidad_id, monto, prioridad) VALUES (232, 53, 127, 14303.16, 3);
INSERT INTO pago_aplicacion (id, pago_id, cuenta_cobro_unidad_id, monto, prioridad) VALUES (233, 157, 4, 7035.52, 2);
INSERT INTO pago_aplicacion (id, pago_id, cuenta_cobro_unidad_id, monto, prioridad) VALUES (234, 53, 177, 10234.9, 2);
INSERT INTO pago_aplicacion (id, pago_id, cuenta_cobro_unidad_id, monto, prioridad) VALUES (235, 2, 62, 34681.74, 2);
INSERT INTO pago_aplicacion (id, pago_id, cuenta_cobro_unidad_id, monto, prioridad) VALUES (236, 46, 100, 42195.75, 2);
INSERT INTO pago_aplicacion (id, pago_id, cuenta_cobro_unidad_id, monto, prioridad) VALUES (237, 215, 103, 7014.06, 1);
INSERT INTO pago_aplicacion (id, pago_id, cuenta_cobro_unidad_id, monto, prioridad) VALUES (238, 154, 64, 32979.37, 2);
INSERT INTO pago_aplicacion (id, pago_id, cuenta_cobro_unidad_id, monto, prioridad) VALUES (239, 109, 175, 30674.29, 3);
INSERT INTO pago_aplicacion (id, pago_id, cuenta_cobro_unidad_id, monto, prioridad) VALUES (240, 80, 53, 47312.28, 3);
INSERT INTO pago_aplicacion (id, pago_id, cuenta_cobro_unidad_id, monto, prioridad) VALUES (241, 189, 70, 23414.15, 1);
INSERT INTO pago_aplicacion (id, pago_id, cuenta_cobro_unidad_id, monto, prioridad) VALUES (242, 107, 211, 23613.79, 2);
INSERT INTO pago_aplicacion (id, pago_id, cuenta_cobro_unidad_id, monto, prioridad) VALUES (243, 216, 49, 41752.61, 2);
INSERT INTO pago_aplicacion (id, pago_id, cuenta_cobro_unidad_id, monto, prioridad) VALUES (244, 65, 154, 5469.34, 3);
INSERT INTO pago_aplicacion (id, pago_id, cuenta_cobro_unidad_id, monto, prioridad) VALUES (245, 102, 11, 36320.08, 2);
INSERT INTO pago_aplicacion (id, pago_id, cuenta_cobro_unidad_id, monto, prioridad) VALUES (246, 33, 170, 36027.47, 1);
INSERT INTO pago_aplicacion (id, pago_id, cuenta_cobro_unidad_id, monto, prioridad) VALUES (247, 164, 30, 10187.53, 2);
INSERT INTO pago_aplicacion (id, pago_id, cuenta_cobro_unidad_id, monto, prioridad) VALUES (248, 18, 47, 29162.29, 1);
INSERT INTO pago_aplicacion (id, pago_id, cuenta_cobro_unidad_id, monto, prioridad) VALUES (249, 190, 66, 47989.27, 3);
INSERT INTO pago_aplicacion (id, pago_id, cuenta_cobro_unidad_id, monto, prioridad) VALUES (250, 178, 102, 17816.31, 2);
INSERT INTO pago_aplicacion (id, pago_id, cuenta_cobro_unidad_id, monto, prioridad) VALUES (251, 73, 220, 30654.88, 1);
INSERT INTO pago_aplicacion (id, pago_id, cuenta_cobro_unidad_id, monto, prioridad) VALUES (252, 195, 31, 22770.78, 1);
INSERT INTO pago_aplicacion (id, pago_id, cuenta_cobro_unidad_id, monto, prioridad) VALUES (253, 23, 143, 43090.44, 1);
INSERT INTO pago_aplicacion (id, pago_id, cuenta_cobro_unidad_id, monto, prioridad) VALUES (254, 33, 133, 49800.13, 2);
INSERT INTO pago_aplicacion (id, pago_id, cuenta_cobro_unidad_id, monto, prioridad) VALUES (255, 123, 28, 10013.3, 1);
INSERT INTO pago_aplicacion (id, pago_id, cuenta_cobro_unidad_id, monto, prioridad) VALUES (256, 214, 100, 13301.52, 3);
INSERT INTO pago_aplicacion (id, pago_id, cuenta_cobro_unidad_id, monto, prioridad) VALUES (257, 207, 18, 15878.83, 3);
INSERT INTO pago_aplicacion (id, pago_id, cuenta_cobro_unidad_id, monto, prioridad) VALUES (258, 95, 113, 38225.58, 2);
INSERT INTO pago_aplicacion (id, pago_id, cuenta_cobro_unidad_id, monto, prioridad) VALUES (259, 153, 197, 6847.34, 3);
INSERT INTO pago_aplicacion (id, pago_id, cuenta_cobro_unidad_id, monto, prioridad) VALUES (260, 197, 49, 39584.71, 3);
INSERT INTO pago_aplicacion (id, pago_id, cuenta_cobro_unidad_id, monto, prioridad) VALUES (261, 82, 12, 30596.06, 1);
INSERT INTO pago_aplicacion (id, pago_id, cuenta_cobro_unidad_id, monto, prioridad) VALUES (262, 88, 65, 46482.79, 2);
INSERT INTO pago_aplicacion (id, pago_id, cuenta_cobro_unidad_id, monto, prioridad) VALUES (263, 119, 52, 45570.33, 1);
INSERT INTO pago_aplicacion (id, pago_id, cuenta_cobro_unidad_id, monto, prioridad) VALUES (264, 101, 98, 11889.39, 2);
INSERT INTO pago_aplicacion (id, pago_id, cuenta_cobro_unidad_id, monto, prioridad) VALUES (265, 130, 17, 15135.6, 3);
INSERT INTO pago_aplicacion (id, pago_id, cuenta_cobro_unidad_id, monto, prioridad) VALUES (266, 50, 86, 34610.55, 2);
INSERT INTO pago_aplicacion (id, pago_id, cuenta_cobro_unidad_id, monto, prioridad) VALUES (267, 7, 113, 8122.23, 1);
INSERT INTO pago_aplicacion (id, pago_id, cuenta_cobro_unidad_id, monto, prioridad) VALUES (268, 155, 136, 17951.29, 1);
INSERT INTO pago_aplicacion (id, pago_id, cuenta_cobro_unidad_id, monto, prioridad) VALUES (269, 37, 141, 48387.94, 1);
INSERT INTO pago_aplicacion (id, pago_id, cuenta_cobro_unidad_id, monto, prioridad) VALUES (270, 29, 176, 7930.91, 3);
INSERT INTO pago_aplicacion (id, pago_id, cuenta_cobro_unidad_id, monto, prioridad) VALUES (271, 137, 5, 32836.38, 1);
INSERT INTO pago_aplicacion (id, pago_id, cuenta_cobro_unidad_id, monto, prioridad) VALUES (272, 186, 83, 21666.75, 1);
INSERT INTO pago_aplicacion (id, pago_id, cuenta_cobro_unidad_id, monto, prioridad) VALUES (273, 27, 176, 15514.79, 2);
INSERT INTO pago_aplicacion (id, pago_id, cuenta_cobro_unidad_id, monto, prioridad) VALUES (274, 1, 145, 7628.79, 2);
INSERT INTO pago_aplicacion (id, pago_id, cuenta_cobro_unidad_id, monto, prioridad) VALUES (275, 197, 146, 10383.89, 1);
INSERT INTO pago_aplicacion (id, pago_id, cuenta_cobro_unidad_id, monto, prioridad) VALUES (276, 196, 161, 6583.78, 3);
INSERT INTO pago_aplicacion (id, pago_id, cuenta_cobro_unidad_id, monto, prioridad) VALUES (277, 19, 6, 34198.82, 2);
INSERT INTO pago_aplicacion (id, pago_id, cuenta_cobro_unidad_id, monto, prioridad) VALUES (278, 147, 166, 22372.46, 3);
INSERT INTO pago_aplicacion (id, pago_id, cuenta_cobro_unidad_id, monto, prioridad) VALUES (279, 158, 100, 25235.2, 3);
INSERT INTO pago_aplicacion (id, pago_id, cuenta_cobro_unidad_id, monto, prioridad) VALUES (280, 61, 175, 27075.31, 2);
INSERT INTO pago_aplicacion (id, pago_id, cuenta_cobro_unidad_id, monto, prioridad) VALUES (281, 89, 163, 25474.29, 1);
INSERT INTO pago_aplicacion (id, pago_id, cuenta_cobro_unidad_id, monto, prioridad) VALUES (282, 117, 138, 44574.99, 1);
INSERT INTO pago_aplicacion (id, pago_id, cuenta_cobro_unidad_id, monto, prioridad) VALUES (283, 37, 74, 33669.19, 1);
INSERT INTO pago_aplicacion (id, pago_id, cuenta_cobro_unidad_id, monto, prioridad) VALUES (284, 100, 66, 44687.19, 2);
INSERT INTO pago_aplicacion (id, pago_id, cuenta_cobro_unidad_id, monto, prioridad) VALUES (285, 190, 6, 24428.15, 2);
INSERT INTO pago_aplicacion (id, pago_id, cuenta_cobro_unidad_id, monto, prioridad) VALUES (286, 37, 11, 25696.94, 3);
INSERT INTO pago_aplicacion (id, pago_id, cuenta_cobro_unidad_id, monto, prioridad) VALUES (287, 139, 219, 15214.35, 2);
INSERT INTO pago_aplicacion (id, pago_id, cuenta_cobro_unidad_id, monto, prioridad) VALUES (288, 33, 216, 33192.5, 1);
INSERT INTO pago_aplicacion (id, pago_id, cuenta_cobro_unidad_id, monto, prioridad) VALUES (289, 104, 108, 44762.98, 2);
INSERT INTO pago_aplicacion (id, pago_id, cuenta_cobro_unidad_id, monto, prioridad) VALUES (290, 188, 116, 24975.18, 2);
INSERT INTO pago_aplicacion (id, pago_id, cuenta_cobro_unidad_id, monto, prioridad) VALUES (291, 119, 94, 20201.06, 3);
INSERT INTO pago_aplicacion (id, pago_id, cuenta_cobro_unidad_id, monto, prioridad) VALUES (292, 103, 35, 37548.85, 1);
INSERT INTO pago_aplicacion (id, pago_id, cuenta_cobro_unidad_id, monto, prioridad) VALUES (293, 63, 56, 37066.54, 3);
INSERT INTO pago_aplicacion (id, pago_id, cuenta_cobro_unidad_id, monto, prioridad) VALUES (294, 50, 187, 34669.67, 3);
INSERT INTO pago_aplicacion (id, pago_id, cuenta_cobro_unidad_id, monto, prioridad) VALUES (295, 94, 119, 29669.25, 2);
INSERT INTO pago_aplicacion (id, pago_id, cuenta_cobro_unidad_id, monto, prioridad) VALUES (296, 96, 165, 18810.45, 2);
INSERT INTO pago_aplicacion (id, pago_id, cuenta_cobro_unidad_id, monto, prioridad) VALUES (297, 37, 121, 9889.26, 3);
INSERT INTO pago_aplicacion (id, pago_id, cuenta_cobro_unidad_id, monto, prioridad) VALUES (298, 116, 77, 45710.42, 3);
INSERT INTO pago_aplicacion (id, pago_id, cuenta_cobro_unidad_id, monto, prioridad) VALUES (299, 106, 14, 13973.44, 2);
INSERT INTO pago_aplicacion (id, pago_id, cuenta_cobro_unidad_id, monto, prioridad) VALUES (300, 142, 41, 34684.32, 3);
INSERT INTO pago_aplicacion (id, pago_id, cuenta_cobro_unidad_id, monto, prioridad) VALUES (301, 111, 47, 47443.97, 1);
INSERT INTO pago_aplicacion (id, pago_id, cuenta_cobro_unidad_id, monto, prioridad) VALUES (302, 178, 53, 22368.68, 3);
INSERT INTO pago_aplicacion (id, pago_id, cuenta_cobro_unidad_id, monto, prioridad) VALUES (303, 45, 70, 49263.46, 3);
INSERT INTO pago_aplicacion (id, pago_id, cuenta_cobro_unidad_id, monto, prioridad) VALUES (304, 145, 197, 12013.51, 2);
INSERT INTO pago_aplicacion (id, pago_id, cuenta_cobro_unidad_id, monto, prioridad) VALUES (305, 148, 201, 41037.66, 1);
INSERT INTO pago_aplicacion (id, pago_id, cuenta_cobro_unidad_id, monto, prioridad) VALUES (306, 106, 82, 26086.09, 3);
INSERT INTO pago_aplicacion (id, pago_id, cuenta_cobro_unidad_id, monto, prioridad) VALUES (307, 34, 196, 46906.36, 2);
INSERT INTO pago_aplicacion (id, pago_id, cuenta_cobro_unidad_id, monto, prioridad) VALUES (308, 157, 196, 32554.62, 3);
INSERT INTO pago_aplicacion (id, pago_id, cuenta_cobro_unidad_id, monto, prioridad) VALUES (309, 161, 10, 35428.52, 1);
INSERT INTO pago_aplicacion (id, pago_id, cuenta_cobro_unidad_id, monto, prioridad) VALUES (310, 22, 6, 5390.09, 1);
INSERT INTO pago_aplicacion (id, pago_id, cuenta_cobro_unidad_id, monto, prioridad) VALUES (311, 85, 219, 9047.61, 2);
INSERT INTO pago_aplicacion (id, pago_id, cuenta_cobro_unidad_id, monto, prioridad) VALUES (312, 52, 191, 11777.13, 1);
INSERT INTO pago_aplicacion (id, pago_id, cuenta_cobro_unidad_id, monto, prioridad) VALUES (313, 79, 216, 7971.04, 3);
INSERT INTO pago_aplicacion (id, pago_id, cuenta_cobro_unidad_id, monto, prioridad) VALUES (314, 81, 150, 45703.18, 2);
INSERT INTO pago_aplicacion (id, pago_id, cuenta_cobro_unidad_id, monto, prioridad) VALUES (315, 122, 87, 36662.14, 2);
INSERT INTO pago_aplicacion (id, pago_id, cuenta_cobro_unidad_id, monto, prioridad) VALUES (316, 78, 26, 41105.12, 1);
INSERT INTO pago_aplicacion (id, pago_id, cuenta_cobro_unidad_id, monto, prioridad) VALUES (317, 39, 42, 23683.36, 3);
INSERT INTO pago_aplicacion (id, pago_id, cuenta_cobro_unidad_id, monto, prioridad) VALUES (318, 159, 105, 12122.62, 3);
INSERT INTO pago_aplicacion (id, pago_id, cuenta_cobro_unidad_id, monto, prioridad) VALUES (319, 161, 121, 36493.82, 2);
INSERT INTO pago_aplicacion (id, pago_id, cuenta_cobro_unidad_id, monto, prioridad) VALUES (320, 177, 218, 45664.32, 1);
INSERT INTO pago_aplicacion (id, pago_id, cuenta_cobro_unidad_id, monto, prioridad) VALUES (321, 170, 38, 45913.32, 1);
INSERT INTO pago_aplicacion (id, pago_id, cuenta_cobro_unidad_id, monto, prioridad) VALUES (322, 194, 11, 11101.94, 2);
INSERT INTO pago_aplicacion (id, pago_id, cuenta_cobro_unidad_id, monto, prioridad) VALUES (323, 122, 98, 26459.6, 1);
INSERT INTO pago_aplicacion (id, pago_id, cuenta_cobro_unidad_id, monto, prioridad) VALUES (324, 151, 177, 49449.79, 2);
INSERT INTO pago_aplicacion (id, pago_id, cuenta_cobro_unidad_id, monto, prioridad) VALUES (325, 113, 150, 30735.96, 2);
INSERT INTO pago_aplicacion (id, pago_id, cuenta_cobro_unidad_id, monto, prioridad) VALUES (326, 6, 126, 47597.18, 3);
INSERT INTO pago_aplicacion (id, pago_id, cuenta_cobro_unidad_id, monto, prioridad) VALUES (327, 89, 87, 49451.69, 2);
INSERT INTO pago_aplicacion (id, pago_id, cuenta_cobro_unidad_id, monto, prioridad) VALUES (328, 18, 46, 11072.45, 2);
INSERT INTO pago_aplicacion (id, pago_id, cuenta_cobro_unidad_id, monto, prioridad) VALUES (329, 174, 101, 46254.38, 1);
INSERT INTO pago_aplicacion (id, pago_id, cuenta_cobro_unidad_id, monto, prioridad) VALUES (330, 203, 172, 13870.93, 3);
INSERT INTO pago_aplicacion (id, pago_id, cuenta_cobro_unidad_id, monto, prioridad) VALUES (331, 83, 75, 37013.37, 1);
INSERT INTO pago_aplicacion (id, pago_id, cuenta_cobro_unidad_id, monto, prioridad) VALUES (332, 91, 155, 49260.69, 2);
INSERT INTO pago_aplicacion (id, pago_id, cuenta_cobro_unidad_id, monto, prioridad) VALUES (333, 5, 160, 45097.15, 2);
INSERT INTO pago_aplicacion (id, pago_id, cuenta_cobro_unidad_id, monto, prioridad) VALUES (334, 44, 94, 43306.38, 1);
INSERT INTO pago_aplicacion (id, pago_id, cuenta_cobro_unidad_id, monto, prioridad) VALUES (335, 132, 72, 49191.64, 1);
INSERT INTO pago_aplicacion (id, pago_id, cuenta_cobro_unidad_id, monto, prioridad) VALUES (336, 126, 82, 45761.75, 1);
INSERT INTO pago_aplicacion (id, pago_id, cuenta_cobro_unidad_id, monto, prioridad) VALUES (337, 167, 62, 36523.17, 2);
INSERT INTO pago_aplicacion (id, pago_id, cuenta_cobro_unidad_id, monto, prioridad) VALUES (338, 115, 111, 20188.3, 2);
INSERT INTO pago_aplicacion (id, pago_id, cuenta_cobro_unidad_id, monto, prioridad) VALUES (339, 192, 195, 34551.2, 3);
INSERT INTO pago_aplicacion (id, pago_id, cuenta_cobro_unidad_id, monto, prioridad) VALUES (340, 21, 86, 29807.34, 1);
INSERT INTO pago_aplicacion (id, pago_id, cuenta_cobro_unidad_id, monto, prioridad) VALUES (341, 160, 3, 38058.86, 1);
INSERT INTO pago_aplicacion (id, pago_id, cuenta_cobro_unidad_id, monto, prioridad) VALUES (342, 78, 98, 13983.91, 2);
INSERT INTO pago_aplicacion (id, pago_id, cuenta_cobro_unidad_id, monto, prioridad) VALUES (343, 98, 100, 6619.24, 3);
INSERT INTO pago_aplicacion (id, pago_id, cuenta_cobro_unidad_id, monto, prioridad) VALUES (344, 70, 179, 21881.39, 2);
INSERT INTO pago_aplicacion (id, pago_id, cuenta_cobro_unidad_id, monto, prioridad) VALUES (345, 206, 132, 43413.2, 2);
INSERT INTO pago_aplicacion (id, pago_id, cuenta_cobro_unidad_id, monto, prioridad) VALUES (346, 105, 182, 20395.79, 2);
INSERT INTO pago_aplicacion (id, pago_id, cuenta_cobro_unidad_id, monto, prioridad) VALUES (347, 185, 67, 29857.22, 2);
INSERT INTO pago_aplicacion (id, pago_id, cuenta_cobro_unidad_id, monto, prioridad) VALUES (348, 73, 69, 8748.78, 2);
INSERT INTO pago_aplicacion (id, pago_id, cuenta_cobro_unidad_id, monto, prioridad) VALUES (349, 172, 22, 41246.38, 2);
INSERT INTO pago_aplicacion (id, pago_id, cuenta_cobro_unidad_id, monto, prioridad) VALUES (350, 131, 30, 6035.34, 1);
INSERT INTO pago_aplicacion (id, pago_id, cuenta_cobro_unidad_id, monto, prioridad) VALUES (351, 207, 196, 9817.23, 1);
INSERT INTO pago_aplicacion (id, pago_id, cuenta_cobro_unidad_id, monto, prioridad) VALUES (352, 46, 96, 7923.16, 3);
INSERT INTO pago_aplicacion (id, pago_id, cuenta_cobro_unidad_id, monto, prioridad) VALUES (353, 206, 61, 40049.45, 1);
INSERT INTO pago_aplicacion (id, pago_id, cuenta_cobro_unidad_id, monto, prioridad) VALUES (354, 3, 186, 5605.13, 2);
INSERT INTO pago_aplicacion (id, pago_id, cuenta_cobro_unidad_id, monto, prioridad) VALUES (355, 159, 19, 12030.97, 3);
INSERT INTO pago_aplicacion (id, pago_id, cuenta_cobro_unidad_id, monto, prioridad) VALUES (356, 118, 162, 44303.06, 3);
INSERT INTO pago_aplicacion (id, pago_id, cuenta_cobro_unidad_id, monto, prioridad) VALUES (357, 28, 157, 10489.03, 3);
INSERT INTO pago_aplicacion (id, pago_id, cuenta_cobro_unidad_id, monto, prioridad) VALUES (358, 36, 52, 46310.1, 1);
INSERT INTO pago_aplicacion (id, pago_id, cuenta_cobro_unidad_id, monto, prioridad) VALUES (359, 48, 24, 37321.45, 1);
INSERT INTO pago_aplicacion (id, pago_id, cuenta_cobro_unidad_id, monto, prioridad) VALUES (360, 1, 111, 40621.67, 1);
INSERT INTO pago_aplicacion (id, pago_id, cuenta_cobro_unidad_id, monto, prioridad) VALUES (361, 54, 13, 37264.06, 2);
INSERT INTO pago_aplicacion (id, pago_id, cuenta_cobro_unidad_id, monto, prioridad) VALUES (362, 83, 161, 28820.01, 2);
INSERT INTO pago_aplicacion (id, pago_id, cuenta_cobro_unidad_id, monto, prioridad) VALUES (363, 210, 51, 36870.69, 2);
INSERT INTO pago_aplicacion (id, pago_id, cuenta_cobro_unidad_id, monto, prioridad) VALUES (364, 155, 181, 13372.92, 2);
INSERT INTO pago_aplicacion (id, pago_id, cuenta_cobro_unidad_id, monto, prioridad) VALUES (365, 188, 174, 31631.54, 1);
INSERT INTO pago_aplicacion (id, pago_id, cuenta_cobro_unidad_id, monto, prioridad) VALUES (366, 114, 48, 27841.3, 1);
INSERT INTO pago_aplicacion (id, pago_id, cuenta_cobro_unidad_id, monto, prioridad) VALUES (367, 46, 51, 16846.77, 3);
INSERT INTO pago_aplicacion (id, pago_id, cuenta_cobro_unidad_id, monto, prioridad) VALUES (368, 148, 49, 36498.52, 3);
INSERT INTO pago_aplicacion (id, pago_id, cuenta_cobro_unidad_id, monto, prioridad) VALUES (369, 195, 20, 13468.93, 2);
INSERT INTO pago_aplicacion (id, pago_id, cuenta_cobro_unidad_id, monto, prioridad) VALUES (370, 194, 59, 12309.06, 3);
INSERT INTO pago_aplicacion (id, pago_id, cuenta_cobro_unidad_id, monto, prioridad) VALUES (371, 215, 152, 18352.38, 2);
INSERT INTO pago_aplicacion (id, pago_id, cuenta_cobro_unidad_id, monto, prioridad) VALUES (372, 130, 164, 17843.14, 2);
INSERT INTO pago_aplicacion (id, pago_id, cuenta_cobro_unidad_id, monto, prioridad) VALUES (373, 65, 212, 20514.16, 1);
INSERT INTO pago_aplicacion (id, pago_id, cuenta_cobro_unidad_id, monto, prioridad) VALUES (374, 136, 2, 34467.9, 3);
INSERT INTO pago_aplicacion (id, pago_id, cuenta_cobro_unidad_id, monto, prioridad) VALUES (375, 65, 73, 38943.37, 1);
INSERT INTO pago_aplicacion (id, pago_id, cuenta_cobro_unidad_id, monto, prioridad) VALUES (376, 16, 17, 27226.54, 3);
INSERT INTO pago_aplicacion (id, pago_id, cuenta_cobro_unidad_id, monto, prioridad) VALUES (377, 16, 159, 39004.26, 2);
INSERT INTO pago_aplicacion (id, pago_id, cuenta_cobro_unidad_id, monto, prioridad) VALUES (378, 21, 173, 39399.52, 3);
INSERT INTO pago_aplicacion (id, pago_id, cuenta_cobro_unidad_id, monto, prioridad) VALUES (379, 115, 4, 48972.54, 3);
INSERT INTO pago_aplicacion (id, pago_id, cuenta_cobro_unidad_id, monto, prioridad) VALUES (380, 23, 82, 31466.24, 2);
INSERT INTO pago_aplicacion (id, pago_id, cuenta_cobro_unidad_id, monto, prioridad) VALUES (381, 179, 175, 32247.81, 1);
INSERT INTO pago_aplicacion (id, pago_id, cuenta_cobro_unidad_id, monto, prioridad) VALUES (382, 146, 68, 37721.7, 2);
INSERT INTO pago_aplicacion (id, pago_id, cuenta_cobro_unidad_id, monto, prioridad) VALUES (383, 116, 92, 38398.67, 2);
INSERT INTO pago_aplicacion (id, pago_id, cuenta_cobro_unidad_id, monto, prioridad) VALUES (384, 95, 128, 18511.12, 2);
INSERT INTO pago_aplicacion (id, pago_id, cuenta_cobro_unidad_id, monto, prioridad) VALUES (385, 81, 140, 49959.38, 1);
INSERT INTO pago_aplicacion (id, pago_id, cuenta_cobro_unidad_id, monto, prioridad) VALUES (386, 59, 151, 12674.88, 3);
INSERT INTO pago_aplicacion (id, pago_id, cuenta_cobro_unidad_id, monto, prioridad) VALUES (387, 91, 105, 25922.52, 2);
INSERT INTO pago_aplicacion (id, pago_id, cuenta_cobro_unidad_id, monto, prioridad) VALUES (388, 84, 204, 43091.67, 2);
INSERT INTO pago_aplicacion (id, pago_id, cuenta_cobro_unidad_id, monto, prioridad) VALUES (389, 119, 119, 25347.94, 1);
INSERT INTO pago_aplicacion (id, pago_id, cuenta_cobro_unidad_id, monto, prioridad) VALUES (390, 189, 193, 22350.39, 1);
INSERT INTO pago_aplicacion (id, pago_id, cuenta_cobro_unidad_id, monto, prioridad) VALUES (391, 36, 202, 19252.56, 3);
INSERT INTO pago_aplicacion (id, pago_id, cuenta_cobro_unidad_id, monto, prioridad) VALUES (392, 39, 103, 21456.95, 2);
INSERT INTO pago_aplicacion (id, pago_id, cuenta_cobro_unidad_id, monto, prioridad) VALUES (393, 203, 210, 34779.74, 1);
INSERT INTO pago_aplicacion (id, pago_id, cuenta_cobro_unidad_id, monto, prioridad) VALUES (394, 39, 152, 47571.93, 1);
INSERT INTO pago_aplicacion (id, pago_id, cuenta_cobro_unidad_id, monto, prioridad) VALUES (395, 25, 5, 22608.12, 1);
INSERT INTO pago_aplicacion (id, pago_id, cuenta_cobro_unidad_id, monto, prioridad) VALUES (396, 70, 87, 13899.04, 2);
INSERT INTO pago_aplicacion (id, pago_id, cuenta_cobro_unidad_id, monto, prioridad) VALUES (397, 101, 41, 18658.5, 3);
INSERT INTO pago_aplicacion (id, pago_id, cuenta_cobro_unidad_id, monto, prioridad) VALUES (398, 72, 59, 13547.57, 3);
INSERT INTO pago_aplicacion (id, pago_id, cuenta_cobro_unidad_id, monto, prioridad) VALUES (399, 186, 128, 24478.53, 1);
INSERT INTO pago_aplicacion (id, pago_id, cuenta_cobro_unidad_id, monto, prioridad) VALUES (400, 125, 171, 7689.22, 1);

-- Multas
INSERT INTO multa (id, comunidad_id, unidad_id, persona_id, motivo, descripcion, monto, estado, fecha) VALUES (1, 1, 83, 181, 'Basura', 'Detalle multa 1', 21572.87, 'pendiente', '2025-10-09');
INSERT INTO multa (id, comunidad_id, unidad_id, persona_id, motivo, descripcion, monto, estado, fecha) VALUES (2, 5, 127, 56, 'Basura', 'Detalle multa 2', 10518.7, 'pagada', '2025-10-02');
INSERT INTO multa (id, comunidad_id, unidad_id, persona_id, motivo, descripcion, monto, estado, fecha) VALUES (3, 2, 87, 162, 'Basura', 'Detalle multa 3', 34739.21, 'anulada', '2025-10-14');
INSERT INTO multa (id, comunidad_id, unidad_id, persona_id, motivo, descripcion, monto, estado, fecha) VALUES (4, 1, 154, 34, 'Mal uso', 'Detalle multa 4', 23643.89, 'pagada', '2025-09-19');
INSERT INTO multa (id, comunidad_id, unidad_id, persona_id, motivo, descripcion, monto, estado, fecha) VALUES (5, 2, 95, 145, 'Basura', 'Detalle multa 5', 10708.39, 'pagada', '2025-09-05');
INSERT INTO multa (id, comunidad_id, unidad_id, persona_id, motivo, descripcion, monto, estado, fecha) VALUES (6, 4, 64, 54, 'Basura', 'Detalle multa 6', 19337.53, 'pagada', '2025-10-15');
INSERT INTO multa (id, comunidad_id, unidad_id, persona_id, motivo, descripcion, monto, estado, fecha) VALUES (7, 4, 72, 143, 'Basura', 'Detalle multa 7', 41752.72, 'anulada', '2025-10-07');
INSERT INTO multa (id, comunidad_id, unidad_id, persona_id, motivo, descripcion, monto, estado, fecha) VALUES (8, 2, 33, 83, 'Mal uso', 'Detalle multa 8', 48845.43, 'pendiente', '2025-10-07');
INSERT INTO multa (id, comunidad_id, unidad_id, persona_id, motivo, descripcion, monto, estado, fecha) VALUES (9, 5, 157, 61, 'Ruidos', 'Detalle multa 9', 32531.92, 'pendiente', '2025-10-02');
INSERT INTO multa (id, comunidad_id, unidad_id, persona_id, motivo, descripcion, monto, estado, fecha) VALUES (10, 3, 131, 25, 'Basura', 'Detalle multa 10', 15934.22, 'pagada', '2025-10-19');
INSERT INTO multa (id, comunidad_id, unidad_id, persona_id, motivo, descripcion, monto, estado, fecha) VALUES (11, 1, 136, 126, 'Basura', 'Detalle multa 11', 46017.22, 'anulada', '2025-10-09');
INSERT INTO multa (id, comunidad_id, unidad_id, persona_id, motivo, descripcion, monto, estado, fecha) VALUES (12, 3, 18, 116, 'Basura', 'Detalle multa 12', 17727.27, 'pagada', '2025-10-20');
INSERT INTO multa (id, comunidad_id, unidad_id, persona_id, motivo, descripcion, monto, estado, fecha) VALUES (13, 2, 94, 200, 'Ruidos', 'Detalle multa 13', 19863.42, 'anulada', '2025-10-01');
INSERT INTO multa (id, comunidad_id, unidad_id, persona_id, motivo, descripcion, monto, estado, fecha) VALUES (14, 1, 84, 92, 'Mal uso', 'Detalle multa 14', 32475.12, 'pagada', '2025-10-01');
INSERT INTO multa (id, comunidad_id, unidad_id, persona_id, motivo, descripcion, monto, estado, fecha) VALUES (15, 3, 125, 81, 'Mal uso', 'Detalle multa 15', 31452.41, 'anulada', '2025-10-27');
INSERT INTO multa (id, comunidad_id, unidad_id, persona_id, motivo, descripcion, monto, estado, fecha) VALUES (16, 2, 153, 155, 'Ruidos', 'Detalle multa 16', 39336.8, 'anulada', '2025-09-19');
INSERT INTO multa (id, comunidad_id, unidad_id, persona_id, motivo, descripcion, monto, estado, fecha) VALUES (17, 2, 135, 130, 'Basura', 'Detalle multa 17', 41628.37, 'pagada', '2025-09-16');
INSERT INTO multa (id, comunidad_id, unidad_id, persona_id, motivo, descripcion, monto, estado, fecha) VALUES (18, 1, 77, 67, 'Ruidos', 'Detalle multa 18', 21844.13, 'pendiente', '2025-09-10');
INSERT INTO multa (id, comunidad_id, unidad_id, persona_id, motivo, descripcion, monto, estado, fecha) VALUES (19, 4, 21, 95, 'Basura', 'Detalle multa 19', 46392.26, 'pendiente', '2025-10-20');
INSERT INTO multa (id, comunidad_id, unidad_id, persona_id, motivo, descripcion, monto, estado, fecha) VALUES (20, 4, 161, 98, 'Mal uso', 'Detalle multa 20', 33753.8, 'pagada', '2025-09-11');
INSERT INTO multa (id, comunidad_id, unidad_id, persona_id, motivo, descripcion, monto, estado, fecha) VALUES (21, 1, 71, 117, 'Basura', 'Detalle multa 21', 38251.87, 'pagada', '2025-09-13');
INSERT INTO multa (id, comunidad_id, unidad_id, persona_id, motivo, descripcion, monto, estado, fecha) VALUES (22, 3, 42, 151, 'Ruidos', 'Detalle multa 22', 48244.22, 'pendiente', '2025-09-21');
INSERT INTO multa (id, comunidad_id, unidad_id, persona_id, motivo, descripcion, monto, estado, fecha) VALUES (23, 1, 84, 142, 'Basura', 'Detalle multa 23', 15670.11, 'anulada', '2025-09-24');
INSERT INTO multa (id, comunidad_id, unidad_id, persona_id, motivo, descripcion, monto, estado, fecha) VALUES (24, 4, 141, 7, 'Mal uso', 'Detalle multa 24', 35853.13, 'pagada', '2025-09-28');
INSERT INTO multa (id, comunidad_id, unidad_id, persona_id, motivo, descripcion, monto, estado, fecha) VALUES (25, 2, 84, 157, 'Ruidos', 'Detalle multa 25', 21316.36, 'anulada', '2025-10-12');
INSERT INTO multa (id, comunidad_id, unidad_id, persona_id, motivo, descripcion, monto, estado, fecha) VALUES (26, 5, 11, 131, 'Ruidos', 'Detalle multa 26', 38690.81, 'pendiente', '2025-10-17');
INSERT INTO multa (id, comunidad_id, unidad_id, persona_id, motivo, descripcion, monto, estado, fecha) VALUES (27, 4, 17, 18, 'Ruidos', 'Detalle multa 27', 14090.13, 'pendiente', '2025-09-10');
INSERT INTO multa (id, comunidad_id, unidad_id, persona_id, motivo, descripcion, monto, estado, fecha) VALUES (28, 2, 24, 194, 'Basura', 'Detalle multa 28', 23526.32, 'pagada', '2025-09-23');
INSERT INTO multa (id, comunidad_id, unidad_id, persona_id, motivo, descripcion, monto, estado, fecha) VALUES (29, 3, 193, 18, 'Basura', 'Detalle multa 29', 31804.46, 'anulada', '2025-09-26');
INSERT INTO multa (id, comunidad_id, unidad_id, persona_id, motivo, descripcion, monto, estado, fecha) VALUES (30, 4, 165, 102, 'Mal uso', 'Detalle multa 30', 31923.9, 'pendiente', '2025-09-10');
INSERT INTO multa (id, comunidad_id, unidad_id, persona_id, motivo, descripcion, monto, estado, fecha) VALUES (31, 2, 115, 41, 'Ruidos', 'Detalle multa 31', 46456.98, 'pagada', '2025-10-19');
INSERT INTO multa (id, comunidad_id, unidad_id, persona_id, motivo, descripcion, monto, estado, fecha) VALUES (32, 2, 62, 15, 'Mal uso', 'Detalle multa 32', 32307.38, 'pendiente', '2025-10-14');
INSERT INTO multa (id, comunidad_id, unidad_id, persona_id, motivo, descripcion, monto, estado, fecha) VALUES (33, 2, 123, 11, 'Ruidos', 'Detalle multa 33', 40341.11, 'pendiente', '2025-09-15');
INSERT INTO multa (id, comunidad_id, unidad_id, persona_id, motivo, descripcion, monto, estado, fecha) VALUES (34, 2, 129, 82, 'Basura', 'Detalle multa 34', 40238.52, 'anulada', '2025-09-25');
INSERT INTO multa (id, comunidad_id, unidad_id, persona_id, motivo, descripcion, monto, estado, fecha) VALUES (35, 4, 5, 131, 'Basura', 'Detalle multa 35', 10940.53, 'anulada', '2025-10-02');
INSERT INTO multa (id, comunidad_id, unidad_id, persona_id, motivo, descripcion, monto, estado, fecha) VALUES (36, 4, 141, 18, 'Ruidos', 'Detalle multa 36', 33586.75, 'pendiente', '2025-09-13');
INSERT INTO multa (id, comunidad_id, unidad_id, persona_id, motivo, descripcion, monto, estado, fecha) VALUES (37, 2, 150, 126, 'Ruidos', 'Detalle multa 37', 38072.97, 'anulada', '2025-09-23');
INSERT INTO multa (id, comunidad_id, unidad_id, persona_id, motivo, descripcion, monto, estado, fecha) VALUES (38, 3, 131, 43, 'Basura', 'Detalle multa 38', 16090.23, 'pendiente', '2025-09-14');
INSERT INTO multa (id, comunidad_id, unidad_id, persona_id, motivo, descripcion, monto, estado, fecha) VALUES (39, 5, 73, 69, 'Mal uso', 'Detalle multa 39', 30435.18, 'pendiente', '2025-09-24');
INSERT INTO multa (id, comunidad_id, unidad_id, persona_id, motivo, descripcion, monto, estado, fecha) VALUES (40, 2, 194, 156, 'Basura', 'Detalle multa 40', 17830.9, 'pagada', '2025-09-22');
INSERT INTO multa (id, comunidad_id, unidad_id, persona_id, motivo, descripcion, monto, estado, fecha) VALUES (41, 4, 31, 167, 'Basura', 'Detalle multa 41', 11152.7, 'anulada', '2025-09-29');
INSERT INTO multa (id, comunidad_id, unidad_id, persona_id, motivo, descripcion, monto, estado, fecha) VALUES (42, 5, 198, 104, 'Ruidos', 'Detalle multa 42', 14507.74, 'pagada', '2025-09-12');
INSERT INTO multa (id, comunidad_id, unidad_id, persona_id, motivo, descripcion, monto, estado, fecha) VALUES (43, 1, 191, 53, 'Ruidos', 'Detalle multa 43', 32808.28, 'anulada', '2025-10-19');
INSERT INTO multa (id, comunidad_id, unidad_id, persona_id, motivo, descripcion, monto, estado, fecha) VALUES (44, 3, 177, 173, 'Ruidos', 'Detalle multa 44', 33730.33, 'pagada', '2025-10-27');
INSERT INTO multa (id, comunidad_id, unidad_id, persona_id, motivo, descripcion, monto, estado, fecha) VALUES (45, 3, 119, 14, 'Mal uso', 'Detalle multa 45', 19192.4, 'pagada', '2025-10-11');
INSERT INTO multa (id, comunidad_id, unidad_id, persona_id, motivo, descripcion, monto, estado, fecha) VALUES (46, 2, 131, 7, 'Basura', 'Detalle multa 46', 18656.94, 'pendiente', '2025-09-01');
INSERT INTO multa (id, comunidad_id, unidad_id, persona_id, motivo, descripcion, monto, estado, fecha) VALUES (47, 3, 53, 128, 'Mal uso', 'Detalle multa 47', 38798.77, 'pagada', '2025-09-25');
INSERT INTO multa (id, comunidad_id, unidad_id, persona_id, motivo, descripcion, monto, estado, fecha) VALUES (48, 4, 155, 193, 'Ruidos', 'Detalle multa 48', 29667.29, 'anulada', '2025-10-29');
INSERT INTO multa (id, comunidad_id, unidad_id, persona_id, motivo, descripcion, monto, estado, fecha) VALUES (49, 5, 74, 171, 'Ruidos', 'Detalle multa 49', 34654.81, 'pendiente', '2025-09-05');
INSERT INTO multa (id, comunidad_id, unidad_id, persona_id, motivo, descripcion, monto, estado, fecha) VALUES (50, 1, 159, 13, 'Ruidos', 'Detalle multa 50', 20969.25, 'pendiente', '2025-10-31');
INSERT INTO multa (id, comunidad_id, unidad_id, persona_id, motivo, descripcion, monto, estado, fecha) VALUES (51, 3, 114, 98, 'Mal uso', 'Detalle multa 51', 48448.34, 'pendiente', '2025-10-07');
INSERT INTO multa (id, comunidad_id, unidad_id, persona_id, motivo, descripcion, monto, estado, fecha) VALUES (52, 1, 95, 56, 'Mal uso', 'Detalle multa 52', 48837.61, 'anulada', '2025-09-13');
INSERT INTO multa (id, comunidad_id, unidad_id, persona_id, motivo, descripcion, monto, estado, fecha) VALUES (53, 3, 20, 72, 'Basura', 'Detalle multa 53', 10895.78, 'pendiente', '2025-10-12');
INSERT INTO multa (id, comunidad_id, unidad_id, persona_id, motivo, descripcion, monto, estado, fecha) VALUES (54, 1, 78, 37, 'Basura', 'Detalle multa 54', 47205.03, 'pendiente', '2025-09-30');
INSERT INTO multa (id, comunidad_id, unidad_id, persona_id, motivo, descripcion, monto, estado, fecha) VALUES (55, 1, 163, 191, 'Mal uso', 'Detalle multa 55', 11214.7, 'pagada', '2025-10-21');
INSERT INTO multa (id, comunidad_id, unidad_id, persona_id, motivo, descripcion, monto, estado, fecha) VALUES (56, 2, 4, 29, 'Ruidos', 'Detalle multa 56', 19392.11, 'anulada', '2025-10-17');
INSERT INTO multa (id, comunidad_id, unidad_id, persona_id, motivo, descripcion, monto, estado, fecha) VALUES (57, 5, 70, 70, 'Ruidos', 'Detalle multa 57', 32529.23, 'pendiente', '2025-10-15');
INSERT INTO multa (id, comunidad_id, unidad_id, persona_id, motivo, descripcion, monto, estado, fecha) VALUES (58, 2, 56, 17, 'Basura', 'Detalle multa 58', 25097.0, 'pendiente', '2025-10-14');
INSERT INTO multa (id, comunidad_id, unidad_id, persona_id, motivo, descripcion, monto, estado, fecha) VALUES (59, 4, 111, 120, 'Basura', 'Detalle multa 59', 48916.28, 'anulada', '2025-09-12');
INSERT INTO multa (id, comunidad_id, unidad_id, persona_id, motivo, descripcion, monto, estado, fecha) VALUES (60, 1, 169, 17, 'Basura', 'Detalle multa 60', 21262.74, 'pagada', '2025-10-16');
INSERT INTO multa (id, comunidad_id, unidad_id, persona_id, motivo, descripcion, monto, estado, fecha) VALUES (61, 2, 69, 7, 'Mal uso', 'Detalle multa 61', 48527.58, 'pendiente', '2025-09-18');
INSERT INTO multa (id, comunidad_id, unidad_id, persona_id, motivo, descripcion, monto, estado, fecha) VALUES (62, 2, 177, 115, 'Ruidos', 'Detalle multa 62', 11764.92, 'anulada', '2025-10-12');
INSERT INTO multa (id, comunidad_id, unidad_id, persona_id, motivo, descripcion, monto, estado, fecha) VALUES (63, 4, 144, 180, 'Basura', 'Detalle multa 63', 19260.84, 'anulada', '2025-10-21');
INSERT INTO multa (id, comunidad_id, unidad_id, persona_id, motivo, descripcion, monto, estado, fecha) VALUES (64, 1, 74, 94, 'Ruidos', 'Detalle multa 64', 24691.89, 'pagada', '2025-10-09');
INSERT INTO multa (id, comunidad_id, unidad_id, persona_id, motivo, descripcion, monto, estado, fecha) VALUES (65, 5, 42, 96, 'Mal uso', 'Detalle multa 65', 24850.89, 'anulada', '2025-10-28');
INSERT INTO multa (id, comunidad_id, unidad_id, persona_id, motivo, descripcion, monto, estado, fecha) VALUES (66, 5, 38, 83, 'Mal uso', 'Detalle multa 66', 23871.51, 'pendiente', '2025-10-11');
INSERT INTO multa (id, comunidad_id, unidad_id, persona_id, motivo, descripcion, monto, estado, fecha) VALUES (67, 5, 103, 96, 'Basura', 'Detalle multa 67', 40692.53, 'pendiente', '2025-09-23');
INSERT INTO multa (id, comunidad_id, unidad_id, persona_id, motivo, descripcion, monto, estado, fecha) VALUES (68, 4, 173, 139, 'Basura', 'Detalle multa 68', 48455.46, 'pendiente', '2025-09-24');
INSERT INTO multa (id, comunidad_id, unidad_id, persona_id, motivo, descripcion, monto, estado, fecha) VALUES (69, 5, 65, 36, 'Basura', 'Detalle multa 69', 24346.75, 'pagada', '2025-10-30');
INSERT INTO multa (id, comunidad_id, unidad_id, persona_id, motivo, descripcion, monto, estado, fecha) VALUES (70, 4, 193, 139, 'Mal uso', 'Detalle multa 70', 45589.64, 'pagada', '2025-09-11');
INSERT INTO multa (id, comunidad_id, unidad_id, persona_id, motivo, descripcion, monto, estado, fecha) VALUES (71, 5, 161, 38, 'Mal uso', 'Detalle multa 71', 31608.44, 'anulada', '2025-09-22');
INSERT INTO multa (id, comunidad_id, unidad_id, persona_id, motivo, descripcion, monto, estado, fecha) VALUES (72, 2, 147, 36, 'Ruidos', 'Detalle multa 72', 37728.59, 'pendiente', '2025-10-23');
INSERT INTO multa (id, comunidad_id, unidad_id, persona_id, motivo, descripcion, monto, estado, fecha) VALUES (73, 4, 29, 129, 'Mal uso', 'Detalle multa 73', 30782.75, 'anulada', '2025-09-03');
INSERT INTO multa (id, comunidad_id, unidad_id, persona_id, motivo, descripcion, monto, estado, fecha) VALUES (74, 1, 66, 141, 'Mal uso', 'Detalle multa 74', 16588.08, 'pendiente', '2025-10-31');
INSERT INTO multa (id, comunidad_id, unidad_id, persona_id, motivo, descripcion, monto, estado, fecha) VALUES (75, 3, 126, 30, 'Basura', 'Detalle multa 75', 43458.75, 'pagada', '2025-10-17');
INSERT INTO multa (id, comunidad_id, unidad_id, persona_id, motivo, descripcion, monto, estado, fecha) VALUES (76, 5, 102, 134, 'Mal uso', 'Detalle multa 76', 25711.99, 'anulada', '2025-10-23');
INSERT INTO multa (id, comunidad_id, unidad_id, persona_id, motivo, descripcion, monto, estado, fecha) VALUES (77, 3, 192, 105, 'Mal uso', 'Detalle multa 77', 49518.02, 'pendiente', '2025-10-19');
INSERT INTO multa (id, comunidad_id, unidad_id, persona_id, motivo, descripcion, monto, estado, fecha) VALUES (78, 4, 40, 178, 'Ruidos', 'Detalle multa 78', 10023.84, 'anulada', '2025-10-16');
INSERT INTO multa (id, comunidad_id, unidad_id, persona_id, motivo, descripcion, monto, estado, fecha) VALUES (79, 1, 127, 37, 'Ruidos', 'Detalle multa 79', 48004.42, 'pendiente', '2025-10-15');
INSERT INTO multa (id, comunidad_id, unidad_id, persona_id, motivo, descripcion, monto, estado, fecha) VALUES (80, 4, 78, 54, 'Mal uso', 'Detalle multa 80', 13863.49, 'pendiente', '2025-10-11');

-- Notificaciones
INSERT INTO notificacion (id, comunidad_id, persona_id, tipo, titulo, mensaje, leida, objeto_tipo, objeto_id) VALUES (1, 1, 5, 'emision', 'Titulo 1', 'Mensaje 1', 1, 'emision', 27);
INSERT INTO notificacion (id, comunidad_id, persona_id, tipo, titulo, mensaje, leida, objeto_tipo, objeto_id) VALUES (2, 2, 199, 'emision', 'Titulo 2', 'Mensaje 2', 0, 'multa', 58);
INSERT INTO notificacion (id, comunidad_id, persona_id, tipo, titulo, mensaje, leida, objeto_tipo, objeto_id) VALUES (3, 1, 109, 'pago', 'Titulo 3', 'Mensaje 3', 1, 'emision', 77);
INSERT INTO notificacion (id, comunidad_id, persona_id, tipo, titulo, mensaje, leida, objeto_tipo, objeto_id) VALUES (4, 3, 88, 'general', 'Titulo 4', 'Mensaje 4', 1, 'emision', 39);
INSERT INTO notificacion (id, comunidad_id, persona_id, tipo, titulo, mensaje, leida, objeto_tipo, objeto_id) VALUES (5, 4, 159, 'general', 'Titulo 5', 'Mensaje 5', 0, 'pago', 126);
INSERT INTO notificacion (id, comunidad_id, persona_id, tipo, titulo, mensaje, leida, objeto_tipo, objeto_id) VALUES (6, 1, 128, 'pago', 'Titulo 6', 'Mensaje 6', 1, 'emision', 33);
INSERT INTO notificacion (id, comunidad_id, persona_id, tipo, titulo, mensaje, leida, objeto_tipo, objeto_id) VALUES (7, 4, 99, 'emision', 'Titulo 7', 'Mensaje 7', 1, 'pago', 151);
INSERT INTO notificacion (id, comunidad_id, persona_id, tipo, titulo, mensaje, leida, objeto_tipo, objeto_id) VALUES (8, 5, 90, 'general', 'Titulo 8', 'Mensaje 8', 0, 'multa', 5);
INSERT INTO notificacion (id, comunidad_id, persona_id, tipo, titulo, mensaje, leida, objeto_tipo, objeto_id) VALUES (9, 4, 195, 'emision', 'Titulo 9', 'Mensaje 9', 1, 'multa', 70);
INSERT INTO notificacion (id, comunidad_id, persona_id, tipo, titulo, mensaje, leida, objeto_tipo, objeto_id) VALUES (10, 1, 22, 'multa', 'Titulo 10', 'Mensaje 10', 0, 'multa', 49);
INSERT INTO notificacion (id, comunidad_id, persona_id, tipo, titulo, mensaje, leida, objeto_tipo, objeto_id) VALUES (11, 3, 62, 'general', 'Titulo 11', 'Mensaje 11', 0, 'multa', 40);
INSERT INTO notificacion (id, comunidad_id, persona_id, tipo, titulo, mensaje, leida, objeto_tipo, objeto_id) VALUES (12, 5, 199, 'general', 'Titulo 12', 'Mensaje 12', 0, 'pago', 106);
INSERT INTO notificacion (id, comunidad_id, persona_id, tipo, titulo, mensaje, leida, objeto_tipo, objeto_id) VALUES (13, 1, 3, 'multa', 'Titulo 13', 'Mensaje 13', 0, 'pago', 114);
INSERT INTO notificacion (id, comunidad_id, persona_id, tipo, titulo, mensaje, leida, objeto_tipo, objeto_id) VALUES (14, 1, 129, 'multa', 'Titulo 14', 'Mensaje 14', 1, 'multa', 73);
INSERT INTO notificacion (id, comunidad_id, persona_id, tipo, titulo, mensaje, leida, objeto_tipo, objeto_id) VALUES (15, 4, 138, 'emision', 'Titulo 15', 'Mensaje 15', 1, 'pago', 31);
INSERT INTO notificacion (id, comunidad_id, persona_id, tipo, titulo, mensaje, leida, objeto_tipo, objeto_id) VALUES (16, 5, 126, 'multa', 'Titulo 16', 'Mensaje 16', 1, 'multa', 21);
INSERT INTO notificacion (id, comunidad_id, persona_id, tipo, titulo, mensaje, leida, objeto_tipo, objeto_id) VALUES (17, 1, 75, 'pago', 'Titulo 17', 'Mensaje 17', 1, 'emision', 20);
INSERT INTO notificacion (id, comunidad_id, persona_id, tipo, titulo, mensaje, leida, objeto_tipo, objeto_id) VALUES (18, 1, 51, 'general', 'Titulo 18', 'Mensaje 18', 1, 'emision', 1);
INSERT INTO notificacion (id, comunidad_id, persona_id, tipo, titulo, mensaje, leida, objeto_tipo, objeto_id) VALUES (19, 4, 199, 'multa', 'Titulo 19', 'Mensaje 19', 1, 'emision', 39);
INSERT INTO notificacion (id, comunidad_id, persona_id, tipo, titulo, mensaje, leida, objeto_tipo, objeto_id) VALUES (20, 2, 58, 'pago', 'Titulo 20', 'Mensaje 20', 1, 'emision', 57);
INSERT INTO notificacion (id, comunidad_id, persona_id, tipo, titulo, mensaje, leida, objeto_tipo, objeto_id) VALUES (21, 1, 26, 'multa', 'Titulo 21', 'Mensaje 21', 0, 'emision', 78);
INSERT INTO notificacion (id, comunidad_id, persona_id, tipo, titulo, mensaje, leida, objeto_tipo, objeto_id) VALUES (22, 5, 7, 'general', 'Titulo 22', 'Mensaje 22', 1, 'multa', 56);
INSERT INTO notificacion (id, comunidad_id, persona_id, tipo, titulo, mensaje, leida, objeto_tipo, objeto_id) VALUES (23, 1, 182, 'pago', 'Titulo 23', 'Mensaje 23', 0, 'multa', 61);
INSERT INTO notificacion (id, comunidad_id, persona_id, tipo, titulo, mensaje, leida, objeto_tipo, objeto_id) VALUES (24, 1, 72, 'general', 'Titulo 24', 'Mensaje 24', 1, 'emision', 9);
INSERT INTO notificacion (id, comunidad_id, persona_id, tipo, titulo, mensaje, leida, objeto_tipo, objeto_id) VALUES (25, 1, 68, 'pago', 'Titulo 25', 'Mensaje 25', 1, 'multa', 65);
INSERT INTO notificacion (id, comunidad_id, persona_id, tipo, titulo, mensaje, leida, objeto_tipo, objeto_id) VALUES (26, 2, 36, 'emision', 'Titulo 26', 'Mensaje 26', 0, 'emision', 12);
INSERT INTO notificacion (id, comunidad_id, persona_id, tipo, titulo, mensaje, leida, objeto_tipo, objeto_id) VALUES (27, 5, 48, 'multa', 'Titulo 27', 'Mensaje 27', 1, 'pago', 140);
INSERT INTO notificacion (id, comunidad_id, persona_id, tipo, titulo, mensaje, leida, objeto_tipo, objeto_id) VALUES (28, 3, 143, 'pago', 'Titulo 28', 'Mensaje 28', 1, 'emision', 24);
INSERT INTO notificacion (id, comunidad_id, persona_id, tipo, titulo, mensaje, leida, objeto_tipo, objeto_id) VALUES (29, 5, 106, 'emision', 'Titulo 29', 'Mensaje 29', 0, 'emision', 26);
INSERT INTO notificacion (id, comunidad_id, persona_id, tipo, titulo, mensaje, leida, objeto_tipo, objeto_id) VALUES (30, 2, 77, 'multa', 'Titulo 30', 'Mensaje 30', 1, 'emision', 48);
INSERT INTO notificacion (id, comunidad_id, persona_id, tipo, titulo, mensaje, leida, objeto_tipo, objeto_id) VALUES (31, 1, 131, 'emision', 'Titulo 31', 'Mensaje 31', 0, 'pago', 171);
INSERT INTO notificacion (id, comunidad_id, persona_id, tipo, titulo, mensaje, leida, objeto_tipo, objeto_id) VALUES (32, 3, 150, 'emision', 'Titulo 32', 'Mensaje 32', 1, 'emision', 41);
INSERT INTO notificacion (id, comunidad_id, persona_id, tipo, titulo, mensaje, leida, objeto_tipo, objeto_id) VALUES (33, 2, 123, 'multa', 'Titulo 33', 'Mensaje 33', 0, 'pago', 122);
INSERT INTO notificacion (id, comunidad_id, persona_id, tipo, titulo, mensaje, leida, objeto_tipo, objeto_id) VALUES (34, 4, 123, 'multa', 'Titulo 34', 'Mensaje 34', 0, 'emision', 50);
INSERT INTO notificacion (id, comunidad_id, persona_id, tipo, titulo, mensaje, leida, objeto_tipo, objeto_id) VALUES (35, 5, 163, 'emision', 'Titulo 35', 'Mensaje 35', 0, 'pago', 33);
INSERT INTO notificacion (id, comunidad_id, persona_id, tipo, titulo, mensaje, leida, objeto_tipo, objeto_id) VALUES (36, 5, 38, 'emision', 'Titulo 36', 'Mensaje 36', 1, 'pago', 19);
INSERT INTO notificacion (id, comunidad_id, persona_id, tipo, titulo, mensaje, leida, objeto_tipo, objeto_id) VALUES (37, 5, 43, 'multa', 'Titulo 37', 'Mensaje 37', 1, 'pago', 93);
INSERT INTO notificacion (id, comunidad_id, persona_id, tipo, titulo, mensaje, leida, objeto_tipo, objeto_id) VALUES (38, 2, 68, 'general', 'Titulo 38', 'Mensaje 38', 0, 'multa', 6);
INSERT INTO notificacion (id, comunidad_id, persona_id, tipo, titulo, mensaje, leida, objeto_tipo, objeto_id) VALUES (39, 3, 200, 'general', 'Titulo 39', 'Mensaje 39', 0, 'emision', 48);
INSERT INTO notificacion (id, comunidad_id, persona_id, tipo, titulo, mensaje, leida, objeto_tipo, objeto_id) VALUES (40, 4, 116, 'multa', 'Titulo 40', 'Mensaje 40', 0, 'multa', 79);
INSERT INTO notificacion (id, comunidad_id, persona_id, tipo, titulo, mensaje, leida, objeto_tipo, objeto_id) VALUES (41, 5, 105, 'multa', 'Titulo 41', 'Mensaje 41', 0, 'pago', 134);
INSERT INTO notificacion (id, comunidad_id, persona_id, tipo, titulo, mensaje, leida, objeto_tipo, objeto_id) VALUES (42, 3, 128, 'emision', 'Titulo 42', 'Mensaje 42', 1, 'pago', 8);
INSERT INTO notificacion (id, comunidad_id, persona_id, tipo, titulo, mensaje, leida, objeto_tipo, objeto_id) VALUES (43, 4, 17, 'emision', 'Titulo 43', 'Mensaje 43', 0, 'pago', 11);
INSERT INTO notificacion (id, comunidad_id, persona_id, tipo, titulo, mensaje, leida, objeto_tipo, objeto_id) VALUES (44, 3, 72, 'general', 'Titulo 44', 'Mensaje 44', 1, 'multa', 44);
INSERT INTO notificacion (id, comunidad_id, persona_id, tipo, titulo, mensaje, leida, objeto_tipo, objeto_id) VALUES (45, 3, 138, 'pago', 'Titulo 45', 'Mensaje 45', 1, 'multa', 66);
INSERT INTO notificacion (id, comunidad_id, persona_id, tipo, titulo, mensaje, leida, objeto_tipo, objeto_id) VALUES (46, 4, 99, 'multa', 'Titulo 46', 'Mensaje 46', 1, 'multa', 12);
INSERT INTO notificacion (id, comunidad_id, persona_id, tipo, titulo, mensaje, leida, objeto_tipo, objeto_id) VALUES (47, 4, 88, 'emision', 'Titulo 47', 'Mensaje 47', 1, 'pago', 69);
INSERT INTO notificacion (id, comunidad_id, persona_id, tipo, titulo, mensaje, leida, objeto_tipo, objeto_id) VALUES (48, 3, 74, 'multa', 'Titulo 48', 'Mensaje 48', 1, 'multa', 31);
INSERT INTO notificacion (id, comunidad_id, persona_id, tipo, titulo, mensaje, leida, objeto_tipo, objeto_id) VALUES (49, 5, 49, 'pago', 'Titulo 49', 'Mensaje 49', 1, 'emision', 43);
INSERT INTO notificacion (id, comunidad_id, persona_id, tipo, titulo, mensaje, leida, objeto_tipo, objeto_id) VALUES (50, 5, 174, 'general', 'Titulo 50', 'Mensaje 50', 1, 'multa', 77);
INSERT INTO notificacion (id, comunidad_id, persona_id, tipo, titulo, mensaje, leida, objeto_tipo, objeto_id) VALUES (51, 4, 172, 'multa', 'Titulo 51', 'Mensaje 51', 0, 'pago', 76);
INSERT INTO notificacion (id, comunidad_id, persona_id, tipo, titulo, mensaje, leida, objeto_tipo, objeto_id) VALUES (52, 2, 176, 'pago', 'Titulo 52', 'Mensaje 52', 1, 'emision', 60);
INSERT INTO notificacion (id, comunidad_id, persona_id, tipo, titulo, mensaje, leida, objeto_tipo, objeto_id) VALUES (53, 5, 134, 'multa', 'Titulo 53', 'Mensaje 53', 0, 'pago', 186);
INSERT INTO notificacion (id, comunidad_id, persona_id, tipo, titulo, mensaje, leida, objeto_tipo, objeto_id) VALUES (54, 3, 164, 'multa', 'Titulo 54', 'Mensaje 54', 0, 'pago', 203);
INSERT INTO notificacion (id, comunidad_id, persona_id, tipo, titulo, mensaje, leida, objeto_tipo, objeto_id) VALUES (55, 3, 47, 'general', 'Titulo 55', 'Mensaje 55', 1, 'emision', 51);
INSERT INTO notificacion (id, comunidad_id, persona_id, tipo, titulo, mensaje, leida, objeto_tipo, objeto_id) VALUES (56, 4, 184, 'pago', 'Titulo 56', 'Mensaje 56', 1, 'pago', 88);
INSERT INTO notificacion (id, comunidad_id, persona_id, tipo, titulo, mensaje, leida, objeto_tipo, objeto_id) VALUES (57, 2, 66, 'emision', 'Titulo 57', 'Mensaje 57', 1, 'emision', 49);
INSERT INTO notificacion (id, comunidad_id, persona_id, tipo, titulo, mensaje, leida, objeto_tipo, objeto_id) VALUES (58, 5, 101, 'emision', 'Titulo 58', 'Mensaje 58', 0, 'emision', 33);
INSERT INTO notificacion (id, comunidad_id, persona_id, tipo, titulo, mensaje, leida, objeto_tipo, objeto_id) VALUES (59, 4, 117, 'pago', 'Titulo 59', 'Mensaje 59', 1, 'emision', 35);
INSERT INTO notificacion (id, comunidad_id, persona_id, tipo, titulo, mensaje, leida, objeto_tipo, objeto_id) VALUES (60, 1, 110, 'general', 'Titulo 60', 'Mensaje 60', 0, 'multa', 56);
INSERT INTO notificacion (id, comunidad_id, persona_id, tipo, titulo, mensaje, leida, objeto_tipo, objeto_id) VALUES (61, 4, 81, 'emision', 'Titulo 61', 'Mensaje 61', 0, 'emision', 16);
INSERT INTO notificacion (id, comunidad_id, persona_id, tipo, titulo, mensaje, leida, objeto_tipo, objeto_id) VALUES (62, 3, 195, 'emision', 'Titulo 62', 'Mensaje 62', 0, 'emision', 36);
INSERT INTO notificacion (id, comunidad_id, persona_id, tipo, titulo, mensaje, leida, objeto_tipo, objeto_id) VALUES (63, 1, 141, 'pago', 'Titulo 63', 'Mensaje 63', 0, 'emision', 55);
INSERT INTO notificacion (id, comunidad_id, persona_id, tipo, titulo, mensaje, leida, objeto_tipo, objeto_id) VALUES (64, 2, 11, 'emision', 'Titulo 64', 'Mensaje 64', 0, 'emision', 44);
INSERT INTO notificacion (id, comunidad_id, persona_id, tipo, titulo, mensaje, leida, objeto_tipo, objeto_id) VALUES (65, 5, 185, 'pago', 'Titulo 65', 'Mensaje 65', 1, 'multa', 31);
INSERT INTO notificacion (id, comunidad_id, persona_id, tipo, titulo, mensaje, leida, objeto_tipo, objeto_id) VALUES (66, 2, 57, 'pago', 'Titulo 66', 'Mensaje 66', 1, 'emision', 20);
INSERT INTO notificacion (id, comunidad_id, persona_id, tipo, titulo, mensaje, leida, objeto_tipo, objeto_id) VALUES (67, 1, 142, 'pago', 'Titulo 67', 'Mensaje 67', 0, 'emision', 50);
INSERT INTO notificacion (id, comunidad_id, persona_id, tipo, titulo, mensaje, leida, objeto_tipo, objeto_id) VALUES (68, 2, 139, 'emision', 'Titulo 68', 'Mensaje 68', 0, 'emision', 74);
INSERT INTO notificacion (id, comunidad_id, persona_id, tipo, titulo, mensaje, leida, objeto_tipo, objeto_id) VALUES (69, 5, 70, 'general', 'Titulo 69', 'Mensaje 69', 0, 'emision', 32);
INSERT INTO notificacion (id, comunidad_id, persona_id, tipo, titulo, mensaje, leida, objeto_tipo, objeto_id) VALUES (70, 4, 57, 'multa', 'Titulo 70', 'Mensaje 70', 1, 'pago', 43);
INSERT INTO notificacion (id, comunidad_id, persona_id, tipo, titulo, mensaje, leida, objeto_tipo, objeto_id) VALUES (71, 2, 57, 'pago', 'Titulo 71', 'Mensaje 71', 0, 'emision', 31);
INSERT INTO notificacion (id, comunidad_id, persona_id, tipo, titulo, mensaje, leida, objeto_tipo, objeto_id) VALUES (72, 3, 112, 'general', 'Titulo 72', 'Mensaje 72', 1, 'emision', 30);
INSERT INTO notificacion (id, comunidad_id, persona_id, tipo, titulo, mensaje, leida, objeto_tipo, objeto_id) VALUES (73, 1, 21, 'general', 'Titulo 73', 'Mensaje 73', 1, 'multa', 20);
INSERT INTO notificacion (id, comunidad_id, persona_id, tipo, titulo, mensaje, leida, objeto_tipo, objeto_id) VALUES (74, 4, 158, 'general', 'Titulo 74', 'Mensaje 74', 0, 'pago', 196);
INSERT INTO notificacion (id, comunidad_id, persona_id, tipo, titulo, mensaje, leida, objeto_tipo, objeto_id) VALUES (75, 3, 53, 'general', 'Titulo 75', 'Mensaje 75', 1, 'pago', 88);
INSERT INTO notificacion (id, comunidad_id, persona_id, tipo, titulo, mensaje, leida, objeto_tipo, objeto_id) VALUES (76, 3, 6, 'general', 'Titulo 76', 'Mensaje 76', 1, 'multa', 78);
INSERT INTO notificacion (id, comunidad_id, persona_id, tipo, titulo, mensaje, leida, objeto_tipo, objeto_id) VALUES (77, 2, 96, 'multa', 'Titulo 77', 'Mensaje 77', 0, 'pago', 215);
INSERT INTO notificacion (id, comunidad_id, persona_id, tipo, titulo, mensaje, leida, objeto_tipo, objeto_id) VALUES (78, 4, 44, 'general', 'Titulo 78', 'Mensaje 78', 0, 'emision', 41);
INSERT INTO notificacion (id, comunidad_id, persona_id, tipo, titulo, mensaje, leida, objeto_tipo, objeto_id) VALUES (79, 3, 104, 'pago', 'Titulo 79', 'Mensaje 79', 0, 'pago', 75);
INSERT INTO notificacion (id, comunidad_id, persona_id, tipo, titulo, mensaje, leida, objeto_tipo, objeto_id) VALUES (80, 2, 98, 'general', 'Titulo 80', 'Mensaje 80', 0, 'pago', 145);
INSERT INTO notificacion (id, comunidad_id, persona_id, tipo, titulo, mensaje, leida, objeto_tipo, objeto_id) VALUES (81, 2, 166, 'emision', 'Titulo 81', 'Mensaje 81', 1, 'pago', 205);
INSERT INTO notificacion (id, comunidad_id, persona_id, tipo, titulo, mensaje, leida, objeto_tipo, objeto_id) VALUES (82, 1, 100, 'pago', 'Titulo 82', 'Mensaje 82', 1, 'multa', 3);
INSERT INTO notificacion (id, comunidad_id, persona_id, tipo, titulo, mensaje, leida, objeto_tipo, objeto_id) VALUES (83, 4, 112, 'general', 'Titulo 83', 'Mensaje 83', 1, 'emision', 56);
INSERT INTO notificacion (id, comunidad_id, persona_id, tipo, titulo, mensaje, leida, objeto_tipo, objeto_id) VALUES (84, 3, 90, 'multa', 'Titulo 84', 'Mensaje 84', 1, 'multa', 34);
INSERT INTO notificacion (id, comunidad_id, persona_id, tipo, titulo, mensaje, leida, objeto_tipo, objeto_id) VALUES (85, 4, 41, 'multa', 'Titulo 85', 'Mensaje 85', 0, 'pago', 166);
INSERT INTO notificacion (id, comunidad_id, persona_id, tipo, titulo, mensaje, leida, objeto_tipo, objeto_id) VALUES (86, 5, 154, 'multa', 'Titulo 86', 'Mensaje 86', 0, 'multa', 47);
INSERT INTO notificacion (id, comunidad_id, persona_id, tipo, titulo, mensaje, leida, objeto_tipo, objeto_id) VALUES (87, 1, 195, 'multa', 'Titulo 87', 'Mensaje 87', 0, 'pago', 41);
INSERT INTO notificacion (id, comunidad_id, persona_id, tipo, titulo, mensaje, leida, objeto_tipo, objeto_id) VALUES (88, 1, 158, 'emision', 'Titulo 88', 'Mensaje 88', 1, 'emision', 68);
INSERT INTO notificacion (id, comunidad_id, persona_id, tipo, titulo, mensaje, leida, objeto_tipo, objeto_id) VALUES (89, 3, 116, 'multa', 'Titulo 89', 'Mensaje 89', 1, 'emision', 56);
INSERT INTO notificacion (id, comunidad_id, persona_id, tipo, titulo, mensaje, leida, objeto_tipo, objeto_id) VALUES (90, 3, 48, 'multa', 'Titulo 90', 'Mensaje 90', 1, 'multa', 22);
INSERT INTO notificacion (id, comunidad_id, persona_id, tipo, titulo, mensaje, leida, objeto_tipo, objeto_id) VALUES (91, 5, 18, 'multa', 'Titulo 91', 'Mensaje 91', 0, 'pago', 14);
INSERT INTO notificacion (id, comunidad_id, persona_id, tipo, titulo, mensaje, leida, objeto_tipo, objeto_id) VALUES (92, 5, 168, 'multa', 'Titulo 92', 'Mensaje 92', 1, 'pago', 121);
INSERT INTO notificacion (id, comunidad_id, persona_id, tipo, titulo, mensaje, leida, objeto_tipo, objeto_id) VALUES (93, 4, 43, 'multa', 'Titulo 93', 'Mensaje 93', 0, 'emision', 78);
INSERT INTO notificacion (id, comunidad_id, persona_id, tipo, titulo, mensaje, leida, objeto_tipo, objeto_id) VALUES (94, 1, 18, 'emision', 'Titulo 94', 'Mensaje 94', 1, 'emision', 69);
INSERT INTO notificacion (id, comunidad_id, persona_id, tipo, titulo, mensaje, leida, objeto_tipo, objeto_id) VALUES (95, 1, 200, 'general', 'Titulo 95', 'Mensaje 95', 1, 'pago', 46);
INSERT INTO notificacion (id, comunidad_id, persona_id, tipo, titulo, mensaje, leida, objeto_tipo, objeto_id) VALUES (96, 2, 137, 'multa', 'Titulo 96', 'Mensaje 96', 0, 'emision', 42);
INSERT INTO notificacion (id, comunidad_id, persona_id, tipo, titulo, mensaje, leida, objeto_tipo, objeto_id) VALUES (97, 2, 197, 'pago', 'Titulo 97', 'Mensaje 97', 0, 'pago', 130);
INSERT INTO notificacion (id, comunidad_id, persona_id, tipo, titulo, mensaje, leida, objeto_tipo, objeto_id) VALUES (98, 1, 101, 'multa', 'Titulo 98', 'Mensaje 98', 0, 'emision', 61);
INSERT INTO notificacion (id, comunidad_id, persona_id, tipo, titulo, mensaje, leida, objeto_tipo, objeto_id) VALUES (99, 2, 34, 'multa', 'Titulo 99', 'Mensaje 99', 1, 'pago', 201);
INSERT INTO notificacion (id, comunidad_id, persona_id, tipo, titulo, mensaje, leida, objeto_tipo, objeto_id) VALUES (100, 3, 119, 'multa', 'Titulo 100', 'Mensaje 100', 1, 'emision', 15);
INSERT INTO notificacion (id, comunidad_id, persona_id, tipo, titulo, mensaje, leida, objeto_tipo, objeto_id) VALUES (101, 2, 42, 'emision', 'Titulo 101', 'Mensaje 101', 0, 'multa', 18);
INSERT INTO notificacion (id, comunidad_id, persona_id, tipo, titulo, mensaje, leida, objeto_tipo, objeto_id) VALUES (102, 1, 74, 'general', 'Titulo 102', 'Mensaje 102', 1, 'pago', 194);
INSERT INTO notificacion (id, comunidad_id, persona_id, tipo, titulo, mensaje, leida, objeto_tipo, objeto_id) VALUES (103, 4, 141, 'general', 'Titulo 103', 'Mensaje 103', 1, 'pago', 134);
INSERT INTO notificacion (id, comunidad_id, persona_id, tipo, titulo, mensaje, leida, objeto_tipo, objeto_id) VALUES (104, 3, 156, 'general', 'Titulo 104', 'Mensaje 104', 1, 'pago', 105);
INSERT INTO notificacion (id, comunidad_id, persona_id, tipo, titulo, mensaje, leida, objeto_tipo, objeto_id) VALUES (105, 2, 129, 'general', 'Titulo 105', 'Mensaje 105', 0, 'emision', 27);
INSERT INTO notificacion (id, comunidad_id, persona_id, tipo, titulo, mensaje, leida, objeto_tipo, objeto_id) VALUES (106, 1, 154, 'pago', 'Titulo 106', 'Mensaje 106', 1, 'emision', 78);
INSERT INTO notificacion (id, comunidad_id, persona_id, tipo, titulo, mensaje, leida, objeto_tipo, objeto_id) VALUES (107, 4, 98, 'general', 'Titulo 107', 'Mensaje 107', 1, 'multa', 4);
INSERT INTO notificacion (id, comunidad_id, persona_id, tipo, titulo, mensaje, leida, objeto_tipo, objeto_id) VALUES (108, 3, 125, 'multa', 'Titulo 108', 'Mensaje 108', 0, 'emision', 56);
INSERT INTO notificacion (id, comunidad_id, persona_id, tipo, titulo, mensaje, leida, objeto_tipo, objeto_id) VALUES (109, 2, 116, 'multa', 'Titulo 109', 'Mensaje 109', 1, 'multa', 32);
INSERT INTO notificacion (id, comunidad_id, persona_id, tipo, titulo, mensaje, leida, objeto_tipo, objeto_id) VALUES (110, 2, 5, 'multa', 'Titulo 110', 'Mensaje 110', 1, 'multa', 63);
INSERT INTO notificacion (id, comunidad_id, persona_id, tipo, titulo, mensaje, leida, objeto_tipo, objeto_id) VALUES (111, 4, 120, 'general', 'Titulo 111', 'Mensaje 111', 1, 'emision', 60);
INSERT INTO notificacion (id, comunidad_id, persona_id, tipo, titulo, mensaje, leida, objeto_tipo, objeto_id) VALUES (112, 2, 107, 'emision', 'Titulo 112', 'Mensaje 112', 0, 'emision', 13);
INSERT INTO notificacion (id, comunidad_id, persona_id, tipo, titulo, mensaje, leida, objeto_tipo, objeto_id) VALUES (113, 3, 96, 'emision', 'Titulo 113', 'Mensaje 113', 1, 'multa', 50);
INSERT INTO notificacion (id, comunidad_id, persona_id, tipo, titulo, mensaje, leida, objeto_tipo, objeto_id) VALUES (114, 4, 20, 'pago', 'Titulo 114', 'Mensaje 114', 1, 'pago', 142);
INSERT INTO notificacion (id, comunidad_id, persona_id, tipo, titulo, mensaje, leida, objeto_tipo, objeto_id) VALUES (115, 4, 11, 'general', 'Titulo 115', 'Mensaje 115', 0, 'multa', 43);
INSERT INTO notificacion (id, comunidad_id, persona_id, tipo, titulo, mensaje, leida, objeto_tipo, objeto_id) VALUES (116, 2, 80, 'multa', 'Titulo 116', 'Mensaje 116', 0, 'emision', 19);
INSERT INTO notificacion (id, comunidad_id, persona_id, tipo, titulo, mensaje, leida, objeto_tipo, objeto_id) VALUES (117, 5, 70, 'emision', 'Titulo 117', 'Mensaje 117', 0, 'pago', 56);
INSERT INTO notificacion (id, comunidad_id, persona_id, tipo, titulo, mensaje, leida, objeto_tipo, objeto_id) VALUES (118, 5, 96, 'emision', 'Titulo 118', 'Mensaje 118', 1, 'multa', 43);
INSERT INTO notificacion (id, comunidad_id, persona_id, tipo, titulo, mensaje, leida, objeto_tipo, objeto_id) VALUES (119, 5, 118, 'pago', 'Titulo 119', 'Mensaje 119', 1, 'multa', 48);
INSERT INTO notificacion (id, comunidad_id, persona_id, tipo, titulo, mensaje, leida, objeto_tipo, objeto_id) VALUES (120, 1, 133, 'emision', 'Titulo 120', 'Mensaje 120', 1, 'multa', 56);
INSERT INTO notificacion (id, comunidad_id, persona_id, tipo, titulo, mensaje, leida, objeto_tipo, objeto_id) VALUES (121, 5, 10, 'emision', 'Titulo 121', 'Mensaje 121', 0, 'multa', 43);
INSERT INTO notificacion (id, comunidad_id, persona_id, tipo, titulo, mensaje, leida, objeto_tipo, objeto_id) VALUES (122, 4, 188, 'pago', 'Titulo 122', 'Mensaje 122', 0, 'emision', 26);
INSERT INTO notificacion (id, comunidad_id, persona_id, tipo, titulo, mensaje, leida, objeto_tipo, objeto_id) VALUES (123, 1, 158, 'general', 'Titulo 123', 'Mensaje 123', 1, 'multa', 29);
INSERT INTO notificacion (id, comunidad_id, persona_id, tipo, titulo, mensaje, leida, objeto_tipo, objeto_id) VALUES (124, 1, 12, 'pago', 'Titulo 124', 'Mensaje 124', 0, 'emision', 25);
INSERT INTO notificacion (id, comunidad_id, persona_id, tipo, titulo, mensaje, leida, objeto_tipo, objeto_id) VALUES (125, 4, 146, 'multa', 'Titulo 125', 'Mensaje 125', 1, 'emision', 55);
INSERT INTO notificacion (id, comunidad_id, persona_id, tipo, titulo, mensaje, leida, objeto_tipo, objeto_id) VALUES (126, 5, 146, 'pago', 'Titulo 126', 'Mensaje 126', 0, 'emision', 9);
INSERT INTO notificacion (id, comunidad_id, persona_id, tipo, titulo, mensaje, leida, objeto_tipo, objeto_id) VALUES (127, 2, 10, 'pago', 'Titulo 127', 'Mensaje 127', 1, 'emision', 29);
INSERT INTO notificacion (id, comunidad_id, persona_id, tipo, titulo, mensaje, leida, objeto_tipo, objeto_id) VALUES (128, 4, 43, 'general', 'Titulo 128', 'Mensaje 128', 0, 'emision', 59);
INSERT INTO notificacion (id, comunidad_id, persona_id, tipo, titulo, mensaje, leida, objeto_tipo, objeto_id) VALUES (129, 3, 158, 'pago', 'Titulo 129', 'Mensaje 129', 1, 'multa', 74);
INSERT INTO notificacion (id, comunidad_id, persona_id, tipo, titulo, mensaje, leida, objeto_tipo, objeto_id) VALUES (130, 5, 141, 'pago', 'Titulo 130', 'Mensaje 130', 1, 'pago', 40);
INSERT INTO notificacion (id, comunidad_id, persona_id, tipo, titulo, mensaje, leida, objeto_tipo, objeto_id) VALUES (131, 5, 134, 'pago', 'Titulo 131', 'Mensaje 131', 0, 'emision', 3);
INSERT INTO notificacion (id, comunidad_id, persona_id, tipo, titulo, mensaje, leida, objeto_tipo, objeto_id) VALUES (132, 4, 124, 'pago', 'Titulo 132', 'Mensaje 132', 1, 'pago', 77);
INSERT INTO notificacion (id, comunidad_id, persona_id, tipo, titulo, mensaje, leida, objeto_tipo, objeto_id) VALUES (133, 4, 186, 'general', 'Titulo 133', 'Mensaje 133', 0, 'pago', 77);
INSERT INTO notificacion (id, comunidad_id, persona_id, tipo, titulo, mensaje, leida, objeto_tipo, objeto_id) VALUES (134, 3, 28, 'multa', 'Titulo 134', 'Mensaje 134', 0, 'emision', 32);
INSERT INTO notificacion (id, comunidad_id, persona_id, tipo, titulo, mensaje, leida, objeto_tipo, objeto_id) VALUES (135, 4, 40, 'emision', 'Titulo 135', 'Mensaje 135', 1, 'multa', 52);
INSERT INTO notificacion (id, comunidad_id, persona_id, tipo, titulo, mensaje, leida, objeto_tipo, objeto_id) VALUES (136, 4, 146, 'pago', 'Titulo 136', 'Mensaje 136', 1, 'emision', 32);
INSERT INTO notificacion (id, comunidad_id, persona_id, tipo, titulo, mensaje, leida, objeto_tipo, objeto_id) VALUES (137, 2, 160, 'general', 'Titulo 137', 'Mensaje 137', 0, 'multa', 8);
INSERT INTO notificacion (id, comunidad_id, persona_id, tipo, titulo, mensaje, leida, objeto_tipo, objeto_id) VALUES (138, 4, 104, 'general', 'Titulo 138', 'Mensaje 138', 0, 'multa', 61);
INSERT INTO notificacion (id, comunidad_id, persona_id, tipo, titulo, mensaje, leida, objeto_tipo, objeto_id) VALUES (139, 1, 86, 'pago', 'Titulo 139', 'Mensaje 139', 0, 'multa', 31);
INSERT INTO notificacion (id, comunidad_id, persona_id, tipo, titulo, mensaje, leida, objeto_tipo, objeto_id) VALUES (140, 4, 126, 'general', 'Titulo 140', 'Mensaje 140', 0, 'multa', 56);
INSERT INTO notificacion (id, comunidad_id, persona_id, tipo, titulo, mensaje, leida, objeto_tipo, objeto_id) VALUES (141, 2, 74, 'multa', 'Titulo 141', 'Mensaje 141', 0, 'multa', 21);
INSERT INTO notificacion (id, comunidad_id, persona_id, tipo, titulo, mensaje, leida, objeto_tipo, objeto_id) VALUES (142, 5, 84, 'general', 'Titulo 142', 'Mensaje 142', 0, 'emision', 11);
INSERT INTO notificacion (id, comunidad_id, persona_id, tipo, titulo, mensaje, leida, objeto_tipo, objeto_id) VALUES (143, 1, 189, 'emision', 'Titulo 143', 'Mensaje 143', 0, 'pago', 110);
INSERT INTO notificacion (id, comunidad_id, persona_id, tipo, titulo, mensaje, leida, objeto_tipo, objeto_id) VALUES (144, 4, 24, 'multa', 'Titulo 144', 'Mensaje 144', 0, 'emision', 61);
INSERT INTO notificacion (id, comunidad_id, persona_id, tipo, titulo, mensaje, leida, objeto_tipo, objeto_id) VALUES (145, 2, 9, 'multa', 'Titulo 145', 'Mensaje 145', 1, 'multa', 46);
INSERT INTO notificacion (id, comunidad_id, persona_id, tipo, titulo, mensaje, leida, objeto_tipo, objeto_id) VALUES (146, 5, 23, 'emision', 'Titulo 146', 'Mensaje 146', 0, 'multa', 43);
INSERT INTO notificacion (id, comunidad_id, persona_id, tipo, titulo, mensaje, leida, objeto_tipo, objeto_id) VALUES (147, 1, 10, 'emision', 'Titulo 147', 'Mensaje 147', 0, 'pago', 1);
INSERT INTO notificacion (id, comunidad_id, persona_id, tipo, titulo, mensaje, leida, objeto_tipo, objeto_id) VALUES (148, 2, 44, 'general', 'Titulo 148', 'Mensaje 148', 1, 'emision', 35);
INSERT INTO notificacion (id, comunidad_id, persona_id, tipo, titulo, mensaje, leida, objeto_tipo, objeto_id) VALUES (149, 5, 75, 'emision', 'Titulo 149', 'Mensaje 149', 1, 'emision', 9);
INSERT INTO notificacion (id, comunidad_id, persona_id, tipo, titulo, mensaje, leida, objeto_tipo, objeto_id) VALUES (150, 4, 156, 'pago', 'Titulo 150', 'Mensaje 150', 0, 'pago', 199);
INSERT INTO notificacion (id, comunidad_id, persona_id, tipo, titulo, mensaje, leida, objeto_tipo, objeto_id) VALUES (151, 5, 25, 'general', 'Titulo 151', 'Mensaje 151', 0, 'pago', 73);
INSERT INTO notificacion (id, comunidad_id, persona_id, tipo, titulo, mensaje, leida, objeto_tipo, objeto_id) VALUES (152, 1, 101, 'pago', 'Titulo 152', 'Mensaje 152', 0, 'pago', 122);
INSERT INTO notificacion (id, comunidad_id, persona_id, tipo, titulo, mensaje, leida, objeto_tipo, objeto_id) VALUES (153, 4, 92, 'pago', 'Titulo 153', 'Mensaje 153', 1, 'pago', 181);
INSERT INTO notificacion (id, comunidad_id, persona_id, tipo, titulo, mensaje, leida, objeto_tipo, objeto_id) VALUES (154, 4, 108, 'multa', 'Titulo 154', 'Mensaje 154', 1, 'pago', 84);
INSERT INTO notificacion (id, comunidad_id, persona_id, tipo, titulo, mensaje, leida, objeto_tipo, objeto_id) VALUES (155, 2, 62, 'general', 'Titulo 155', 'Mensaje 155', 0, 'pago', 40);
INSERT INTO notificacion (id, comunidad_id, persona_id, tipo, titulo, mensaje, leida, objeto_tipo, objeto_id) VALUES (156, 1, 21, 'emision', 'Titulo 156', 'Mensaje 156', 0, 'emision', 14);
INSERT INTO notificacion (id, comunidad_id, persona_id, tipo, titulo, mensaje, leida, objeto_tipo, objeto_id) VALUES (157, 4, 33, 'multa', 'Titulo 157', 'Mensaje 157', 0, 'multa', 43);
INSERT INTO notificacion (id, comunidad_id, persona_id, tipo, titulo, mensaje, leida, objeto_tipo, objeto_id) VALUES (158, 3, 149, 'multa', 'Titulo 158', 'Mensaje 158', 1, 'multa', 53);
INSERT INTO notificacion (id, comunidad_id, persona_id, tipo, titulo, mensaje, leida, objeto_tipo, objeto_id) VALUES (159, 1, 165, 'pago', 'Titulo 159', 'Mensaje 159', 0, 'multa', 5);
INSERT INTO notificacion (id, comunidad_id, persona_id, tipo, titulo, mensaje, leida, objeto_tipo, objeto_id) VALUES (160, 3, 41, 'general', 'Titulo 160', 'Mensaje 160', 0, 'multa', 9);
INSERT INTO notificacion (id, comunidad_id, persona_id, tipo, titulo, mensaje, leida, objeto_tipo, objeto_id) VALUES (161, 1, 9, 'pago', 'Titulo 161', 'Mensaje 161', 1, 'emision', 64);
INSERT INTO notificacion (id, comunidad_id, persona_id, tipo, titulo, mensaje, leida, objeto_tipo, objeto_id) VALUES (162, 4, 169, 'general', 'Titulo 162', 'Mensaje 162', 1, 'multa', 18);
INSERT INTO notificacion (id, comunidad_id, persona_id, tipo, titulo, mensaje, leida, objeto_tipo, objeto_id) VALUES (163, 3, 191, 'general', 'Titulo 163', 'Mensaje 163', 1, 'pago', 180);
INSERT INTO notificacion (id, comunidad_id, persona_id, tipo, titulo, mensaje, leida, objeto_tipo, objeto_id) VALUES (164, 2, 2, 'multa', 'Titulo 164', 'Mensaje 164', 1, 'multa', 12);
INSERT INTO notificacion (id, comunidad_id, persona_id, tipo, titulo, mensaje, leida, objeto_tipo, objeto_id) VALUES (165, 4, 86, 'multa', 'Titulo 165', 'Mensaje 165', 0, 'emision', 31);
INSERT INTO notificacion (id, comunidad_id, persona_id, tipo, titulo, mensaje, leida, objeto_tipo, objeto_id) VALUES (166, 5, 155, 'general', 'Titulo 166', 'Mensaje 166', 1, 'emision', 24);
INSERT INTO notificacion (id, comunidad_id, persona_id, tipo, titulo, mensaje, leida, objeto_tipo, objeto_id) VALUES (167, 4, 10, 'emision', 'Titulo 167', 'Mensaje 167', 1, 'pago', 88);
INSERT INTO notificacion (id, comunidad_id, persona_id, tipo, titulo, mensaje, leida, objeto_tipo, objeto_id) VALUES (168, 5, 96, 'pago', 'Titulo 168', 'Mensaje 168', 0, 'emision', 62);
INSERT INTO notificacion (id, comunidad_id, persona_id, tipo, titulo, mensaje, leida, objeto_tipo, objeto_id) VALUES (169, 5, 52, 'multa', 'Titulo 169', 'Mensaje 169', 0, 'multa', 65);
INSERT INTO notificacion (id, comunidad_id, persona_id, tipo, titulo, mensaje, leida, objeto_tipo, objeto_id) VALUES (170, 3, 136, 'general', 'Titulo 170', 'Mensaje 170', 0, 'multa', 6);
INSERT INTO notificacion (id, comunidad_id, persona_id, tipo, titulo, mensaje, leida, objeto_tipo, objeto_id) VALUES (171, 4, 185, 'pago', 'Titulo 171', 'Mensaje 171', 1, 'emision', 37);
INSERT INTO notificacion (id, comunidad_id, persona_id, tipo, titulo, mensaje, leida, objeto_tipo, objeto_id) VALUES (172, 3, 5, 'general', 'Titulo 172', 'Mensaje 172', 0, 'multa', 54);
INSERT INTO notificacion (id, comunidad_id, persona_id, tipo, titulo, mensaje, leida, objeto_tipo, objeto_id) VALUES (173, 4, 156, 'multa', 'Titulo 173', 'Mensaje 173', 1, 'pago', 58);
INSERT INTO notificacion (id, comunidad_id, persona_id, tipo, titulo, mensaje, leida, objeto_tipo, objeto_id) VALUES (174, 4, 68, 'pago', 'Titulo 174', 'Mensaje 174', 0, 'emision', 75);
INSERT INTO notificacion (id, comunidad_id, persona_id, tipo, titulo, mensaje, leida, objeto_tipo, objeto_id) VALUES (175, 3, 102, 'pago', 'Titulo 175', 'Mensaje 175', 0, 'pago', 59);
INSERT INTO notificacion (id, comunidad_id, persona_id, tipo, titulo, mensaje, leida, objeto_tipo, objeto_id) VALUES (176, 1, 57, 'general', 'Titulo 176', 'Mensaje 176', 0, 'multa', 1);
INSERT INTO notificacion (id, comunidad_id, persona_id, tipo, titulo, mensaje, leida, objeto_tipo, objeto_id) VALUES (177, 4, 13, 'emision', 'Titulo 177', 'Mensaje 177', 1, 'pago', 209);
INSERT INTO notificacion (id, comunidad_id, persona_id, tipo, titulo, mensaje, leida, objeto_tipo, objeto_id) VALUES (178, 5, 107, 'emision', 'Titulo 178', 'Mensaje 178', 1, 'pago', 170);
INSERT INTO notificacion (id, comunidad_id, persona_id, tipo, titulo, mensaje, leida, objeto_tipo, objeto_id) VALUES (179, 1, 128, 'multa', 'Titulo 179', 'Mensaje 179', 1, 'emision', 31);
INSERT INTO notificacion (id, comunidad_id, persona_id, tipo, titulo, mensaje, leida, objeto_tipo, objeto_id) VALUES (180, 4, 144, 'pago', 'Titulo 180', 'Mensaje 180', 0, 'pago', 168);
INSERT INTO notificacion (id, comunidad_id, persona_id, tipo, titulo, mensaje, leida, objeto_tipo, objeto_id) VALUES (181, 2, 4, 'general', 'Titulo 181', 'Mensaje 181', 0, 'multa', 32);
INSERT INTO notificacion (id, comunidad_id, persona_id, tipo, titulo, mensaje, leida, objeto_tipo, objeto_id) VALUES (182, 4, 6, 'emision', 'Titulo 182', 'Mensaje 182', 0, 'pago', 188);
INSERT INTO notificacion (id, comunidad_id, persona_id, tipo, titulo, mensaje, leida, objeto_tipo, objeto_id) VALUES (183, 3, 44, 'pago', 'Titulo 183', 'Mensaje 183', 1, 'multa', 21);
INSERT INTO notificacion (id, comunidad_id, persona_id, tipo, titulo, mensaje, leida, objeto_tipo, objeto_id) VALUES (184, 4, 53, 'multa', 'Titulo 184', 'Mensaje 184', 1, 'emision', 37);
INSERT INTO notificacion (id, comunidad_id, persona_id, tipo, titulo, mensaje, leida, objeto_tipo, objeto_id) VALUES (185, 3, 139, 'emision', 'Titulo 185', 'Mensaje 185', 0, 'emision', 16);
INSERT INTO notificacion (id, comunidad_id, persona_id, tipo, titulo, mensaje, leida, objeto_tipo, objeto_id) VALUES (186, 1, 62, 'emision', 'Titulo 186', 'Mensaje 186', 1, 'emision', 15);
INSERT INTO notificacion (id, comunidad_id, persona_id, tipo, titulo, mensaje, leida, objeto_tipo, objeto_id) VALUES (187, 4, 87, 'emision', 'Titulo 187', 'Mensaje 187', 1, 'pago', 32);
INSERT INTO notificacion (id, comunidad_id, persona_id, tipo, titulo, mensaje, leida, objeto_tipo, objeto_id) VALUES (188, 4, 172, 'pago', 'Titulo 188', 'Mensaje 188', 0, 'multa', 12);
INSERT INTO notificacion (id, comunidad_id, persona_id, tipo, titulo, mensaje, leida, objeto_tipo, objeto_id) VALUES (189, 3, 46, 'general', 'Titulo 189', 'Mensaje 189', 0, 'pago', 65);
INSERT INTO notificacion (id, comunidad_id, persona_id, tipo, titulo, mensaje, leida, objeto_tipo, objeto_id) VALUES (190, 1, 159, 'emision', 'Titulo 190', 'Mensaje 190', 0, 'emision', 19);
INSERT INTO notificacion (id, comunidad_id, persona_id, tipo, titulo, mensaje, leida, objeto_tipo, objeto_id) VALUES (191, 3, 42, 'multa', 'Titulo 191', 'Mensaje 191', 1, 'pago', 90);
INSERT INTO notificacion (id, comunidad_id, persona_id, tipo, titulo, mensaje, leida, objeto_tipo, objeto_id) VALUES (192, 1, 88, 'general', 'Titulo 192', 'Mensaje 192', 1, 'emision', 66);
INSERT INTO notificacion (id, comunidad_id, persona_id, tipo, titulo, mensaje, leida, objeto_tipo, objeto_id) VALUES (193, 4, 55, 'multa', 'Titulo 193', 'Mensaje 193', 0, 'pago', 164);
INSERT INTO notificacion (id, comunidad_id, persona_id, tipo, titulo, mensaje, leida, objeto_tipo, objeto_id) VALUES (194, 4, 199, 'emision', 'Titulo 194', 'Mensaje 194', 0, 'pago', 200);
INSERT INTO notificacion (id, comunidad_id, persona_id, tipo, titulo, mensaje, leida, objeto_tipo, objeto_id) VALUES (195, 4, 143, 'general', 'Titulo 195', 'Mensaje 195', 1, 'multa', 48);
INSERT INTO notificacion (id, comunidad_id, persona_id, tipo, titulo, mensaje, leida, objeto_tipo, objeto_id) VALUES (196, 2, 11, 'emision', 'Titulo 196', 'Mensaje 196', 1, 'emision', 1);
INSERT INTO notificacion (id, comunidad_id, persona_id, tipo, titulo, mensaje, leida, objeto_tipo, objeto_id) VALUES (197, 5, 91, 'emision', 'Titulo 197', 'Mensaje 197', 1, 'pago', 87);
INSERT INTO notificacion (id, comunidad_id, persona_id, tipo, titulo, mensaje, leida, objeto_tipo, objeto_id) VALUES (198, 4, 192, 'emision', 'Titulo 198', 'Mensaje 198', 1, 'multa', 11);
INSERT INTO notificacion (id, comunidad_id, persona_id, tipo, titulo, mensaje, leida, objeto_tipo, objeto_id) VALUES (199, 2, 25, 'emision', 'Titulo 199', 'Mensaje 199', 0, 'multa', 64);
INSERT INTO notificacion (id, comunidad_id, persona_id, tipo, titulo, mensaje, leida, objeto_tipo, objeto_id) VALUES (200, 5, 142, 'pago', 'Titulo 200', 'Mensaje 200', 0, 'pago', 208);
INSERT INTO notificacion (id, comunidad_id, persona_id, tipo, titulo, mensaje, leida, objeto_tipo, objeto_id) VALUES (201, 1, 164, 'pago', 'Titulo 201', 'Mensaje 201', 0, 'multa', 69);
INSERT INTO notificacion (id, comunidad_id, persona_id, tipo, titulo, mensaje, leida, objeto_tipo, objeto_id) VALUES (202, 4, 76, 'emision', 'Titulo 202', 'Mensaje 202', 0, 'emision', 39);
INSERT INTO notificacion (id, comunidad_id, persona_id, tipo, titulo, mensaje, leida, objeto_tipo, objeto_id) VALUES (203, 2, 179, 'pago', 'Titulo 203', 'Mensaje 203', 1, 'emision', 36);
INSERT INTO notificacion (id, comunidad_id, persona_id, tipo, titulo, mensaje, leida, objeto_tipo, objeto_id) VALUES (204, 3, 106, 'emision', 'Titulo 204', 'Mensaje 204', 1, 'emision', 64);
INSERT INTO notificacion (id, comunidad_id, persona_id, tipo, titulo, mensaje, leida, objeto_tipo, objeto_id) VALUES (205, 3, 190, 'pago', 'Titulo 205', 'Mensaje 205', 1, 'emision', 4);
INSERT INTO notificacion (id, comunidad_id, persona_id, tipo, titulo, mensaje, leida, objeto_tipo, objeto_id) VALUES (206, 3, 84, 'multa', 'Titulo 206', 'Mensaje 206', 0, 'emision', 68);
INSERT INTO notificacion (id, comunidad_id, persona_id, tipo, titulo, mensaje, leida, objeto_tipo, objeto_id) VALUES (207, 5, 154, 'emision', 'Titulo 207', 'Mensaje 207', 1, 'emision', 13);
INSERT INTO notificacion (id, comunidad_id, persona_id, tipo, titulo, mensaje, leida, objeto_tipo, objeto_id) VALUES (208, 3, 197, 'pago', 'Titulo 208', 'Mensaje 208', 1, 'emision', 24);
INSERT INTO notificacion (id, comunidad_id, persona_id, tipo, titulo, mensaje, leida, objeto_tipo, objeto_id) VALUES (209, 5, 55, 'emision', 'Titulo 209', 'Mensaje 209', 0, 'emision', 36);
INSERT INTO notificacion (id, comunidad_id, persona_id, tipo, titulo, mensaje, leida, objeto_tipo, objeto_id) VALUES (210, 3, 195, 'emision', 'Titulo 210', 'Mensaje 210', 1, 'pago', 169);
INSERT INTO notificacion (id, comunidad_id, persona_id, tipo, titulo, mensaje, leida, objeto_tipo, objeto_id) VALUES (211, 3, 26, 'general', 'Titulo 211', 'Mensaje 211', 0, 'multa', 54);
INSERT INTO notificacion (id, comunidad_id, persona_id, tipo, titulo, mensaje, leida, objeto_tipo, objeto_id) VALUES (212, 1, 169, 'pago', 'Titulo 212', 'Mensaje 212', 1, 'pago', 14);
INSERT INTO notificacion (id, comunidad_id, persona_id, tipo, titulo, mensaje, leida, objeto_tipo, objeto_id) VALUES (213, 2, 18, 'emision', 'Titulo 213', 'Mensaje 213', 0, 'emision', 62);
INSERT INTO notificacion (id, comunidad_id, persona_id, tipo, titulo, mensaje, leida, objeto_tipo, objeto_id) VALUES (214, 1, 121, 'pago', 'Titulo 214', 'Mensaje 214', 1, 'pago', 28);
INSERT INTO notificacion (id, comunidad_id, persona_id, tipo, titulo, mensaje, leida, objeto_tipo, objeto_id) VALUES (215, 3, 41, 'multa', 'Titulo 215', 'Mensaje 215', 0, 'multa', 22);
INSERT INTO notificacion (id, comunidad_id, persona_id, tipo, titulo, mensaje, leida, objeto_tipo, objeto_id) VALUES (216, 2, 167, 'emision', 'Titulo 216', 'Mensaje 216', 0, 'multa', 28);
INSERT INTO notificacion (id, comunidad_id, persona_id, tipo, titulo, mensaje, leida, objeto_tipo, objeto_id) VALUES (217, 2, 44, 'multa', 'Titulo 217', 'Mensaje 217', 1, 'emision', 67);
INSERT INTO notificacion (id, comunidad_id, persona_id, tipo, titulo, mensaje, leida, objeto_tipo, objeto_id) VALUES (218, 3, 148, 'multa', 'Titulo 218', 'Mensaje 218', 1, 'pago', 61);
INSERT INTO notificacion (id, comunidad_id, persona_id, tipo, titulo, mensaje, leida, objeto_tipo, objeto_id) VALUES (219, 1, 111, 'multa', 'Titulo 219', 'Mensaje 219', 1, 'emision', 68);
INSERT INTO notificacion (id, comunidad_id, persona_id, tipo, titulo, mensaje, leida, objeto_tipo, objeto_id) VALUES (220, 3, 89, 'multa', 'Titulo 220', 'Mensaje 220', 1, 'pago', 106);
INSERT INTO notificacion (id, comunidad_id, persona_id, tipo, titulo, mensaje, leida, objeto_tipo, objeto_id) VALUES (221, 5, 74, 'pago', 'Titulo 221', 'Mensaje 221', 0, 'pago', 220);
INSERT INTO notificacion (id, comunidad_id, persona_id, tipo, titulo, mensaje, leida, objeto_tipo, objeto_id) VALUES (222, 1, 181, 'general', 'Titulo 222', 'Mensaje 222', 1, 'pago', 155);
INSERT INTO notificacion (id, comunidad_id, persona_id, tipo, titulo, mensaje, leida, objeto_tipo, objeto_id) VALUES (223, 4, 1, 'emision', 'Titulo 223', 'Mensaje 223', 1, 'pago', 49);
INSERT INTO notificacion (id, comunidad_id, persona_id, tipo, titulo, mensaje, leida, objeto_tipo, objeto_id) VALUES (224, 3, 177, 'multa', 'Titulo 224', 'Mensaje 224', 0, 'pago', 149);
INSERT INTO notificacion (id, comunidad_id, persona_id, tipo, titulo, mensaje, leida, objeto_tipo, objeto_id) VALUES (225, 1, 172, 'multa', 'Titulo 225', 'Mensaje 225', 0, 'pago', 11);
INSERT INTO notificacion (id, comunidad_id, persona_id, tipo, titulo, mensaje, leida, objeto_tipo, objeto_id) VALUES (226, 2, 64, 'emision', 'Titulo 226', 'Mensaje 226', 0, 'pago', 102);
INSERT INTO notificacion (id, comunidad_id, persona_id, tipo, titulo, mensaje, leida, objeto_tipo, objeto_id) VALUES (227, 2, 56, 'pago', 'Titulo 227', 'Mensaje 227', 0, 'pago', 1);
INSERT INTO notificacion (id, comunidad_id, persona_id, tipo, titulo, mensaje, leida, objeto_tipo, objeto_id) VALUES (228, 2, 184, 'emision', 'Titulo 228', 'Mensaje 228', 0, 'multa', 14);
INSERT INTO notificacion (id, comunidad_id, persona_id, tipo, titulo, mensaje, leida, objeto_tipo, objeto_id) VALUES (229, 3, 53, 'general', 'Titulo 229', 'Mensaje 229', 0, 'emision', 16);
INSERT INTO notificacion (id, comunidad_id, persona_id, tipo, titulo, mensaje, leida, objeto_tipo, objeto_id) VALUES (230, 3, 84, 'general', 'Titulo 230', 'Mensaje 230', 1, 'pago', 133);
INSERT INTO notificacion (id, comunidad_id, persona_id, tipo, titulo, mensaje, leida, objeto_tipo, objeto_id) VALUES (231, 3, 114, 'multa', 'Titulo 231', 'Mensaje 231', 0, 'emision', 50);
INSERT INTO notificacion (id, comunidad_id, persona_id, tipo, titulo, mensaje, leida, objeto_tipo, objeto_id) VALUES (232, 3, 49, 'multa', 'Titulo 232', 'Mensaje 232', 1, 'multa', 36);
INSERT INTO notificacion (id, comunidad_id, persona_id, tipo, titulo, mensaje, leida, objeto_tipo, objeto_id) VALUES (233, 4, 13, 'pago', 'Titulo 233', 'Mensaje 233', 0, 'multa', 60);
INSERT INTO notificacion (id, comunidad_id, persona_id, tipo, titulo, mensaje, leida, objeto_tipo, objeto_id) VALUES (234, 2, 16, 'emision', 'Titulo 234', 'Mensaje 234', 1, 'pago', 75);
INSERT INTO notificacion (id, comunidad_id, persona_id, tipo, titulo, mensaje, leida, objeto_tipo, objeto_id) VALUES (235, 2, 106, 'emision', 'Titulo 235', 'Mensaje 235', 1, 'emision', 37);
INSERT INTO notificacion (id, comunidad_id, persona_id, tipo, titulo, mensaje, leida, objeto_tipo, objeto_id) VALUES (236, 3, 46, 'general', 'Titulo 236', 'Mensaje 236', 0, 'multa', 68);
INSERT INTO notificacion (id, comunidad_id, persona_id, tipo, titulo, mensaje, leida, objeto_tipo, objeto_id) VALUES (237, 1, 151, 'general', 'Titulo 237', 'Mensaje 237', 1, 'multa', 29);
INSERT INTO notificacion (id, comunidad_id, persona_id, tipo, titulo, mensaje, leida, objeto_tipo, objeto_id) VALUES (238, 4, 52, 'pago', 'Titulo 238', 'Mensaje 238', 1, 'multa', 35);
INSERT INTO notificacion (id, comunidad_id, persona_id, tipo, titulo, mensaje, leida, objeto_tipo, objeto_id) VALUES (239, 2, 123, 'multa', 'Titulo 239', 'Mensaje 239', 1, 'emision', 3);
INSERT INTO notificacion (id, comunidad_id, persona_id, tipo, titulo, mensaje, leida, objeto_tipo, objeto_id) VALUES (240, 2, 166, 'general', 'Titulo 240', 'Mensaje 240', 1, 'emision', 71);
INSERT INTO notificacion (id, comunidad_id, persona_id, tipo, titulo, mensaje, leida, objeto_tipo, objeto_id) VALUES (241, 5, 165, 'multa', 'Titulo 241', 'Mensaje 241', 0, 'multa', 48);
INSERT INTO notificacion (id, comunidad_id, persona_id, tipo, titulo, mensaje, leida, objeto_tipo, objeto_id) VALUES (242, 5, 66, 'emision', 'Titulo 242', 'Mensaje 242', 1, 'pago', 133);
INSERT INTO notificacion (id, comunidad_id, persona_id, tipo, titulo, mensaje, leida, objeto_tipo, objeto_id) VALUES (243, 3, 192, 'general', 'Titulo 243', 'Mensaje 243', 0, 'emision', 73);
INSERT INTO notificacion (id, comunidad_id, persona_id, tipo, titulo, mensaje, leida, objeto_tipo, objeto_id) VALUES (244, 1, 62, 'pago', 'Titulo 244', 'Mensaje 244', 1, 'emision', 72);
INSERT INTO notificacion (id, comunidad_id, persona_id, tipo, titulo, mensaje, leida, objeto_tipo, objeto_id) VALUES (245, 5, 148, 'multa', 'Titulo 245', 'Mensaje 245', 1, 'pago', 1);
INSERT INTO notificacion (id, comunidad_id, persona_id, tipo, titulo, mensaje, leida, objeto_tipo, objeto_id) VALUES (246, 2, 6, 'pago', 'Titulo 246', 'Mensaje 246', 1, 'pago', 88);
INSERT INTO notificacion (id, comunidad_id, persona_id, tipo, titulo, mensaje, leida, objeto_tipo, objeto_id) VALUES (247, 1, 124, 'multa', 'Titulo 247', 'Mensaje 247', 0, 'emision', 40);
INSERT INTO notificacion (id, comunidad_id, persona_id, tipo, titulo, mensaje, leida, objeto_tipo, objeto_id) VALUES (248, 4, 65, 'pago', 'Titulo 248', 'Mensaje 248', 0, 'pago', 103);
INSERT INTO notificacion (id, comunidad_id, persona_id, tipo, titulo, mensaje, leida, objeto_tipo, objeto_id) VALUES (249, 5, 145, 'pago', 'Titulo 249', 'Mensaje 249', 0, 'multa', 61);
INSERT INTO notificacion (id, comunidad_id, persona_id, tipo, titulo, mensaje, leida, objeto_tipo, objeto_id) VALUES (250, 5, 51, 'multa', 'Titulo 250', 'Mensaje 250', 1, 'emision', 44);
INSERT INTO notificacion (id, comunidad_id, persona_id, tipo, titulo, mensaje, leida, objeto_tipo, objeto_id) VALUES (251, 3, 121, 'multa', 'Titulo 251', 'Mensaje 251', 1, 'multa', 30);
INSERT INTO notificacion (id, comunidad_id, persona_id, tipo, titulo, mensaje, leida, objeto_tipo, objeto_id) VALUES (252, 4, 144, 'emision', 'Titulo 252', 'Mensaje 252', 0, 'emision', 73);
INSERT INTO notificacion (id, comunidad_id, persona_id, tipo, titulo, mensaje, leida, objeto_tipo, objeto_id) VALUES (253, 2, 60, 'general', 'Titulo 253', 'Mensaje 253', 0, 'emision', 60);
INSERT INTO notificacion (id, comunidad_id, persona_id, tipo, titulo, mensaje, leida, objeto_tipo, objeto_id) VALUES (254, 4, 137, 'emision', 'Titulo 254', 'Mensaje 254', 0, 'pago', 141);
INSERT INTO notificacion (id, comunidad_id, persona_id, tipo, titulo, mensaje, leida, objeto_tipo, objeto_id) VALUES (255, 4, 184, 'multa', 'Titulo 255', 'Mensaje 255', 0, 'pago', 55);
INSERT INTO notificacion (id, comunidad_id, persona_id, tipo, titulo, mensaje, leida, objeto_tipo, objeto_id) VALUES (256, 2, 95, 'emision', 'Titulo 256', 'Mensaje 256', 0, 'multa', 2);
INSERT INTO notificacion (id, comunidad_id, persona_id, tipo, titulo, mensaje, leida, objeto_tipo, objeto_id) VALUES (257, 5, 105, 'emision', 'Titulo 257', 'Mensaje 257', 1, 'pago', 151);
INSERT INTO notificacion (id, comunidad_id, persona_id, tipo, titulo, mensaje, leida, objeto_tipo, objeto_id) VALUES (258, 4, 54, 'emision', 'Titulo 258', 'Mensaje 258', 1, 'emision', 79);
INSERT INTO notificacion (id, comunidad_id, persona_id, tipo, titulo, mensaje, leida, objeto_tipo, objeto_id) VALUES (259, 1, 24, 'pago', 'Titulo 259', 'Mensaje 259', 0, 'emision', 61);
INSERT INTO notificacion (id, comunidad_id, persona_id, tipo, titulo, mensaje, leida, objeto_tipo, objeto_id) VALUES (260, 3, 139, 'multa', 'Titulo 260', 'Mensaje 260', 0, 'multa', 28);
INSERT INTO notificacion (id, comunidad_id, persona_id, tipo, titulo, mensaje, leida, objeto_tipo, objeto_id) VALUES (261, 4, 85, 'emision', 'Titulo 261', 'Mensaje 261', 0, 'pago', 150);
INSERT INTO notificacion (id, comunidad_id, persona_id, tipo, titulo, mensaje, leida, objeto_tipo, objeto_id) VALUES (262, 2, 148, 'pago', 'Titulo 262', 'Mensaje 262', 0, 'multa', 45);
INSERT INTO notificacion (id, comunidad_id, persona_id, tipo, titulo, mensaje, leida, objeto_tipo, objeto_id) VALUES (263, 3, 193, 'general', 'Titulo 263', 'Mensaje 263', 0, 'emision', 13);
INSERT INTO notificacion (id, comunidad_id, persona_id, tipo, titulo, mensaje, leida, objeto_tipo, objeto_id) VALUES (264, 5, 6, 'pago', 'Titulo 264', 'Mensaje 264', 0, 'emision', 21);
INSERT INTO notificacion (id, comunidad_id, persona_id, tipo, titulo, mensaje, leida, objeto_tipo, objeto_id) VALUES (265, 2, 189, 'emision', 'Titulo 265', 'Mensaje 265', 0, 'emision', 27);
INSERT INTO notificacion (id, comunidad_id, persona_id, tipo, titulo, mensaje, leida, objeto_tipo, objeto_id) VALUES (266, 2, 34, 'pago', 'Titulo 266', 'Mensaje 266', 1, 'emision', 58);
INSERT INTO notificacion (id, comunidad_id, persona_id, tipo, titulo, mensaje, leida, objeto_tipo, objeto_id) VALUES (267, 2, 159, 'multa', 'Titulo 267', 'Mensaje 267', 0, 'emision', 27);
INSERT INTO notificacion (id, comunidad_id, persona_id, tipo, titulo, mensaje, leida, objeto_tipo, objeto_id) VALUES (268, 3, 161, 'pago', 'Titulo 268', 'Mensaje 268', 1, 'emision', 9);
INSERT INTO notificacion (id, comunidad_id, persona_id, tipo, titulo, mensaje, leida, objeto_tipo, objeto_id) VALUES (269, 2, 122, 'general', 'Titulo 269', 'Mensaje 269', 0, 'emision', 48);
INSERT INTO notificacion (id, comunidad_id, persona_id, tipo, titulo, mensaje, leida, objeto_tipo, objeto_id) VALUES (270, 1, 137, 'multa', 'Titulo 270', 'Mensaje 270', 1, 'emision', 11);
INSERT INTO notificacion (id, comunidad_id, persona_id, tipo, titulo, mensaje, leida, objeto_tipo, objeto_id) VALUES (271, 2, 55, 'emision', 'Titulo 271', 'Mensaje 271', 0, 'multa', 14);
INSERT INTO notificacion (id, comunidad_id, persona_id, tipo, titulo, mensaje, leida, objeto_tipo, objeto_id) VALUES (272, 4, 59, 'multa', 'Titulo 272', 'Mensaje 272', 1, 'pago', 134);
INSERT INTO notificacion (id, comunidad_id, persona_id, tipo, titulo, mensaje, leida, objeto_tipo, objeto_id) VALUES (273, 5, 174, 'pago', 'Titulo 273', 'Mensaje 273', 1, 'emision', 77);
INSERT INTO notificacion (id, comunidad_id, persona_id, tipo, titulo, mensaje, leida, objeto_tipo, objeto_id) VALUES (274, 5, 170, 'multa', 'Titulo 274', 'Mensaje 274', 1, 'multa', 23);
INSERT INTO notificacion (id, comunidad_id, persona_id, tipo, titulo, mensaje, leida, objeto_tipo, objeto_id) VALUES (275, 5, 114, 'pago', 'Titulo 275', 'Mensaje 275', 1, 'multa', 78);
INSERT INTO notificacion (id, comunidad_id, persona_id, tipo, titulo, mensaje, leida, objeto_tipo, objeto_id) VALUES (276, 2, 188, 'emision', 'Titulo 276', 'Mensaje 276', 0, 'multa', 38);
INSERT INTO notificacion (id, comunidad_id, persona_id, tipo, titulo, mensaje, leida, objeto_tipo, objeto_id) VALUES (277, 4, 198, 'general', 'Titulo 277', 'Mensaje 277', 0, 'pago', 30);
INSERT INTO notificacion (id, comunidad_id, persona_id, tipo, titulo, mensaje, leida, objeto_tipo, objeto_id) VALUES (278, 2, 14, 'multa', 'Titulo 278', 'Mensaje 278', 0, 'pago', 123);
INSERT INTO notificacion (id, comunidad_id, persona_id, tipo, titulo, mensaje, leida, objeto_tipo, objeto_id) VALUES (279, 4, 167, 'multa', 'Titulo 279', 'Mensaje 279', 0, 'pago', 47);
INSERT INTO notificacion (id, comunidad_id, persona_id, tipo, titulo, mensaje, leida, objeto_tipo, objeto_id) VALUES (280, 5, 60, 'multa', 'Titulo 280', 'Mensaje 280', 0, 'emision', 66);
INSERT INTO notificacion (id, comunidad_id, persona_id, tipo, titulo, mensaje, leida, objeto_tipo, objeto_id) VALUES (281, 5, 140, 'emision', 'Titulo 281', 'Mensaje 281', 0, 'pago', 142);
INSERT INTO notificacion (id, comunidad_id, persona_id, tipo, titulo, mensaje, leida, objeto_tipo, objeto_id) VALUES (282, 1, 87, 'emision', 'Titulo 282', 'Mensaje 282', 1, 'multa', 43);
INSERT INTO notificacion (id, comunidad_id, persona_id, tipo, titulo, mensaje, leida, objeto_tipo, objeto_id) VALUES (283, 5, 35, 'multa', 'Titulo 283', 'Mensaje 283', 0, 'multa', 63);
INSERT INTO notificacion (id, comunidad_id, persona_id, tipo, titulo, mensaje, leida, objeto_tipo, objeto_id) VALUES (284, 2, 36, 'multa', 'Titulo 284', 'Mensaje 284', 0, 'pago', 38);
INSERT INTO notificacion (id, comunidad_id, persona_id, tipo, titulo, mensaje, leida, objeto_tipo, objeto_id) VALUES (285, 5, 114, 'emision', 'Titulo 285', 'Mensaje 285', 1, 'pago', 163);
INSERT INTO notificacion (id, comunidad_id, persona_id, tipo, titulo, mensaje, leida, objeto_tipo, objeto_id) VALUES (286, 5, 21, 'pago', 'Titulo 286', 'Mensaje 286', 1, 'emision', 36);
INSERT INTO notificacion (id, comunidad_id, persona_id, tipo, titulo, mensaje, leida, objeto_tipo, objeto_id) VALUES (287, 3, 8, 'emision', 'Titulo 287', 'Mensaje 287', 0, 'emision', 4);
INSERT INTO notificacion (id, comunidad_id, persona_id, tipo, titulo, mensaje, leida, objeto_tipo, objeto_id) VALUES (288, 1, 22, 'pago', 'Titulo 288', 'Mensaje 288', 0, 'pago', 207);
INSERT INTO notificacion (id, comunidad_id, persona_id, tipo, titulo, mensaje, leida, objeto_tipo, objeto_id) VALUES (289, 5, 21, 'emision', 'Titulo 289', 'Mensaje 289', 0, 'multa', 13);
INSERT INTO notificacion (id, comunidad_id, persona_id, tipo, titulo, mensaje, leida, objeto_tipo, objeto_id) VALUES (290, 4, 138, 'pago', 'Titulo 290', 'Mensaje 290', 0, 'pago', 192);
INSERT INTO notificacion (id, comunidad_id, persona_id, tipo, titulo, mensaje, leida, objeto_tipo, objeto_id) VALUES (291, 5, 7, 'multa', 'Titulo 291', 'Mensaje 291', 1, 'multa', 49);
INSERT INTO notificacion (id, comunidad_id, persona_id, tipo, titulo, mensaje, leida, objeto_tipo, objeto_id) VALUES (292, 1, 130, 'pago', 'Titulo 292', 'Mensaje 292', 1, 'multa', 21);
INSERT INTO notificacion (id, comunidad_id, persona_id, tipo, titulo, mensaje, leida, objeto_tipo, objeto_id) VALUES (293, 1, 140, 'multa', 'Titulo 293', 'Mensaje 293', 1, 'multa', 63);
INSERT INTO notificacion (id, comunidad_id, persona_id, tipo, titulo, mensaje, leida, objeto_tipo, objeto_id) VALUES (294, 5, 197, 'emision', 'Titulo 294', 'Mensaje 294', 0, 'emision', 37);
INSERT INTO notificacion (id, comunidad_id, persona_id, tipo, titulo, mensaje, leida, objeto_tipo, objeto_id) VALUES (295, 5, 160, 'emision', 'Titulo 295', 'Mensaje 295', 1, 'multa', 61);
INSERT INTO notificacion (id, comunidad_id, persona_id, tipo, titulo, mensaje, leida, objeto_tipo, objeto_id) VALUES (296, 1, 130, 'general', 'Titulo 296', 'Mensaje 296', 1, 'emision', 6);
INSERT INTO notificacion (id, comunidad_id, persona_id, tipo, titulo, mensaje, leida, objeto_tipo, objeto_id) VALUES (297, 5, 13, 'emision', 'Titulo 297', 'Mensaje 297', 1, 'emision', 49);
INSERT INTO notificacion (id, comunidad_id, persona_id, tipo, titulo, mensaje, leida, objeto_tipo, objeto_id) VALUES (298, 3, 163, 'pago', 'Titulo 298', 'Mensaje 298', 0, 'multa', 67);
INSERT INTO notificacion (id, comunidad_id, persona_id, tipo, titulo, mensaje, leida, objeto_tipo, objeto_id) VALUES (299, 3, 136, 'multa', 'Titulo 299', 'Mensaje 299', 1, 'multa', 73);
INSERT INTO notificacion (id, comunidad_id, persona_id, tipo, titulo, mensaje, leida, objeto_tipo, objeto_id) VALUES (300, 1, 61, 'general', 'Titulo 300', 'Mensaje 300', 0, 'multa', 66);
INSERT INTO notificacion (id, comunidad_id, persona_id, tipo, titulo, mensaje, leida, objeto_tipo, objeto_id) VALUES (301, 2, 83, 'pago', 'Titulo 301', 'Mensaje 301', 0, 'multa', 40);
INSERT INTO notificacion (id, comunidad_id, persona_id, tipo, titulo, mensaje, leida, objeto_tipo, objeto_id) VALUES (302, 2, 148, 'general', 'Titulo 302', 'Mensaje 302', 0, 'pago', 183);
INSERT INTO notificacion (id, comunidad_id, persona_id, tipo, titulo, mensaje, leida, objeto_tipo, objeto_id) VALUES (303, 1, 161, 'general', 'Titulo 303', 'Mensaje 303', 0, 'multa', 27);
INSERT INTO notificacion (id, comunidad_id, persona_id, tipo, titulo, mensaje, leida, objeto_tipo, objeto_id) VALUES (304, 2, 106, 'general', 'Titulo 304', 'Mensaje 304', 1, 'emision', 80);
INSERT INTO notificacion (id, comunidad_id, persona_id, tipo, titulo, mensaje, leida, objeto_tipo, objeto_id) VALUES (305, 5, 48, 'multa', 'Titulo 305', 'Mensaje 305', 0, 'emision', 35);
INSERT INTO notificacion (id, comunidad_id, persona_id, tipo, titulo, mensaje, leida, objeto_tipo, objeto_id) VALUES (306, 1, 32, 'general', 'Titulo 306', 'Mensaje 306', 1, 'pago', 32);
INSERT INTO notificacion (id, comunidad_id, persona_id, tipo, titulo, mensaje, leida, objeto_tipo, objeto_id) VALUES (307, 5, 136, 'emision', 'Titulo 307', 'Mensaje 307', 1, 'pago', 188);
INSERT INTO notificacion (id, comunidad_id, persona_id, tipo, titulo, mensaje, leida, objeto_tipo, objeto_id) VALUES (308, 3, 165, 'multa', 'Titulo 308', 'Mensaje 308', 1, 'multa', 32);
INSERT INTO notificacion (id, comunidad_id, persona_id, tipo, titulo, mensaje, leida, objeto_tipo, objeto_id) VALUES (309, 5, 50, 'general', 'Titulo 309', 'Mensaje 309', 0, 'pago', 166);
INSERT INTO notificacion (id, comunidad_id, persona_id, tipo, titulo, mensaje, leida, objeto_tipo, objeto_id) VALUES (310, 1, 103, 'pago', 'Titulo 310', 'Mensaje 310', 0, 'emision', 9);
INSERT INTO notificacion (id, comunidad_id, persona_id, tipo, titulo, mensaje, leida, objeto_tipo, objeto_id) VALUES (311, 2, 179, 'general', 'Titulo 311', 'Mensaje 311', 1, 'pago', 44);
INSERT INTO notificacion (id, comunidad_id, persona_id, tipo, titulo, mensaje, leida, objeto_tipo, objeto_id) VALUES (312, 5, 147, 'pago', 'Titulo 312', 'Mensaje 312', 1, 'multa', 21);
INSERT INTO notificacion (id, comunidad_id, persona_id, tipo, titulo, mensaje, leida, objeto_tipo, objeto_id) VALUES (313, 1, 63, 'general', 'Titulo 313', 'Mensaje 313', 0, 'multa', 68);
INSERT INTO notificacion (id, comunidad_id, persona_id, tipo, titulo, mensaje, leida, objeto_tipo, objeto_id) VALUES (314, 4, 55, 'emision', 'Titulo 314', 'Mensaje 314', 1, 'multa', 11);
INSERT INTO notificacion (id, comunidad_id, persona_id, tipo, titulo, mensaje, leida, objeto_tipo, objeto_id) VALUES (315, 4, 11, 'general', 'Titulo 315', 'Mensaje 315', 1, 'pago', 100);
INSERT INTO notificacion (id, comunidad_id, persona_id, tipo, titulo, mensaje, leida, objeto_tipo, objeto_id) VALUES (316, 2, 91, 'pago', 'Titulo 316', 'Mensaje 316', 1, 'emision', 24);
INSERT INTO notificacion (id, comunidad_id, persona_id, tipo, titulo, mensaje, leida, objeto_tipo, objeto_id) VALUES (317, 4, 59, 'pago', 'Titulo 317', 'Mensaje 317', 1, 'pago', 175);
INSERT INTO notificacion (id, comunidad_id, persona_id, tipo, titulo, mensaje, leida, objeto_tipo, objeto_id) VALUES (318, 2, 76, 'multa', 'Titulo 318', 'Mensaje 318', 0, 'pago', 22);
INSERT INTO notificacion (id, comunidad_id, persona_id, tipo, titulo, mensaje, leida, objeto_tipo, objeto_id) VALUES (319, 4, 97, 'pago', 'Titulo 319', 'Mensaje 319', 1, 'multa', 38);
INSERT INTO notificacion (id, comunidad_id, persona_id, tipo, titulo, mensaje, leida, objeto_tipo, objeto_id) VALUES (320, 5, 148, 'emision', 'Titulo 320', 'Mensaje 320', 0, 'pago', 28);
INSERT INTO notificacion (id, comunidad_id, persona_id, tipo, titulo, mensaje, leida, objeto_tipo, objeto_id) VALUES (321, 3, 62, 'multa', 'Titulo 321', 'Mensaje 321', 1, 'multa', 18);
INSERT INTO notificacion (id, comunidad_id, persona_id, tipo, titulo, mensaje, leida, objeto_tipo, objeto_id) VALUES (322, 4, 157, 'emision', 'Titulo 322', 'Mensaje 322', 1, 'emision', 38);
INSERT INTO notificacion (id, comunidad_id, persona_id, tipo, titulo, mensaje, leida, objeto_tipo, objeto_id) VALUES (323, 1, 75, 'multa', 'Titulo 323', 'Mensaje 323', 0, 'emision', 27);
INSERT INTO notificacion (id, comunidad_id, persona_id, tipo, titulo, mensaje, leida, objeto_tipo, objeto_id) VALUES (324, 3, 50, 'pago', 'Titulo 324', 'Mensaje 324', 1, 'pago', 32);
INSERT INTO notificacion (id, comunidad_id, persona_id, tipo, titulo, mensaje, leida, objeto_tipo, objeto_id) VALUES (325, 4, 187, 'multa', 'Titulo 325', 'Mensaje 325', 0, 'emision', 12);
INSERT INTO notificacion (id, comunidad_id, persona_id, tipo, titulo, mensaje, leida, objeto_tipo, objeto_id) VALUES (326, 1, 183, 'general', 'Titulo 326', 'Mensaje 326', 1, 'pago', 202);
INSERT INTO notificacion (id, comunidad_id, persona_id, tipo, titulo, mensaje, leida, objeto_tipo, objeto_id) VALUES (327, 1, 140, 'emision', 'Titulo 327', 'Mensaje 327', 0, 'emision', 76);
INSERT INTO notificacion (id, comunidad_id, persona_id, tipo, titulo, mensaje, leida, objeto_tipo, objeto_id) VALUES (328, 1, 162, 'multa', 'Titulo 328', 'Mensaje 328', 1, 'emision', 18);
INSERT INTO notificacion (id, comunidad_id, persona_id, tipo, titulo, mensaje, leida, objeto_tipo, objeto_id) VALUES (329, 4, 165, 'pago', 'Titulo 329', 'Mensaje 329', 0, 'emision', 53);
INSERT INTO notificacion (id, comunidad_id, persona_id, tipo, titulo, mensaje, leida, objeto_tipo, objeto_id) VALUES (330, 1, 186, 'emision', 'Titulo 330', 'Mensaje 330', 0, 'pago', 195);
INSERT INTO notificacion (id, comunidad_id, persona_id, tipo, titulo, mensaje, leida, objeto_tipo, objeto_id) VALUES (331, 5, 128, 'pago', 'Titulo 331', 'Mensaje 331', 1, 'emision', 60);
INSERT INTO notificacion (id, comunidad_id, persona_id, tipo, titulo, mensaje, leida, objeto_tipo, objeto_id) VALUES (332, 5, 105, 'emision', 'Titulo 332', 'Mensaje 332', 0, 'emision', 27);
INSERT INTO notificacion (id, comunidad_id, persona_id, tipo, titulo, mensaje, leida, objeto_tipo, objeto_id) VALUES (333, 1, 8, 'emision', 'Titulo 333', 'Mensaje 333', 1, 'multa', 15);
INSERT INTO notificacion (id, comunidad_id, persona_id, tipo, titulo, mensaje, leida, objeto_tipo, objeto_id) VALUES (334, 5, 33, 'emision', 'Titulo 334', 'Mensaje 334', 0, 'pago', 97);
INSERT INTO notificacion (id, comunidad_id, persona_id, tipo, titulo, mensaje, leida, objeto_tipo, objeto_id) VALUES (335, 3, 121, 'general', 'Titulo 335', 'Mensaje 335', 1, 'pago', 73);
INSERT INTO notificacion (id, comunidad_id, persona_id, tipo, titulo, mensaje, leida, objeto_tipo, objeto_id) VALUES (336, 5, 31, 'general', 'Titulo 336', 'Mensaje 336', 0, 'pago', 175);
INSERT INTO notificacion (id, comunidad_id, persona_id, tipo, titulo, mensaje, leida, objeto_tipo, objeto_id) VALUES (337, 2, 101, 'pago', 'Titulo 337', 'Mensaje 337', 1, 'emision', 8);
INSERT INTO notificacion (id, comunidad_id, persona_id, tipo, titulo, mensaje, leida, objeto_tipo, objeto_id) VALUES (338, 1, 80, 'emision', 'Titulo 338', 'Mensaje 338', 0, 'pago', 164);
INSERT INTO notificacion (id, comunidad_id, persona_id, tipo, titulo, mensaje, leida, objeto_tipo, objeto_id) VALUES (339, 5, 74, 'emision', 'Titulo 339', 'Mensaje 339', 1, 'emision', 30);
INSERT INTO notificacion (id, comunidad_id, persona_id, tipo, titulo, mensaje, leida, objeto_tipo, objeto_id) VALUES (340, 4, 136, 'general', 'Titulo 340', 'Mensaje 340', 1, 'emision', 76);
INSERT INTO notificacion (id, comunidad_id, persona_id, tipo, titulo, mensaje, leida, objeto_tipo, objeto_id) VALUES (341, 2, 194, 'general', 'Titulo 341', 'Mensaje 341', 0, 'emision', 21);
INSERT INTO notificacion (id, comunidad_id, persona_id, tipo, titulo, mensaje, leida, objeto_tipo, objeto_id) VALUES (342, 2, 156, 'multa', 'Titulo 342', 'Mensaje 342', 0, 'emision', 58);
INSERT INTO notificacion (id, comunidad_id, persona_id, tipo, titulo, mensaje, leida, objeto_tipo, objeto_id) VALUES (343, 3, 86, 'pago', 'Titulo 343', 'Mensaje 343', 1, 'emision', 12);
INSERT INTO notificacion (id, comunidad_id, persona_id, tipo, titulo, mensaje, leida, objeto_tipo, objeto_id) VALUES (344, 3, 10, 'pago', 'Titulo 344', 'Mensaje 344', 0, 'pago', 138);
INSERT INTO notificacion (id, comunidad_id, persona_id, tipo, titulo, mensaje, leida, objeto_tipo, objeto_id) VALUES (345, 4, 192, 'emision', 'Titulo 345', 'Mensaje 345', 1, 'pago', 6);
INSERT INTO notificacion (id, comunidad_id, persona_id, tipo, titulo, mensaje, leida, objeto_tipo, objeto_id) VALUES (346, 3, 61, 'general', 'Titulo 346', 'Mensaje 346', 1, 'multa', 56);
INSERT INTO notificacion (id, comunidad_id, persona_id, tipo, titulo, mensaje, leida, objeto_tipo, objeto_id) VALUES (347, 1, 133, 'emision', 'Titulo 347', 'Mensaje 347', 0, 'pago', 33);
INSERT INTO notificacion (id, comunidad_id, persona_id, tipo, titulo, mensaje, leida, objeto_tipo, objeto_id) VALUES (348, 4, 200, 'emision', 'Titulo 348', 'Mensaje 348', 0, 'emision', 8);
INSERT INTO notificacion (id, comunidad_id, persona_id, tipo, titulo, mensaje, leida, objeto_tipo, objeto_id) VALUES (349, 5, 53, 'pago', 'Titulo 349', 'Mensaje 349', 1, 'multa', 78);
INSERT INTO notificacion (id, comunidad_id, persona_id, tipo, titulo, mensaje, leida, objeto_tipo, objeto_id) VALUES (350, 1, 196, 'emision', 'Titulo 350', 'Mensaje 350', 1, 'emision', 59);
INSERT INTO notificacion (id, comunidad_id, persona_id, tipo, titulo, mensaje, leida, objeto_tipo, objeto_id) VALUES (351, 1, 83, 'multa', 'Titulo 351', 'Mensaje 351', 0, 'emision', 28);
INSERT INTO notificacion (id, comunidad_id, persona_id, tipo, titulo, mensaje, leida, objeto_tipo, objeto_id) VALUES (352, 3, 88, 'pago', 'Titulo 352', 'Mensaje 352', 0, 'multa', 66);
INSERT INTO notificacion (id, comunidad_id, persona_id, tipo, titulo, mensaje, leida, objeto_tipo, objeto_id) VALUES (353, 5, 47, 'general', 'Titulo 353', 'Mensaje 353', 0, 'multa', 63);
INSERT INTO notificacion (id, comunidad_id, persona_id, tipo, titulo, mensaje, leida, objeto_tipo, objeto_id) VALUES (354, 4, 196, 'multa', 'Titulo 354', 'Mensaje 354', 0, 'pago', 213);
INSERT INTO notificacion (id, comunidad_id, persona_id, tipo, titulo, mensaje, leida, objeto_tipo, objeto_id) VALUES (355, 3, 75, 'emision', 'Titulo 355', 'Mensaje 355', 0, 'emision', 39);
INSERT INTO notificacion (id, comunidad_id, persona_id, tipo, titulo, mensaje, leida, objeto_tipo, objeto_id) VALUES (356, 5, 2, 'general', 'Titulo 356', 'Mensaje 356', 0, 'multa', 39);
INSERT INTO notificacion (id, comunidad_id, persona_id, tipo, titulo, mensaje, leida, objeto_tipo, objeto_id) VALUES (357, 2, 123, 'multa', 'Titulo 357', 'Mensaje 357', 1, 'emision', 28);
INSERT INTO notificacion (id, comunidad_id, persona_id, tipo, titulo, mensaje, leida, objeto_tipo, objeto_id) VALUES (358, 2, 166, 'pago', 'Titulo 358', 'Mensaje 358', 0, 'emision', 14);
INSERT INTO notificacion (id, comunidad_id, persona_id, tipo, titulo, mensaje, leida, objeto_tipo, objeto_id) VALUES (359, 3, 116, 'emision', 'Titulo 359', 'Mensaje 359', 0, 'pago', 95);
INSERT INTO notificacion (id, comunidad_id, persona_id, tipo, titulo, mensaje, leida, objeto_tipo, objeto_id) VALUES (360, 5, 149, 'emision', 'Titulo 360', 'Mensaje 360', 1, 'multa', 74);
INSERT INTO notificacion (id, comunidad_id, persona_id, tipo, titulo, mensaje, leida, objeto_tipo, objeto_id) VALUES (361, 2, 5, 'general', 'Titulo 361', 'Mensaje 361', 1, 'pago', 207);
INSERT INTO notificacion (id, comunidad_id, persona_id, tipo, titulo, mensaje, leida, objeto_tipo, objeto_id) VALUES (362, 2, 104, 'general', 'Titulo 362', 'Mensaje 362', 1, 'pago', 76);
INSERT INTO notificacion (id, comunidad_id, persona_id, tipo, titulo, mensaje, leida, objeto_tipo, objeto_id) VALUES (363, 5, 165, 'general', 'Titulo 363', 'Mensaje 363', 0, 'pago', 76);
INSERT INTO notificacion (id, comunidad_id, persona_id, tipo, titulo, mensaje, leida, objeto_tipo, objeto_id) VALUES (364, 2, 138, 'pago', 'Titulo 364', 'Mensaje 364', 1, 'pago', 146);
INSERT INTO notificacion (id, comunidad_id, persona_id, tipo, titulo, mensaje, leida, objeto_tipo, objeto_id) VALUES (365, 2, 38, 'pago', 'Titulo 365', 'Mensaje 365', 0, 'multa', 3);
INSERT INTO notificacion (id, comunidad_id, persona_id, tipo, titulo, mensaje, leida, objeto_tipo, objeto_id) VALUES (366, 5, 80, 'multa', 'Titulo 366', 'Mensaje 366', 0, 'emision', 14);
INSERT INTO notificacion (id, comunidad_id, persona_id, tipo, titulo, mensaje, leida, objeto_tipo, objeto_id) VALUES (367, 2, 200, 'multa', 'Titulo 367', 'Mensaje 367', 1, 'emision', 56);
INSERT INTO notificacion (id, comunidad_id, persona_id, tipo, titulo, mensaje, leida, objeto_tipo, objeto_id) VALUES (368, 4, 145, 'emision', 'Titulo 368', 'Mensaje 368', 1, 'pago', 180);
INSERT INTO notificacion (id, comunidad_id, persona_id, tipo, titulo, mensaje, leida, objeto_tipo, objeto_id) VALUES (369, 1, 143, 'general', 'Titulo 369', 'Mensaje 369', 0, 'multa', 16);
INSERT INTO notificacion (id, comunidad_id, persona_id, tipo, titulo, mensaje, leida, objeto_tipo, objeto_id) VALUES (370, 4, 196, 'general', 'Titulo 370', 'Mensaje 370', 0, 'pago', 114);
INSERT INTO notificacion (id, comunidad_id, persona_id, tipo, titulo, mensaje, leida, objeto_tipo, objeto_id) VALUES (371, 2, 192, 'multa', 'Titulo 371', 'Mensaje 371', 1, 'pago', 186);
INSERT INTO notificacion (id, comunidad_id, persona_id, tipo, titulo, mensaje, leida, objeto_tipo, objeto_id) VALUES (372, 2, 134, 'multa', 'Titulo 372', 'Mensaje 372', 1, 'pago', 170);
INSERT INTO notificacion (id, comunidad_id, persona_id, tipo, titulo, mensaje, leida, objeto_tipo, objeto_id) VALUES (373, 5, 93, 'multa', 'Titulo 373', 'Mensaje 373', 0, 'pago', 144);
INSERT INTO notificacion (id, comunidad_id, persona_id, tipo, titulo, mensaje, leida, objeto_tipo, objeto_id) VALUES (374, 1, 73, 'emision', 'Titulo 374', 'Mensaje 374', 1, 'multa', 16);
INSERT INTO notificacion (id, comunidad_id, persona_id, tipo, titulo, mensaje, leida, objeto_tipo, objeto_id) VALUES (375, 2, 178, 'general', 'Titulo 375', 'Mensaje 375', 1, 'emision', 71);
INSERT INTO notificacion (id, comunidad_id, persona_id, tipo, titulo, mensaje, leida, objeto_tipo, objeto_id) VALUES (376, 2, 104, 'pago', 'Titulo 376', 'Mensaje 376', 0, 'multa', 35);
INSERT INTO notificacion (id, comunidad_id, persona_id, tipo, titulo, mensaje, leida, objeto_tipo, objeto_id) VALUES (377, 1, 141, 'general', 'Titulo 377', 'Mensaje 377', 1, 'multa', 53);
INSERT INTO notificacion (id, comunidad_id, persona_id, tipo, titulo, mensaje, leida, objeto_tipo, objeto_id) VALUES (378, 1, 56, 'emision', 'Titulo 378', 'Mensaje 378', 1, 'multa', 13);
INSERT INTO notificacion (id, comunidad_id, persona_id, tipo, titulo, mensaje, leida, objeto_tipo, objeto_id) VALUES (379, 2, 197, 'multa', 'Titulo 379', 'Mensaje 379', 1, 'pago', 87);
INSERT INTO notificacion (id, comunidad_id, persona_id, tipo, titulo, mensaje, leida, objeto_tipo, objeto_id) VALUES (380, 1, 65, 'multa', 'Titulo 380', 'Mensaje 380', 1, 'multa', 70);
INSERT INTO notificacion (id, comunidad_id, persona_id, tipo, titulo, mensaje, leida, objeto_tipo, objeto_id) VALUES (381, 2, 62, 'pago', 'Titulo 381', 'Mensaje 381', 1, 'pago', 11);
INSERT INTO notificacion (id, comunidad_id, persona_id, tipo, titulo, mensaje, leida, objeto_tipo, objeto_id) VALUES (382, 1, 43, 'general', 'Titulo 382', 'Mensaje 382', 0, 'emision', 1);
INSERT INTO notificacion (id, comunidad_id, persona_id, tipo, titulo, mensaje, leida, objeto_tipo, objeto_id) VALUES (383, 5, 112, 'general', 'Titulo 383', 'Mensaje 383', 1, 'emision', 8);
INSERT INTO notificacion (id, comunidad_id, persona_id, tipo, titulo, mensaje, leida, objeto_tipo, objeto_id) VALUES (384, 1, 196, 'general', 'Titulo 384', 'Mensaje 384', 0, 'emision', 11);
INSERT INTO notificacion (id, comunidad_id, persona_id, tipo, titulo, mensaje, leida, objeto_tipo, objeto_id) VALUES (385, 2, 157, 'pago', 'Titulo 385', 'Mensaje 385', 0, 'emision', 9);
INSERT INTO notificacion (id, comunidad_id, persona_id, tipo, titulo, mensaje, leida, objeto_tipo, objeto_id) VALUES (386, 4, 136, 'emision', 'Titulo 386', 'Mensaje 386', 1, 'emision', 38);
INSERT INTO notificacion (id, comunidad_id, persona_id, tipo, titulo, mensaje, leida, objeto_tipo, objeto_id) VALUES (387, 5, 19, 'pago', 'Titulo 387', 'Mensaje 387', 0, 'multa', 53);
INSERT INTO notificacion (id, comunidad_id, persona_id, tipo, titulo, mensaje, leida, objeto_tipo, objeto_id) VALUES (388, 2, 162, 'multa', 'Titulo 388', 'Mensaje 388', 1, 'pago', 106);
INSERT INTO notificacion (id, comunidad_id, persona_id, tipo, titulo, mensaje, leida, objeto_tipo, objeto_id) VALUES (389, 2, 13, 'pago', 'Titulo 389', 'Mensaje 389', 0, 'pago', 72);
INSERT INTO notificacion (id, comunidad_id, persona_id, tipo, titulo, mensaje, leida, objeto_tipo, objeto_id) VALUES (390, 3, 5, 'general', 'Titulo 390', 'Mensaje 390', 1, 'multa', 77);
INSERT INTO notificacion (id, comunidad_id, persona_id, tipo, titulo, mensaje, leida, objeto_tipo, objeto_id) VALUES (391, 3, 101, 'multa', 'Titulo 391', 'Mensaje 391', 0, 'pago', 115);
INSERT INTO notificacion (id, comunidad_id, persona_id, tipo, titulo, mensaje, leida, objeto_tipo, objeto_id) VALUES (392, 2, 186, 'general', 'Titulo 392', 'Mensaje 392', 1, 'pago', 34);
INSERT INTO notificacion (id, comunidad_id, persona_id, tipo, titulo, mensaje, leida, objeto_tipo, objeto_id) VALUES (393, 5, 36, 'pago', 'Titulo 393', 'Mensaje 393', 0, 'pago', 205);
INSERT INTO notificacion (id, comunidad_id, persona_id, tipo, titulo, mensaje, leida, objeto_tipo, objeto_id) VALUES (394, 1, 191, 'general', 'Titulo 394', 'Mensaje 394', 1, 'multa', 7);
INSERT INTO notificacion (id, comunidad_id, persona_id, tipo, titulo, mensaje, leida, objeto_tipo, objeto_id) VALUES (395, 2, 145, 'emision', 'Titulo 395', 'Mensaje 395', 1, 'emision', 51);
INSERT INTO notificacion (id, comunidad_id, persona_id, tipo, titulo, mensaje, leida, objeto_tipo, objeto_id) VALUES (396, 5, 173, 'pago', 'Titulo 396', 'Mensaje 396', 0, 'emision', 26);
INSERT INTO notificacion (id, comunidad_id, persona_id, tipo, titulo, mensaje, leida, objeto_tipo, objeto_id) VALUES (397, 2, 117, 'multa', 'Titulo 397', 'Mensaje 397', 0, 'emision', 41);
INSERT INTO notificacion (id, comunidad_id, persona_id, tipo, titulo, mensaje, leida, objeto_tipo, objeto_id) VALUES (398, 3, 184, 'multa', 'Titulo 398', 'Mensaje 398', 0, 'multa', 52);
INSERT INTO notificacion (id, comunidad_id, persona_id, tipo, titulo, mensaje, leida, objeto_tipo, objeto_id) VALUES (399, 1, 120, 'emision', 'Titulo 399', 'Mensaje 399', 1, 'emision', 27);
INSERT INTO notificacion (id, comunidad_id, persona_id, tipo, titulo, mensaje, leida, objeto_tipo, objeto_id) VALUES (400, 2, 174, 'emision', 'Titulo 400', 'Mensaje 400', 0, 'pago', 42);

-- Documentos
INSERT INTO documento (id, comunidad_id, tipo, titulo, url, periodo, visibilidad) VALUES (1, 1, 'balance', 'Doc 1', 'https://example.com/doc/1.pdf', '2025-02', 'privado');
INSERT INTO documento (id, comunidad_id, tipo, titulo, url, periodo, visibilidad) VALUES (2, 2, 'balance', 'Doc 2', 'https://example.com/doc/2.pdf', '2025-04', 'privado');
INSERT INTO documento (id, comunidad_id, tipo, titulo, url, periodo, visibilidad) VALUES (3, 5, 'acta', 'Doc 3', 'https://example.com/doc/3.pdf', '2025-06', 'privado');
INSERT INTO documento (id, comunidad_id, tipo, titulo, url, periodo, visibilidad) VALUES (4, 2, 'balance', 'Doc 4', 'https://example.com/doc/4.pdf', '2025-08', 'privado');
INSERT INTO documento (id, comunidad_id, tipo, titulo, url, periodo, visibilidad) VALUES (5, 5, 'acta', 'Doc 5', 'https://example.com/doc/5.pdf', '2025-06', 'privado');
INSERT INTO documento (id, comunidad_id, tipo, titulo, url, periodo, visibilidad) VALUES (6, 4, 'circular', 'Doc 6', 'https://example.com/doc/6.pdf', '2025-04', 'privado');
INSERT INTO documento (id, comunidad_id, tipo, titulo, url, periodo, visibilidad) VALUES (7, 2, 'balance', 'Doc 7', 'https://example.com/doc/7.pdf', '2025-02', 'privado');
INSERT INTO documento (id, comunidad_id, tipo, titulo, url, periodo, visibilidad) VALUES (8, 5, 'balance', 'Doc 8', 'https://example.com/doc/8.pdf', '2025-05', 'privado');
INSERT INTO documento (id, comunidad_id, tipo, titulo, url, periodo, visibilidad) VALUES (9, 3, 'acta', 'Doc 9', 'https://example.com/doc/9.pdf', '2025-01', 'privado');
INSERT INTO documento (id, comunidad_id, tipo, titulo, url, periodo, visibilidad) VALUES (10, 2, 'acta', 'Doc 10', 'https://example.com/doc/10.pdf', '2025-06', 'privado');
INSERT INTO documento (id, comunidad_id, tipo, titulo, url, periodo, visibilidad) VALUES (11, 1, 'circular', 'Doc 11', 'https://example.com/doc/11.pdf', '2025-07', 'privado');
INSERT INTO documento (id, comunidad_id, tipo, titulo, url, periodo, visibilidad) VALUES (12, 3, 'acta', 'Doc 12', 'https://example.com/doc/12.pdf', '2025-01', 'privado');
INSERT INTO documento (id, comunidad_id, tipo, titulo, url, periodo, visibilidad) VALUES (13, 1, 'balance', 'Doc 13', 'https://example.com/doc/13.pdf', '2025-05', 'privado');
INSERT INTO documento (id, comunidad_id, tipo, titulo, url, periodo, visibilidad) VALUES (14, 3, 'circular', 'Doc 14', 'https://example.com/doc/14.pdf', '2025-04', 'privado');
INSERT INTO documento (id, comunidad_id, tipo, titulo, url, periodo, visibilidad) VALUES (15, 4, 'circular', 'Doc 15', 'https://example.com/doc/15.pdf', '2025-11', 'privado');
INSERT INTO documento (id, comunidad_id, tipo, titulo, url, periodo, visibilidad) VALUES (16, 3, 'circular', 'Doc 16', 'https://example.com/doc/16.pdf', '2025-07', 'privado');
INSERT INTO documento (id, comunidad_id, tipo, titulo, url, periodo, visibilidad) VALUES (17, 4, 'acta', 'Doc 17', 'https://example.com/doc/17.pdf', '2025-02', 'privado');
INSERT INTO documento (id, comunidad_id, tipo, titulo, url, periodo, visibilidad) VALUES (18, 2, 'balance', 'Doc 18', 'https://example.com/doc/18.pdf', '2025-12', 'privado');
INSERT INTO documento (id, comunidad_id, tipo, titulo, url, periodo, visibilidad) VALUES (19, 4, 'acta', 'Doc 19', 'https://example.com/doc/19.pdf', '2025-09', 'privado');
INSERT INTO documento (id, comunidad_id, tipo, titulo, url, periodo, visibilidad) VALUES (20, 2, 'circular', 'Doc 20', 'https://example.com/doc/20.pdf', '2025-02', 'privado');
INSERT INTO documento (id, comunidad_id, tipo, titulo, url, periodo, visibilidad) VALUES (21, 1, 'circular', 'Doc 21', 'https://example.com/doc/21.pdf', '2025-11', 'privado');
INSERT INTO documento (id, comunidad_id, tipo, titulo, url, periodo, visibilidad) VALUES (22, 1, 'balance', 'Doc 22', 'https://example.com/doc/22.pdf', '2025-10', 'privado');
INSERT INTO documento (id, comunidad_id, tipo, titulo, url, periodo, visibilidad) VALUES (23, 5, 'circular', 'Doc 23', 'https://example.com/doc/23.pdf', '2025-02', 'privado');
INSERT INTO documento (id, comunidad_id, tipo, titulo, url, periodo, visibilidad) VALUES (24, 2, 'balance', 'Doc 24', 'https://example.com/doc/24.pdf', '2025-09', 'privado');
INSERT INTO documento (id, comunidad_id, tipo, titulo, url, periodo, visibilidad) VALUES (25, 4, 'circular', 'Doc 25', 'https://example.com/doc/25.pdf', '2025-10', 'privado');
INSERT INTO documento (id, comunidad_id, tipo, titulo, url, periodo, visibilidad) VALUES (26, 5, 'balance', 'Doc 26', 'https://example.com/doc/26.pdf', '2025-12', 'privado');
INSERT INTO documento (id, comunidad_id, tipo, titulo, url, periodo, visibilidad) VALUES (27, 4, 'acta', 'Doc 27', 'https://example.com/doc/27.pdf', '2025-11', 'privado');
INSERT INTO documento (id, comunidad_id, tipo, titulo, url, periodo, visibilidad) VALUES (28, 5, 'balance', 'Doc 28', 'https://example.com/doc/28.pdf', '2025-04', 'privado');
INSERT INTO documento (id, comunidad_id, tipo, titulo, url, periodo, visibilidad) VALUES (29, 4, 'circular', 'Doc 29', 'https://example.com/doc/29.pdf', '2025-09', 'privado');
INSERT INTO documento (id, comunidad_id, tipo, titulo, url, periodo, visibilidad) VALUES (30, 2, 'circular', 'Doc 30', 'https://example.com/doc/30.pdf', '2025-09', 'privado');
INSERT INTO documento (id, comunidad_id, tipo, titulo, url, periodo, visibilidad) VALUES (31, 2, 'acta', 'Doc 31', 'https://example.com/doc/31.pdf', '2025-11', 'privado');
INSERT INTO documento (id, comunidad_id, tipo, titulo, url, periodo, visibilidad) VALUES (32, 3, 'balance', 'Doc 32', 'https://example.com/doc/32.pdf', '2025-01', 'privado');
INSERT INTO documento (id, comunidad_id, tipo, titulo, url, periodo, visibilidad) VALUES (33, 3, 'circular', 'Doc 33', 'https://example.com/doc/33.pdf', '2025-10', 'privado');
INSERT INTO documento (id, comunidad_id, tipo, titulo, url, periodo, visibilidad) VALUES (34, 4, 'acta', 'Doc 34', 'https://example.com/doc/34.pdf', '2025-01', 'privado');
INSERT INTO documento (id, comunidad_id, tipo, titulo, url, periodo, visibilidad) VALUES (35, 4, 'acta', 'Doc 35', 'https://example.com/doc/35.pdf', '2025-10', 'privado');
INSERT INTO documento (id, comunidad_id, tipo, titulo, url, periodo, visibilidad) VALUES (36, 5, 'acta', 'Doc 36', 'https://example.com/doc/36.pdf', '2025-11', 'privado');
INSERT INTO documento (id, comunidad_id, tipo, titulo, url, periodo, visibilidad) VALUES (37, 4, 'balance', 'Doc 37', 'https://example.com/doc/37.pdf', '2025-11', 'privado');
INSERT INTO documento (id, comunidad_id, tipo, titulo, url, periodo, visibilidad) VALUES (38, 1, 'balance', 'Doc 38', 'https://example.com/doc/38.pdf', '2025-08', 'privado');
INSERT INTO documento (id, comunidad_id, tipo, titulo, url, periodo, visibilidad) VALUES (39, 1, 'balance', 'Doc 39', 'https://example.com/doc/39.pdf', '2025-08', 'privado');
INSERT INTO documento (id, comunidad_id, tipo, titulo, url, periodo, visibilidad) VALUES (40, 2, 'balance', 'Doc 40', 'https://example.com/doc/40.pdf', '2025-09', 'privado');
INSERT INTO documento (id, comunidad_id, tipo, titulo, url, periodo, visibilidad) VALUES (41, 2, 'circular', 'Doc 41', 'https://example.com/doc/41.pdf', '2025-06', 'privado');
INSERT INTO documento (id, comunidad_id, tipo, titulo, url, periodo, visibilidad) VALUES (42, 1, 'balance', 'Doc 42', 'https://example.com/doc/42.pdf', '2025-09', 'privado');
INSERT INTO documento (id, comunidad_id, tipo, titulo, url, periodo, visibilidad) VALUES (43, 2, 'circular', 'Doc 43', 'https://example.com/doc/43.pdf', '2025-11', 'privado');
INSERT INTO documento (id, comunidad_id, tipo, titulo, url, periodo, visibilidad) VALUES (44, 2, 'circular', 'Doc 44', 'https://example.com/doc/44.pdf', '2025-04', 'privado');
INSERT INTO documento (id, comunidad_id, tipo, titulo, url, periodo, visibilidad) VALUES (45, 3, 'balance', 'Doc 45', 'https://example.com/doc/45.pdf', '2025-11', 'privado');
INSERT INTO documento (id, comunidad_id, tipo, titulo, url, periodo, visibilidad) VALUES (46, 2, 'circular', 'Doc 46', 'https://example.com/doc/46.pdf', '2025-07', 'privado');
INSERT INTO documento (id, comunidad_id, tipo, titulo, url, periodo, visibilidad) VALUES (47, 3, 'circular', 'Doc 47', 'https://example.com/doc/47.pdf', '2025-06', 'privado');
INSERT INTO documento (id, comunidad_id, tipo, titulo, url, periodo, visibilidad) VALUES (48, 5, 'balance', 'Doc 48', 'https://example.com/doc/48.pdf', '2025-02', 'privado');
INSERT INTO documento (id, comunidad_id, tipo, titulo, url, periodo, visibilidad) VALUES (49, 3, 'balance', 'Doc 49', 'https://example.com/doc/49.pdf', '2025-10', 'privado');
INSERT INTO documento (id, comunidad_id, tipo, titulo, url, periodo, visibilidad) VALUES (50, 2, 'acta', 'Doc 50', 'https://example.com/doc/50.pdf', '2025-02', 'privado');
INSERT INTO documento (id, comunidad_id, tipo, titulo, url, periodo, visibilidad) VALUES (51, 5, 'acta', 'Doc 51', 'https://example.com/doc/51.pdf', '2025-03', 'privado');
INSERT INTO documento (id, comunidad_id, tipo, titulo, url, periodo, visibilidad) VALUES (52, 1, 'acta', 'Doc 52', 'https://example.com/doc/52.pdf', '2025-03', 'privado');
INSERT INTO documento (id, comunidad_id, tipo, titulo, url, periodo, visibilidad) VALUES (53, 3, 'acta', 'Doc 53', 'https://example.com/doc/53.pdf', '2025-07', 'privado');
INSERT INTO documento (id, comunidad_id, tipo, titulo, url, periodo, visibilidad) VALUES (54, 4, 'acta', 'Doc 54', 'https://example.com/doc/54.pdf', '2025-01', 'privado');
INSERT INTO documento (id, comunidad_id, tipo, titulo, url, periodo, visibilidad) VALUES (55, 5, 'acta', 'Doc 55', 'https://example.com/doc/55.pdf', '2025-09', 'privado');
INSERT INTO documento (id, comunidad_id, tipo, titulo, url, periodo, visibilidad) VALUES (56, 3, 'circular', 'Doc 56', 'https://example.com/doc/56.pdf', '2025-07', 'privado');
INSERT INTO documento (id, comunidad_id, tipo, titulo, url, periodo, visibilidad) VALUES (57, 5, 'acta', 'Doc 57', 'https://example.com/doc/57.pdf', '2025-09', 'privado');
INSERT INTO documento (id, comunidad_id, tipo, titulo, url, periodo, visibilidad) VALUES (58, 3, 'acta', 'Doc 58', 'https://example.com/doc/58.pdf', '2025-01', 'privado');
INSERT INTO documento (id, comunidad_id, tipo, titulo, url, periodo, visibilidad) VALUES (59, 2, 'circular', 'Doc 59', 'https://example.com/doc/59.pdf', '2025-01', 'privado');
INSERT INTO documento (id, comunidad_id, tipo, titulo, url, periodo, visibilidad) VALUES (60, 3, 'circular', 'Doc 60', 'https://example.com/doc/60.pdf', '2025-10', 'privado');
INSERT INTO documento (id, comunidad_id, tipo, titulo, url, periodo, visibilidad) VALUES (61, 2, 'acta', 'Doc 61', 'https://example.com/doc/61.pdf', '2025-09', 'privado');
INSERT INTO documento (id, comunidad_id, tipo, titulo, url, periodo, visibilidad) VALUES (62, 4, 'acta', 'Doc 62', 'https://example.com/doc/62.pdf', '2025-10', 'privado');
INSERT INTO documento (id, comunidad_id, tipo, titulo, url, periodo, visibilidad) VALUES (63, 3, 'acta', 'Doc 63', 'https://example.com/doc/63.pdf', '2025-05', 'privado');
INSERT INTO documento (id, comunidad_id, tipo, titulo, url, periodo, visibilidad) VALUES (64, 2, 'balance', 'Doc 64', 'https://example.com/doc/64.pdf', '2025-10', 'privado');
INSERT INTO documento (id, comunidad_id, tipo, titulo, url, periodo, visibilidad) VALUES (65, 3, 'acta', 'Doc 65', 'https://example.com/doc/65.pdf', '2025-10', 'privado');
INSERT INTO documento (id, comunidad_id, tipo, titulo, url, periodo, visibilidad) VALUES (66, 5, 'acta', 'Doc 66', 'https://example.com/doc/66.pdf', '2025-11', 'privado');
INSERT INTO documento (id, comunidad_id, tipo, titulo, url, periodo, visibilidad) VALUES (67, 1, 'acta', 'Doc 67', 'https://example.com/doc/67.pdf', '2025-02', 'privado');
INSERT INTO documento (id, comunidad_id, tipo, titulo, url, periodo, visibilidad) VALUES (68, 3, 'balance', 'Doc 68', 'https://example.com/doc/68.pdf', '2025-08', 'privado');
INSERT INTO documento (id, comunidad_id, tipo, titulo, url, periodo, visibilidad) VALUES (69, 5, 'acta', 'Doc 69', 'https://example.com/doc/69.pdf', '2025-08', 'privado');
INSERT INTO documento (id, comunidad_id, tipo, titulo, url, periodo, visibilidad) VALUES (70, 1, 'acta', 'Doc 70', 'https://example.com/doc/70.pdf', '2025-11', 'privado');
INSERT INTO documento (id, comunidad_id, tipo, titulo, url, periodo, visibilidad) VALUES (71, 4, 'circular', 'Doc 71', 'https://example.com/doc/71.pdf', '2025-06', 'privado');
INSERT INTO documento (id, comunidad_id, tipo, titulo, url, periodo, visibilidad) VALUES (72, 2, 'circular', 'Doc 72', 'https://example.com/doc/72.pdf', '2025-09', 'privado');
INSERT INTO documento (id, comunidad_id, tipo, titulo, url, periodo, visibilidad) VALUES (73, 4, 'balance', 'Doc 73', 'https://example.com/doc/73.pdf', '2025-07', 'privado');
INSERT INTO documento (id, comunidad_id, tipo, titulo, url, periodo, visibilidad) VALUES (74, 4, 'circular', 'Doc 74', 'https://example.com/doc/74.pdf', '2025-09', 'privado');
INSERT INTO documento (id, comunidad_id, tipo, titulo, url, periodo, visibilidad) VALUES (75, 2, 'circular', 'Doc 75', 'https://example.com/doc/75.pdf', '2025-10', 'privado');
INSERT INTO documento (id, comunidad_id, tipo, titulo, url, periodo, visibilidad) VALUES (76, 4, 'balance', 'Doc 76', 'https://example.com/doc/76.pdf', '2025-07', 'privado');
INSERT INTO documento (id, comunidad_id, tipo, titulo, url, periodo, visibilidad) VALUES (77, 1, 'acta', 'Doc 77', 'https://example.com/doc/77.pdf', '2025-02', 'privado');
INSERT INTO documento (id, comunidad_id, tipo, titulo, url, periodo, visibilidad) VALUES (78, 4, 'balance', 'Doc 78', 'https://example.com/doc/78.pdf', '2025-10', 'privado');
INSERT INTO documento (id, comunidad_id, tipo, titulo, url, periodo, visibilidad) VALUES (79, 5, 'balance', 'Doc 79', 'https://example.com/doc/79.pdf', '2025-07', 'privado');
INSERT INTO documento (id, comunidad_id, tipo, titulo, url, periodo, visibilidad) VALUES (80, 5, 'circular', 'Doc 80', 'https://example.com/doc/80.pdf', '2025-10', 'privado');
INSERT INTO documento (id, comunidad_id, tipo, titulo, url, periodo, visibilidad) VALUES (81, 5, 'balance', 'Doc 81', 'https://example.com/doc/81.pdf', '2025-09', 'privado');
INSERT INTO documento (id, comunidad_id, tipo, titulo, url, periodo, visibilidad) VALUES (82, 4, 'acta', 'Doc 82', 'https://example.com/doc/82.pdf', '2025-03', 'privado');
INSERT INTO documento (id, comunidad_id, tipo, titulo, url, periodo, visibilidad) VALUES (83, 2, 'balance', 'Doc 83', 'https://example.com/doc/83.pdf', '2025-09', 'privado');
INSERT INTO documento (id, comunidad_id, tipo, titulo, url, periodo, visibilidad) VALUES (84, 5, 'circular', 'Doc 84', 'https://example.com/doc/84.pdf', '2025-08', 'privado');
INSERT INTO documento (id, comunidad_id, tipo, titulo, url, periodo, visibilidad) VALUES (85, 1, 'acta', 'Doc 85', 'https://example.com/doc/85.pdf', '2025-09', 'privado');
INSERT INTO documento (id, comunidad_id, tipo, titulo, url, periodo, visibilidad) VALUES (86, 3, 'acta', 'Doc 86', 'https://example.com/doc/86.pdf', '2025-09', 'privado');
INSERT INTO documento (id, comunidad_id, tipo, titulo, url, periodo, visibilidad) VALUES (87, 1, 'balance', 'Doc 87', 'https://example.com/doc/87.pdf', '2025-11', 'privado');
INSERT INTO documento (id, comunidad_id, tipo, titulo, url, periodo, visibilidad) VALUES (88, 2, 'acta', 'Doc 88', 'https://example.com/doc/88.pdf', '2025-11', 'privado');
INSERT INTO documento (id, comunidad_id, tipo, titulo, url, periodo, visibilidad) VALUES (89, 2, 'balance', 'Doc 89', 'https://example.com/doc/89.pdf', '2025-01', 'privado');
INSERT INTO documento (id, comunidad_id, tipo, titulo, url, periodo, visibilidad) VALUES (90, 3, 'circular', 'Doc 90', 'https://example.com/doc/90.pdf', '2025-11', 'privado');
INSERT INTO documento (id, comunidad_id, tipo, titulo, url, periodo, visibilidad) VALUES (91, 3, 'balance', 'Doc 91', 'https://example.com/doc/91.pdf', '2025-07', 'privado');
INSERT INTO documento (id, comunidad_id, tipo, titulo, url, periodo, visibilidad) VALUES (92, 5, 'balance', 'Doc 92', 'https://example.com/doc/92.pdf', '2025-11', 'privado');
INSERT INTO documento (id, comunidad_id, tipo, titulo, url, periodo, visibilidad) VALUES (93, 4, 'acta', 'Doc 93', 'https://example.com/doc/93.pdf', '2025-01', 'privado');
INSERT INTO documento (id, comunidad_id, tipo, titulo, url, periodo, visibilidad) VALUES (94, 1, 'acta', 'Doc 94', 'https://example.com/doc/94.pdf', '2025-02', 'privado');
INSERT INTO documento (id, comunidad_id, tipo, titulo, url, periodo, visibilidad) VALUES (95, 2, 'balance', 'Doc 95', 'https://example.com/doc/95.pdf', '2025-09', 'privado');
INSERT INTO documento (id, comunidad_id, tipo, titulo, url, periodo, visibilidad) VALUES (96, 2, 'acta', 'Doc 96', 'https://example.com/doc/96.pdf', '2025-06', 'privado');
INSERT INTO documento (id, comunidad_id, tipo, titulo, url, periodo, visibilidad) VALUES (97, 3, 'balance', 'Doc 97', 'https://example.com/doc/97.pdf', '2025-05', 'privado');
INSERT INTO documento (id, comunidad_id, tipo, titulo, url, periodo, visibilidad) VALUES (98, 2, 'acta', 'Doc 98', 'https://example.com/doc/98.pdf', '2025-07', 'privado');
INSERT INTO documento (id, comunidad_id, tipo, titulo, url, periodo, visibilidad) VALUES (99, 4, 'acta', 'Doc 99', 'https://example.com/doc/99.pdf', '2025-07', 'privado');
INSERT INTO documento (id, comunidad_id, tipo, titulo, url, periodo, visibilidad) VALUES (100, 2, 'circular', 'Doc 100', 'https://example.com/doc/100.pdf', '2025-06', 'privado');

-- Registro Conserjeria
INSERT INTO registro_conserjeria (id, comunidad_id, fecha_hora, usuario_id, evento, detalle) VALUES (1, 5, '2025-09-01 08:15:00', 38, 'Evento 1', 'Detalle 1');
INSERT INTO registro_conserjeria (id, comunidad_id, fecha_hora, usuario_id, evento, detalle) VALUES (2, 2, '2025-09-01 08:30:00', 82, 'Evento 2', 'Detalle 2');
INSERT INTO registro_conserjeria (id, comunidad_id, fecha_hora, usuario_id, evento, detalle) VALUES (3, 2, '2025-09-01 08:45:00', 82, 'Evento 3', 'Detalle 3');
INSERT INTO registro_conserjeria (id, comunidad_id, fecha_hora, usuario_id, evento, detalle) VALUES (4, 2, '2025-09-01 09:00:00', 88, 'Evento 4', 'Detalle 4');
INSERT INTO registro_conserjeria (id, comunidad_id, fecha_hora, usuario_id, evento, detalle) VALUES (5, 5, '2025-09-01 09:15:00', 95, 'Evento 5', 'Detalle 5');
INSERT INTO registro_conserjeria (id, comunidad_id, fecha_hora, usuario_id, evento, detalle) VALUES (6, 5, '2025-09-01 09:30:00', 109, 'Evento 6', 'Detalle 6');
INSERT INTO registro_conserjeria (id, comunidad_id, fecha_hora, usuario_id, evento, detalle) VALUES (7, 3, '2025-09-01 09:45:00', 102, 'Evento 7', 'Detalle 7');
INSERT INTO registro_conserjeria (id, comunidad_id, fecha_hora, usuario_id, evento, detalle) VALUES (8, 4, '2025-09-01 10:00:00', 107, 'Evento 8', 'Detalle 8');
INSERT INTO registro_conserjeria (id, comunidad_id, fecha_hora, usuario_id, evento, detalle) VALUES (9, 2, '2025-09-01 10:15:00', 111, 'Evento 9', 'Detalle 9');
INSERT INTO registro_conserjeria (id, comunidad_id, fecha_hora, usuario_id, evento, detalle) VALUES (10, 2, '2025-09-01 10:30:00', 70, 'Evento 10', 'Detalle 10');
INSERT INTO registro_conserjeria (id, comunidad_id, fecha_hora, usuario_id, evento, detalle) VALUES (11, 5, '2025-09-01 10:45:00', 120, 'Evento 11', 'Detalle 11');
INSERT INTO registro_conserjeria (id, comunidad_id, fecha_hora, usuario_id, evento, detalle) VALUES (12, 1, '2025-09-01 11:00:00', 44, 'Evento 12', 'Detalle 12');
INSERT INTO registro_conserjeria (id, comunidad_id, fecha_hora, usuario_id, evento, detalle) VALUES (13, 4, '2025-09-01 11:15:00', 22, 'Evento 13', 'Detalle 13');
INSERT INTO registro_conserjeria (id, comunidad_id, fecha_hora, usuario_id, evento, detalle) VALUES (14, 3, '2025-09-01 11:30:00', 11, 'Evento 14', 'Detalle 14');
INSERT INTO registro_conserjeria (id, comunidad_id, fecha_hora, usuario_id, evento, detalle) VALUES (15, 3, '2025-09-01 11:45:00', 24, 'Evento 15', 'Detalle 15');
INSERT INTO registro_conserjeria (id, comunidad_id, fecha_hora, usuario_id, evento, detalle) VALUES (16, 5, '2025-09-01 12:00:00', 98, 'Evento 16', 'Detalle 16');
INSERT INTO registro_conserjeria (id, comunidad_id, fecha_hora, usuario_id, evento, detalle) VALUES (17, 3, '2025-09-01 12:15:00', 93, 'Evento 17', 'Detalle 17');
INSERT INTO registro_conserjeria (id, comunidad_id, fecha_hora, usuario_id, evento, detalle) VALUES (18, 4, '2025-09-01 12:30:00', 23, 'Evento 18', 'Detalle 18');
INSERT INTO registro_conserjeria (id, comunidad_id, fecha_hora, usuario_id, evento, detalle) VALUES (19, 3, '2025-09-01 12:45:00', 50, 'Evento 19', 'Detalle 19');
INSERT INTO registro_conserjeria (id, comunidad_id, fecha_hora, usuario_id, evento, detalle) VALUES (20, 2, '2025-09-01 13:00:00', 74, 'Evento 20', 'Detalle 20');
INSERT INTO registro_conserjeria (id, comunidad_id, fecha_hora, usuario_id, evento, detalle) VALUES (21, 2, '2025-09-01 13:15:00', 52, 'Evento 21', 'Detalle 21');
INSERT INTO registro_conserjeria (id, comunidad_id, fecha_hora, usuario_id, evento, detalle) VALUES (22, 5, '2025-09-01 13:30:00', 29, 'Evento 22', 'Detalle 22');
INSERT INTO registro_conserjeria (id, comunidad_id, fecha_hora, usuario_id, evento, detalle) VALUES (23, 2, '2025-09-01 13:45:00', 44, 'Evento 23', 'Detalle 23');
INSERT INTO registro_conserjeria (id, comunidad_id, fecha_hora, usuario_id, evento, detalle) VALUES (24, 5, '2025-09-01 14:00:00', 78, 'Evento 24', 'Detalle 24');
INSERT INTO registro_conserjeria (id, comunidad_id, fecha_hora, usuario_id, evento, detalle) VALUES (25, 3, '2025-09-01 14:15:00', 14, 'Evento 25', 'Detalle 25');
INSERT INTO registro_conserjeria (id, comunidad_id, fecha_hora, usuario_id, evento, detalle) VALUES (26, 2, '2025-09-01 14:30:00', 111, 'Evento 26', 'Detalle 26');
INSERT INTO registro_conserjeria (id, comunidad_id, fecha_hora, usuario_id, evento, detalle) VALUES (27, 5, '2025-09-01 14:45:00', 14, 'Evento 27', 'Detalle 27');
INSERT INTO registro_conserjeria (id, comunidad_id, fecha_hora, usuario_id, evento, detalle) VALUES (28, 5, '2025-09-01 15:00:00', 91, 'Evento 28', 'Detalle 28');
INSERT INTO registro_conserjeria (id, comunidad_id, fecha_hora, usuario_id, evento, detalle) VALUES (29, 4, '2025-09-01 15:15:00', 48, 'Evento 29', 'Detalle 29');
INSERT INTO registro_conserjeria (id, comunidad_id, fecha_hora, usuario_id, evento, detalle) VALUES (30, 3, '2025-09-01 15:30:00', 4, 'Evento 30', 'Detalle 30');
INSERT INTO registro_conserjeria (id, comunidad_id, fecha_hora, usuario_id, evento, detalle) VALUES (31, 4, '2025-09-01 15:45:00', 67, 'Evento 31', 'Detalle 31');
INSERT INTO registro_conserjeria (id, comunidad_id, fecha_hora, usuario_id, evento, detalle) VALUES (32, 3, '2025-09-01 16:00:00', 50, 'Evento 32', 'Detalle 32');
INSERT INTO registro_conserjeria (id, comunidad_id, fecha_hora, usuario_id, evento, detalle) VALUES (33, 5, '2025-09-01 16:15:00', 42, 'Evento 33', 'Detalle 33');
INSERT INTO registro_conserjeria (id, comunidad_id, fecha_hora, usuario_id, evento, detalle) VALUES (34, 1, '2025-09-01 16:30:00', 79, 'Evento 34', 'Detalle 34');
INSERT INTO registro_conserjeria (id, comunidad_id, fecha_hora, usuario_id, evento, detalle) VALUES (35, 3, '2025-09-01 16:45:00', 97, 'Evento 35', 'Detalle 35');
INSERT INTO registro_conserjeria (id, comunidad_id, fecha_hora, usuario_id, evento, detalle) VALUES (36, 4, '2025-09-01 17:00:00', 99, 'Evento 36', 'Detalle 36');
INSERT INTO registro_conserjeria (id, comunidad_id, fecha_hora, usuario_id, evento, detalle) VALUES (37, 3, '2025-09-01 17:15:00', 106, 'Evento 37', 'Detalle 37');
INSERT INTO registro_conserjeria (id, comunidad_id, fecha_hora, usuario_id, evento, detalle) VALUES (38, 3, '2025-09-01 17:30:00', 29, 'Evento 38', 'Detalle 38');
INSERT INTO registro_conserjeria (id, comunidad_id, fecha_hora, usuario_id, evento, detalle) VALUES (39, 1, '2025-09-01 17:45:00', 25, 'Evento 39', 'Detalle 39');
INSERT INTO registro_conserjeria (id, comunidad_id, fecha_hora, usuario_id, evento, detalle) VALUES (40, 3, '2025-09-01 18:00:00', 81, 'Evento 40', 'Detalle 40');
INSERT INTO registro_conserjeria (id, comunidad_id, fecha_hora, usuario_id, evento, detalle) VALUES (41, 5, '2025-09-01 18:15:00', 16, 'Evento 41', 'Detalle 41');
INSERT INTO registro_conserjeria (id, comunidad_id, fecha_hora, usuario_id, evento, detalle) VALUES (42, 5, '2025-09-01 18:30:00', 106, 'Evento 42', 'Detalle 42');
INSERT INTO registro_conserjeria (id, comunidad_id, fecha_hora, usuario_id, evento, detalle) VALUES (43, 5, '2025-09-01 18:45:00', 10, 'Evento 43', 'Detalle 43');
INSERT INTO registro_conserjeria (id, comunidad_id, fecha_hora, usuario_id, evento, detalle) VALUES (44, 1, '2025-09-01 19:00:00', 117, 'Evento 44', 'Detalle 44');
INSERT INTO registro_conserjeria (id, comunidad_id, fecha_hora, usuario_id, evento, detalle) VALUES (45, 4, '2025-09-01 19:15:00', 77, 'Evento 45', 'Detalle 45');
INSERT INTO registro_conserjeria (id, comunidad_id, fecha_hora, usuario_id, evento, detalle) VALUES (46, 4, '2025-09-01 19:30:00', 22, 'Evento 46', 'Detalle 46');
INSERT INTO registro_conserjeria (id, comunidad_id, fecha_hora, usuario_id, evento, detalle) VALUES (47, 1, '2025-09-01 19:45:00', 26, 'Evento 47', 'Detalle 47');
INSERT INTO registro_conserjeria (id, comunidad_id, fecha_hora, usuario_id, evento, detalle) VALUES (48, 5, '2025-09-01 20:00:00', 107, 'Evento 48', 'Detalle 48');
INSERT INTO registro_conserjeria (id, comunidad_id, fecha_hora, usuario_id, evento, detalle) VALUES (49, 3, '2025-09-01 20:15:00', 75, 'Evento 49', 'Detalle 49');
INSERT INTO registro_conserjeria (id, comunidad_id, fecha_hora, usuario_id, evento, detalle) VALUES (50, 2, '2025-09-01 20:30:00', 35, 'Evento 50', 'Detalle 50');
INSERT INTO registro_conserjeria (id, comunidad_id, fecha_hora, usuario_id, evento, detalle) VALUES (51, 1, '2025-09-01 20:45:00', 12, 'Evento 51', 'Detalle 51');
INSERT INTO registro_conserjeria (id, comunidad_id, fecha_hora, usuario_id, evento, detalle) VALUES (52, 3, '2025-09-01 21:00:00', 27, 'Evento 52', 'Detalle 52');
INSERT INTO registro_conserjeria (id, comunidad_id, fecha_hora, usuario_id, evento, detalle) VALUES (53, 4, '2025-09-01 21:15:00', 40, 'Evento 53', 'Detalle 53');
INSERT INTO registro_conserjeria (id, comunidad_id, fecha_hora, usuario_id, evento, detalle) VALUES (54, 1, '2025-09-01 21:30:00', 42, 'Evento 54', 'Detalle 54');
INSERT INTO registro_conserjeria (id, comunidad_id, fecha_hora, usuario_id, evento, detalle) VALUES (55, 3, '2025-09-01 21:45:00', 59, 'Evento 55', 'Detalle 55');
INSERT INTO registro_conserjeria (id, comunidad_id, fecha_hora, usuario_id, evento, detalle) VALUES (56, 1, '2025-09-01 22:00:00', 42, 'Evento 56', 'Detalle 56');
INSERT INTO registro_conserjeria (id, comunidad_id, fecha_hora, usuario_id, evento, detalle) VALUES (57, 3, '2025-09-01 22:15:00', 26, 'Evento 57', 'Detalle 57');
INSERT INTO registro_conserjeria (id, comunidad_id, fecha_hora, usuario_id, evento, detalle) VALUES (58, 1, '2025-09-01 22:30:00', 28, 'Evento 58', 'Detalle 58');
INSERT INTO registro_conserjeria (id, comunidad_id, fecha_hora, usuario_id, evento, detalle) VALUES (59, 2, '2025-09-01 22:45:00', 47, 'Evento 59', 'Detalle 59');
INSERT INTO registro_conserjeria (id, comunidad_id, fecha_hora, usuario_id, evento, detalle) VALUES (60, 5, '2025-09-01 23:00:00', 114, 'Evento 60', 'Detalle 60');
INSERT INTO registro_conserjeria (id, comunidad_id, fecha_hora, usuario_id, evento, detalle) VALUES (61, 2, '2025-09-01 23:15:00', 105, 'Evento 61', 'Detalle 61');
INSERT INTO registro_conserjeria (id, comunidad_id, fecha_hora, usuario_id, evento, detalle) VALUES (62, 4, '2025-09-01 23:30:00', 61, 'Evento 62', 'Detalle 62');
INSERT INTO registro_conserjeria (id, comunidad_id, fecha_hora, usuario_id, evento, detalle) VALUES (63, 5, '2025-09-01 23:45:00', 13, 'Evento 63', 'Detalle 63');
INSERT INTO registro_conserjeria (id, comunidad_id, fecha_hora, usuario_id, evento, detalle) VALUES (64, 2, '2025-09-02 00:00:00', 103, 'Evento 64', 'Detalle 64');
INSERT INTO registro_conserjeria (id, comunidad_id, fecha_hora, usuario_id, evento, detalle) VALUES (65, 4, '2025-09-02 00:15:00', 58, 'Evento 65', 'Detalle 65');
INSERT INTO registro_conserjeria (id, comunidad_id, fecha_hora, usuario_id, evento, detalle) VALUES (66, 3, '2025-09-02 00:30:00', 6, 'Evento 66', 'Detalle 66');
INSERT INTO registro_conserjeria (id, comunidad_id, fecha_hora, usuario_id, evento, detalle) VALUES (67, 1, '2025-09-02 00:45:00', 80, 'Evento 67', 'Detalle 67');
INSERT INTO registro_conserjeria (id, comunidad_id, fecha_hora, usuario_id, evento, detalle) VALUES (68, 3, '2025-09-02 01:00:00', 109, 'Evento 68', 'Detalle 68');
INSERT INTO registro_conserjeria (id, comunidad_id, fecha_hora, usuario_id, evento, detalle) VALUES (69, 2, '2025-09-02 01:15:00', 90, 'Evento 69', 'Detalle 69');
INSERT INTO registro_conserjeria (id, comunidad_id, fecha_hora, usuario_id, evento, detalle) VALUES (70, 1, '2025-09-02 01:30:00', 37, 'Evento 70', 'Detalle 70');
INSERT INTO registro_conserjeria (id, comunidad_id, fecha_hora, usuario_id, evento, detalle) VALUES (71, 1, '2025-09-02 01:45:00', 5, 'Evento 71', 'Detalle 71');
INSERT INTO registro_conserjeria (id, comunidad_id, fecha_hora, usuario_id, evento, detalle) VALUES (72, 3, '2025-09-02 02:00:00', 23, 'Evento 72', 'Detalle 72');
INSERT INTO registro_conserjeria (id, comunidad_id, fecha_hora, usuario_id, evento, detalle) VALUES (73, 4, '2025-09-02 02:15:00', 50, 'Evento 73', 'Detalle 73');
INSERT INTO registro_conserjeria (id, comunidad_id, fecha_hora, usuario_id, evento, detalle) VALUES (74, 5, '2025-09-02 02:30:00', 68, 'Evento 74', 'Detalle 74');
INSERT INTO registro_conserjeria (id, comunidad_id, fecha_hora, usuario_id, evento, detalle) VALUES (75, 1, '2025-09-02 02:45:00', 90, 'Evento 75', 'Detalle 75');
INSERT INTO registro_conserjeria (id, comunidad_id, fecha_hora, usuario_id, evento, detalle) VALUES (76, 5, '2025-09-02 03:00:00', 68, 'Evento 76', 'Detalle 76');
INSERT INTO registro_conserjeria (id, comunidad_id, fecha_hora, usuario_id, evento, detalle) VALUES (77, 4, '2025-09-02 03:15:00', 72, 'Evento 77', 'Detalle 77');
INSERT INTO registro_conserjeria (id, comunidad_id, fecha_hora, usuario_id, evento, detalle) VALUES (78, 1, '2025-09-02 03:30:00', 78, 'Evento 78', 'Detalle 78');
INSERT INTO registro_conserjeria (id, comunidad_id, fecha_hora, usuario_id, evento, detalle) VALUES (79, 2, '2025-09-02 03:45:00', 97, 'Evento 79', 'Detalle 79');
INSERT INTO registro_conserjeria (id, comunidad_id, fecha_hora, usuario_id, evento, detalle) VALUES (80, 4, '2025-09-02 04:00:00', 1, 'Evento 80', 'Detalle 80');

-- Auditoria
INSERT INTO auditoria (id, usuario_id, accion, tabla, registro_id, valores_anteriores, valores_nuevos, ip_address) VALUES (1, 35, 'UPDATE', 'gasto', 67, NULL, JSON_OBJECT('ok',1), '10.0.3.217');
INSERT INTO auditoria (id, usuario_id, accion, tabla, registro_id, valores_anteriores, valores_nuevos, ip_address) VALUES (2, 66, 'UPDATE', 'cuenta_cobro_unidad', 286, NULL, JSON_OBJECT('ok',1), '10.0.5.103');
INSERT INTO auditoria (id, usuario_id, accion, tabla, registro_id, valores_anteriores, valores_nuevos, ip_address) VALUES (3, 21, 'UPDATE', 'pago', 170, NULL, JSON_OBJECT('ok',1), '10.0.8.208');
INSERT INTO auditoria (id, usuario_id, accion, tabla, registro_id, valores_anteriores, valores_nuevos, ip_address) VALUES (4, 117, 'UPDATE', 'gasto', 214, NULL, JSON_OBJECT('ok',1), '10.0.0.245');
INSERT INTO auditoria (id, usuario_id, accion, tabla, registro_id, valores_anteriores, valores_nuevos, ip_address) VALUES (5, 42, 'UPDATE', 'cuenta_cobro_unidad', 260, NULL, JSON_OBJECT('ok',1), '10.0.6.203');
INSERT INTO auditoria (id, usuario_id, accion, tabla, registro_id, valores_anteriores, valores_nuevos, ip_address) VALUES (6, 97, 'UPDATE', 'gasto', 276, NULL, JSON_OBJECT('ok',1), '10.0.7.72');
INSERT INTO auditoria (id, usuario_id, accion, tabla, registro_id, valores_anteriores, valores_nuevos, ip_address) VALUES (7, 39, 'UPDATE', 'pago', 71, NULL, JSON_OBJECT('ok',1), '10.0.7.181');
INSERT INTO auditoria (id, usuario_id, accion, tabla, registro_id, valores_anteriores, valores_nuevos, ip_address) VALUES (8, 44, 'UPDATE', 'cuenta_cobro_unidad', 173, NULL, JSON_OBJECT('ok',1), '10.0.10.72');
INSERT INTO auditoria (id, usuario_id, accion, tabla, registro_id, valores_anteriores, valores_nuevos, ip_address) VALUES (9, 70, 'UPDATE', 'cuenta_cobro_unidad', 174, NULL, JSON_OBJECT('ok',1), '10.0.9.109');
INSERT INTO auditoria (id, usuario_id, accion, tabla, registro_id, valores_anteriores, valores_nuevos, ip_address) VALUES (10, 47, 'UPDATE', 'gasto', 148, NULL, JSON_OBJECT('ok',1), '10.0.2.129');
INSERT INTO auditoria (id, usuario_id, accion, tabla, registro_id, valores_anteriores, valores_nuevos, ip_address) VALUES (11, 17, 'UPDATE', 'gasto', 61, NULL, JSON_OBJECT('ok',1), '10.0.1.208');
INSERT INTO auditoria (id, usuario_id, accion, tabla, registro_id, valores_anteriores, valores_nuevos, ip_address) VALUES (12, 89, 'UPDATE', 'gasto', 171, NULL, JSON_OBJECT('ok',1), '10.0.0.35');
INSERT INTO auditoria (id, usuario_id, accion, tabla, registro_id, valores_anteriores, valores_nuevos, ip_address) VALUES (13, 120, 'UPDATE', 'pago', 21, NULL, JSON_OBJECT('ok',1), '10.0.0.40');
INSERT INTO auditoria (id, usuario_id, accion, tabla, registro_id, valores_anteriores, valores_nuevos, ip_address) VALUES (14, 103, 'UPDATE', 'gasto', 191, NULL, JSON_OBJECT('ok',1), '10.0.10.59');
INSERT INTO auditoria (id, usuario_id, accion, tabla, registro_id, valores_anteriores, valores_nuevos, ip_address) VALUES (15, 76, 'UPDATE', 'cuenta_cobro_unidad', 119, NULL, JSON_OBJECT('ok',1), '10.0.1.246');
INSERT INTO auditoria (id, usuario_id, accion, tabla, registro_id, valores_anteriores, valores_nuevos, ip_address) VALUES (16, 31, 'UPDATE', 'pago', 60, NULL, JSON_OBJECT('ok',1), '10.0.5.223');
INSERT INTO auditoria (id, usuario_id, accion, tabla, registro_id, valores_anteriores, valores_nuevos, ip_address) VALUES (17, 41, 'UPDATE', 'pago', 107, NULL, JSON_OBJECT('ok',1), '10.0.0.83');
INSERT INTO auditoria (id, usuario_id, accion, tabla, registro_id, valores_anteriores, valores_nuevos, ip_address) VALUES (18, 44, 'UPDATE', 'gasto', 18, NULL, JSON_OBJECT('ok',1), '10.0.8.53');
INSERT INTO auditoria (id, usuario_id, accion, tabla, registro_id, valores_anteriores, valores_nuevos, ip_address) VALUES (19, 82, 'UPDATE', 'cuenta_cobro_unidad', 218, NULL, JSON_OBJECT('ok',1), '10.0.8.189');
INSERT INTO auditoria (id, usuario_id, accion, tabla, registro_id, valores_anteriores, valores_nuevos, ip_address) VALUES (20, 24, 'UPDATE', 'cuenta_cobro_unidad', 52, NULL, JSON_OBJECT('ok',1), '10.0.4.78');
INSERT INTO auditoria (id, usuario_id, accion, tabla, registro_id, valores_anteriores, valores_nuevos, ip_address) VALUES (21, 37, 'UPDATE', 'cuenta_cobro_unidad', 269, NULL, JSON_OBJECT('ok',1), '10.0.9.99');
INSERT INTO auditoria (id, usuario_id, accion, tabla, registro_id, valores_anteriores, valores_nuevos, ip_address) VALUES (22, 50, 'UPDATE', 'cuenta_cobro_unidad', 252, NULL, JSON_OBJECT('ok',1), '10.0.2.128');
INSERT INTO auditoria (id, usuario_id, accion, tabla, registro_id, valores_anteriores, valores_nuevos, ip_address) VALUES (23, 109, 'UPDATE', 'cuenta_cobro_unidad', 114, NULL, JSON_OBJECT('ok',1), '10.0.6.115');
INSERT INTO auditoria (id, usuario_id, accion, tabla, registro_id, valores_anteriores, valores_nuevos, ip_address) VALUES (24, 116, 'UPDATE', 'cuenta_cobro_unidad', 226, NULL, JSON_OBJECT('ok',1), '10.0.4.165');
INSERT INTO auditoria (id, usuario_id, accion, tabla, registro_id, valores_anteriores, valores_nuevos, ip_address) VALUES (25, 53, 'UPDATE', 'pago', 4, NULL, JSON_OBJECT('ok',1), '10.0.2.94');
INSERT INTO auditoria (id, usuario_id, accion, tabla, registro_id, valores_anteriores, valores_nuevos, ip_address) VALUES (26, 109, 'UPDATE', 'cuenta_cobro_unidad', 86, NULL, JSON_OBJECT('ok',1), '10.0.5.74');
INSERT INTO auditoria (id, usuario_id, accion, tabla, registro_id, valores_anteriores, valores_nuevos, ip_address) VALUES (27, 27, 'UPDATE', 'pago', 270, NULL, JSON_OBJECT('ok',1), '10.0.3.207');
INSERT INTO auditoria (id, usuario_id, accion, tabla, registro_id, valores_anteriores, valores_nuevos, ip_address) VALUES (28, 105, 'UPDATE', 'pago', 279, NULL, JSON_OBJECT('ok',1), '10.0.1.189');
INSERT INTO auditoria (id, usuario_id, accion, tabla, registro_id, valores_anteriores, valores_nuevos, ip_address) VALUES (29, 18, 'UPDATE', 'pago', 33, NULL, JSON_OBJECT('ok',1), '10.0.2.52');
INSERT INTO auditoria (id, usuario_id, accion, tabla, registro_id, valores_anteriores, valores_nuevos, ip_address) VALUES (30, 78, 'UPDATE', 'pago', 4, NULL, JSON_OBJECT('ok',1), '10.0.10.79');
INSERT INTO auditoria (id, usuario_id, accion, tabla, registro_id, valores_anteriores, valores_nuevos, ip_address) VALUES (31, 80, 'UPDATE', 'pago', 31, NULL, JSON_OBJECT('ok',1), '10.0.6.190');
INSERT INTO auditoria (id, usuario_id, accion, tabla, registro_id, valores_anteriores, valores_nuevos, ip_address) VALUES (32, 2, 'UPDATE', 'pago', 267, NULL, JSON_OBJECT('ok',1), '10.0.3.107');
INSERT INTO auditoria (id, usuario_id, accion, tabla, registro_id, valores_anteriores, valores_nuevos, ip_address) VALUES (33, 34, 'UPDATE', 'gasto', 82, NULL, JSON_OBJECT('ok',1), '10.0.3.184');
INSERT INTO auditoria (id, usuario_id, accion, tabla, registro_id, valores_anteriores, valores_nuevos, ip_address) VALUES (34, 71, 'UPDATE', 'gasto', 177, NULL, JSON_OBJECT('ok',1), '10.0.0.137');
INSERT INTO auditoria (id, usuario_id, accion, tabla, registro_id, valores_anteriores, valores_nuevos, ip_address) VALUES (35, 22, 'UPDATE', 'gasto', 207, NULL, JSON_OBJECT('ok',1), '10.0.8.181');
INSERT INTO auditoria (id, usuario_id, accion, tabla, registro_id, valores_anteriores, valores_nuevos, ip_address) VALUES (36, 12, 'UPDATE', 'cuenta_cobro_unidad', 234, NULL, JSON_OBJECT('ok',1), '10.0.2.202');
INSERT INTO auditoria (id, usuario_id, accion, tabla, registro_id, valores_anteriores, valores_nuevos, ip_address) VALUES (37, 24, 'UPDATE', 'gasto', 246, NULL, JSON_OBJECT('ok',1), '10.0.7.83');
INSERT INTO auditoria (id, usuario_id, accion, tabla, registro_id, valores_anteriores, valores_nuevos, ip_address) VALUES (38, 34, 'UPDATE', 'cuenta_cobro_unidad', 186, NULL, JSON_OBJECT('ok',1), '10.0.8.161');
INSERT INTO auditoria (id, usuario_id, accion, tabla, registro_id, valores_anteriores, valores_nuevos, ip_address) VALUES (39, 35, 'UPDATE', 'gasto', 70, NULL, JSON_OBJECT('ok',1), '10.0.6.40');
INSERT INTO auditoria (id, usuario_id, accion, tabla, registro_id, valores_anteriores, valores_nuevos, ip_address) VALUES (40, 111, 'UPDATE', 'cuenta_cobro_unidad', 17, NULL, JSON_OBJECT('ok',1), '10.0.5.37');
INSERT INTO auditoria (id, usuario_id, accion, tabla, registro_id, valores_anteriores, valores_nuevos, ip_address) VALUES (41, 80, 'UPDATE', 'pago', 262, NULL, JSON_OBJECT('ok',1), '10.0.10.190');
INSERT INTO auditoria (id, usuario_id, accion, tabla, registro_id, valores_anteriores, valores_nuevos, ip_address) VALUES (42, 59, 'UPDATE', 'gasto', 284, NULL, JSON_OBJECT('ok',1), '10.0.3.187');
INSERT INTO auditoria (id, usuario_id, accion, tabla, registro_id, valores_anteriores, valores_nuevos, ip_address) VALUES (43, 14, 'UPDATE', 'gasto', 28, NULL, JSON_OBJECT('ok',1), '10.0.8.223');
INSERT INTO auditoria (id, usuario_id, accion, tabla, registro_id, valores_anteriores, valores_nuevos, ip_address) VALUES (44, 24, 'UPDATE', 'cuenta_cobro_unidad', 226, NULL, JSON_OBJECT('ok',1), '10.0.1.166');
INSERT INTO auditoria (id, usuario_id, accion, tabla, registro_id, valores_anteriores, valores_nuevos, ip_address) VALUES (45, 61, 'UPDATE', 'pago', 33, NULL, JSON_OBJECT('ok',1), '10.0.7.176');
INSERT INTO auditoria (id, usuario_id, accion, tabla, registro_id, valores_anteriores, valores_nuevos, ip_address) VALUES (46, 28, 'UPDATE', 'pago', 227, NULL, JSON_OBJECT('ok',1), '10.0.3.238');
INSERT INTO auditoria (id, usuario_id, accion, tabla, registro_id, valores_anteriores, valores_nuevos, ip_address) VALUES (47, 73, 'UPDATE', 'cuenta_cobro_unidad', 299, NULL, JSON_OBJECT('ok',1), '10.0.2.245');
INSERT INTO auditoria (id, usuario_id, accion, tabla, registro_id, valores_anteriores, valores_nuevos, ip_address) VALUES (48, 108, 'UPDATE', 'pago', 167, NULL, JSON_OBJECT('ok',1), '10.0.2.45');
INSERT INTO auditoria (id, usuario_id, accion, tabla, registro_id, valores_anteriores, valores_nuevos, ip_address) VALUES (49, 20, 'UPDATE', 'cuenta_cobro_unidad', 291, NULL, JSON_OBJECT('ok',1), '10.0.9.55');
INSERT INTO auditoria (id, usuario_id, accion, tabla, registro_id, valores_anteriores, valores_nuevos, ip_address) VALUES (50, 95, 'UPDATE', 'gasto', 88, NULL, JSON_OBJECT('ok',1), '10.0.1.188');
INSERT INTO auditoria (id, usuario_id, accion, tabla, registro_id, valores_anteriores, valores_nuevos, ip_address) VALUES (51, 55, 'UPDATE', 'gasto', 300, NULL, JSON_OBJECT('ok',1), '10.0.1.164');
INSERT INTO auditoria (id, usuario_id, accion, tabla, registro_id, valores_anteriores, valores_nuevos, ip_address) VALUES (52, 39, 'UPDATE', 'pago', 284, NULL, JSON_OBJECT('ok',1), '10.0.8.37');
INSERT INTO auditoria (id, usuario_id, accion, tabla, registro_id, valores_anteriores, valores_nuevos, ip_address) VALUES (53, 31, 'UPDATE', 'pago', 167, NULL, JSON_OBJECT('ok',1), '10.0.10.94');
INSERT INTO auditoria (id, usuario_id, accion, tabla, registro_id, valores_anteriores, valores_nuevos, ip_address) VALUES (54, 90, 'UPDATE', 'pago', 296, NULL, JSON_OBJECT('ok',1), '10.0.8.53');
INSERT INTO auditoria (id, usuario_id, accion, tabla, registro_id, valores_anteriores, valores_nuevos, ip_address) VALUES (55, 41, 'UPDATE', 'cuenta_cobro_unidad', 158, NULL, JSON_OBJECT('ok',1), '10.0.4.107');
INSERT INTO auditoria (id, usuario_id, accion, tabla, registro_id, valores_anteriores, valores_nuevos, ip_address) VALUES (56, 16, 'UPDATE', 'gasto', 238, NULL, JSON_OBJECT('ok',1), '10.0.7.57');
INSERT INTO auditoria (id, usuario_id, accion, tabla, registro_id, valores_anteriores, valores_nuevos, ip_address) VALUES (57, 21, 'UPDATE', 'gasto', 149, NULL, JSON_OBJECT('ok',1), '10.0.3.242');
INSERT INTO auditoria (id, usuario_id, accion, tabla, registro_id, valores_anteriores, valores_nuevos, ip_address) VALUES (58, 3, 'UPDATE', 'cuenta_cobro_unidad', 171, NULL, JSON_OBJECT('ok',1), '10.0.4.222');
INSERT INTO auditoria (id, usuario_id, accion, tabla, registro_id, valores_anteriores, valores_nuevos, ip_address) VALUES (59, 33, 'UPDATE', 'cuenta_cobro_unidad', 256, NULL, JSON_OBJECT('ok',1), '10.0.9.184');
INSERT INTO auditoria (id, usuario_id, accion, tabla, registro_id, valores_anteriores, valores_nuevos, ip_address) VALUES (60, 93, 'UPDATE', 'pago', 93, NULL, JSON_OBJECT('ok',1), '10.0.7.155');
INSERT INTO auditoria (id, usuario_id, accion, tabla, registro_id, valores_anteriores, valores_nuevos, ip_address) VALUES (61, 106, 'UPDATE', 'cuenta_cobro_unidad', 225, NULL, JSON_OBJECT('ok',1), '10.0.0.48');
INSERT INTO auditoria (id, usuario_id, accion, tabla, registro_id, valores_anteriores, valores_nuevos, ip_address) VALUES (62, 74, 'UPDATE', 'pago', 226, NULL, JSON_OBJECT('ok',1), '10.0.1.42');
INSERT INTO auditoria (id, usuario_id, accion, tabla, registro_id, valores_anteriores, valores_nuevos, ip_address) VALUES (63, 8, 'UPDATE', 'gasto', 127, NULL, JSON_OBJECT('ok',1), '10.0.10.231');
INSERT INTO auditoria (id, usuario_id, accion, tabla, registro_id, valores_anteriores, valores_nuevos, ip_address) VALUES (64, 77, 'UPDATE', 'gasto', 270, NULL, JSON_OBJECT('ok',1), '10.0.7.185');
INSERT INTO auditoria (id, usuario_id, accion, tabla, registro_id, valores_anteriores, valores_nuevos, ip_address) VALUES (65, 15, 'UPDATE', 'pago', 252, NULL, JSON_OBJECT('ok',1), '10.0.5.36');
INSERT INTO auditoria (id, usuario_id, accion, tabla, registro_id, valores_anteriores, valores_nuevos, ip_address) VALUES (66, 75, 'UPDATE', 'cuenta_cobro_unidad', 266, NULL, JSON_OBJECT('ok',1), '10.0.3.34');
INSERT INTO auditoria (id, usuario_id, accion, tabla, registro_id, valores_anteriores, valores_nuevos, ip_address) VALUES (67, 20, 'UPDATE', 'pago', 51, NULL, JSON_OBJECT('ok',1), '10.0.2.204');
INSERT INTO auditoria (id, usuario_id, accion, tabla, registro_id, valores_anteriores, valores_nuevos, ip_address) VALUES (68, 47, 'UPDATE', 'gasto', 28, NULL, JSON_OBJECT('ok',1), '10.0.8.49');
INSERT INTO auditoria (id, usuario_id, accion, tabla, registro_id, valores_anteriores, valores_nuevos, ip_address) VALUES (69, 23, 'UPDATE', 'pago', 23, NULL, JSON_OBJECT('ok',1), '10.0.4.195');
INSERT INTO auditoria (id, usuario_id, accion, tabla, registro_id, valores_anteriores, valores_nuevos, ip_address) VALUES (70, 71, 'UPDATE', 'gasto', 239, NULL, JSON_OBJECT('ok',1), '10.0.8.129');
INSERT INTO auditoria (id, usuario_id, accion, tabla, registro_id, valores_anteriores, valores_nuevos, ip_address) VALUES (71, 65, 'UPDATE', 'cuenta_cobro_unidad', 225, NULL, JSON_OBJECT('ok',1), '10.0.5.176');
INSERT INTO auditoria (id, usuario_id, accion, tabla, registro_id, valores_anteriores, valores_nuevos, ip_address) VALUES (72, 27, 'UPDATE', 'cuenta_cobro_unidad', 191, NULL, JSON_OBJECT('ok',1), '10.0.10.132');
INSERT INTO auditoria (id, usuario_id, accion, tabla, registro_id, valores_anteriores, valores_nuevos, ip_address) VALUES (73, 46, 'UPDATE', 'pago', 122, NULL, JSON_OBJECT('ok',1), '10.0.10.137');
INSERT INTO auditoria (id, usuario_id, accion, tabla, registro_id, valores_anteriores, valores_nuevos, ip_address) VALUES (74, 51, 'UPDATE', 'pago', 21, NULL, JSON_OBJECT('ok',1), '10.0.3.5');
INSERT INTO auditoria (id, usuario_id, accion, tabla, registro_id, valores_anteriores, valores_nuevos, ip_address) VALUES (75, 36, 'UPDATE', 'gasto', 121, NULL, JSON_OBJECT('ok',1), '10.0.6.166');
INSERT INTO auditoria (id, usuario_id, accion, tabla, registro_id, valores_anteriores, valores_nuevos, ip_address) VALUES (76, 11, 'UPDATE', 'cuenta_cobro_unidad', 294, NULL, JSON_OBJECT('ok',1), '10.0.5.29');
INSERT INTO auditoria (id, usuario_id, accion, tabla, registro_id, valores_anteriores, valores_nuevos, ip_address) VALUES (77, 59, 'UPDATE', 'pago', 178, NULL, JSON_OBJECT('ok',1), '10.0.2.245');
INSERT INTO auditoria (id, usuario_id, accion, tabla, registro_id, valores_anteriores, valores_nuevos, ip_address) VALUES (78, 27, 'UPDATE', 'cuenta_cobro_unidad', 293, NULL, JSON_OBJECT('ok',1), '10.0.1.6');
INSERT INTO auditoria (id, usuario_id, accion, tabla, registro_id, valores_anteriores, valores_nuevos, ip_address) VALUES (79, 100, 'UPDATE', 'pago', 296, NULL, JSON_OBJECT('ok',1), '10.0.2.200');
INSERT INTO auditoria (id, usuario_id, accion, tabla, registro_id, valores_anteriores, valores_nuevos, ip_address) VALUES (80, 119, 'UPDATE', 'cuenta_cobro_unidad', 179, NULL, JSON_OBJECT('ok',1), '10.0.10.7');
INSERT INTO auditoria (id, usuario_id, accion, tabla, registro_id, valores_anteriores, valores_nuevos, ip_address) VALUES (81, 12, 'UPDATE', 'gasto', 102, NULL, JSON_OBJECT('ok',1), '10.0.7.71');
INSERT INTO auditoria (id, usuario_id, accion, tabla, registro_id, valores_anteriores, valores_nuevos, ip_address) VALUES (82, 84, 'UPDATE', 'cuenta_cobro_unidad', 262, NULL, JSON_OBJECT('ok',1), '10.0.3.15');
INSERT INTO auditoria (id, usuario_id, accion, tabla, registro_id, valores_anteriores, valores_nuevos, ip_address) VALUES (83, 79, 'UPDATE', 'pago', 3, NULL, JSON_OBJECT('ok',1), '10.0.9.107');
INSERT INTO auditoria (id, usuario_id, accion, tabla, registro_id, valores_anteriores, valores_nuevos, ip_address) VALUES (84, 61, 'UPDATE', 'pago', 108, NULL, JSON_OBJECT('ok',1), '10.0.10.152');
INSERT INTO auditoria (id, usuario_id, accion, tabla, registro_id, valores_anteriores, valores_nuevos, ip_address) VALUES (85, 64, 'UPDATE', 'pago', 59, NULL, JSON_OBJECT('ok',1), '10.0.2.102');
INSERT INTO auditoria (id, usuario_id, accion, tabla, registro_id, valores_anteriores, valores_nuevos, ip_address) VALUES (86, 7, 'UPDATE', 'cuenta_cobro_unidad', 78, NULL, JSON_OBJECT('ok',1), '10.0.2.30');
INSERT INTO auditoria (id, usuario_id, accion, tabla, registro_id, valores_anteriores, valores_nuevos, ip_address) VALUES (87, 27, 'UPDATE', 'pago', 61, NULL, JSON_OBJECT('ok',1), '10.0.10.237');
INSERT INTO auditoria (id, usuario_id, accion, tabla, registro_id, valores_anteriores, valores_nuevos, ip_address) VALUES (88, 90, 'UPDATE', 'gasto', 210, NULL, JSON_OBJECT('ok',1), '10.0.7.193');
INSERT INTO auditoria (id, usuario_id, accion, tabla, registro_id, valores_anteriores, valores_nuevos, ip_address) VALUES (89, 85, 'UPDATE', 'pago', 28, NULL, JSON_OBJECT('ok',1), '10.0.1.156');
INSERT INTO auditoria (id, usuario_id, accion, tabla, registro_id, valores_anteriores, valores_nuevos, ip_address) VALUES (90, 99, 'UPDATE', 'cuenta_cobro_unidad', 46, NULL, JSON_OBJECT('ok',1), '10.0.1.29');
INSERT INTO auditoria (id, usuario_id, accion, tabla, registro_id, valores_anteriores, valores_nuevos, ip_address) VALUES (91, 49, 'UPDATE', 'gasto', 54, NULL, JSON_OBJECT('ok',1), '10.0.2.234');
INSERT INTO auditoria (id, usuario_id, accion, tabla, registro_id, valores_anteriores, valores_nuevos, ip_address) VALUES (92, 24, 'UPDATE', 'pago', 62, NULL, JSON_OBJECT('ok',1), '10.0.9.185');
INSERT INTO auditoria (id, usuario_id, accion, tabla, registro_id, valores_anteriores, valores_nuevos, ip_address) VALUES (93, 5, 'UPDATE', 'gasto', 70, NULL, JSON_OBJECT('ok',1), '10.0.5.170');
INSERT INTO auditoria (id, usuario_id, accion, tabla, registro_id, valores_anteriores, valores_nuevos, ip_address) VALUES (94, 96, 'UPDATE', 'cuenta_cobro_unidad', 225, NULL, JSON_OBJECT('ok',1), '10.0.3.51');
INSERT INTO auditoria (id, usuario_id, accion, tabla, registro_id, valores_anteriores, valores_nuevos, ip_address) VALUES (95, 119, 'UPDATE', 'cuenta_cobro_unidad', 110, NULL, JSON_OBJECT('ok',1), '10.0.0.76');
INSERT INTO auditoria (id, usuario_id, accion, tabla, registro_id, valores_anteriores, valores_nuevos, ip_address) VALUES (96, 74, 'UPDATE', 'pago', 221, NULL, JSON_OBJECT('ok',1), '10.0.6.87');
INSERT INTO auditoria (id, usuario_id, accion, tabla, registro_id, valores_anteriores, valores_nuevos, ip_address) VALUES (97, 27, 'UPDATE', 'cuenta_cobro_unidad', 7, NULL, JSON_OBJECT('ok',1), '10.0.10.46');
INSERT INTO auditoria (id, usuario_id, accion, tabla, registro_id, valores_anteriores, valores_nuevos, ip_address) VALUES (98, 59, 'UPDATE', 'cuenta_cobro_unidad', 155, NULL, JSON_OBJECT('ok',1), '10.0.8.27');
INSERT INTO auditoria (id, usuario_id, accion, tabla, registro_id, valores_anteriores, valores_nuevos, ip_address) VALUES (99, 20, 'UPDATE', 'gasto', 91, NULL, JSON_OBJECT('ok',1), '10.0.1.24');
INSERT INTO auditoria (id, usuario_id, accion, tabla, registro_id, valores_anteriores, valores_nuevos, ip_address) VALUES (100, 37, 'UPDATE', 'pago', 286, NULL, JSON_OBJECT('ok',1), '10.0.10.102');
INSERT INTO auditoria (id, usuario_id, accion, tabla, registro_id, valores_anteriores, valores_nuevos, ip_address) VALUES (101, 81, 'UPDATE', 'cuenta_cobro_unidad', 72, NULL, JSON_OBJECT('ok',1), '10.0.5.221');
INSERT INTO auditoria (id, usuario_id, accion, tabla, registro_id, valores_anteriores, valores_nuevos, ip_address) VALUES (102, 2, 'UPDATE', 'cuenta_cobro_unidad', 168, NULL, JSON_OBJECT('ok',1), '10.0.2.39');
INSERT INTO auditoria (id, usuario_id, accion, tabla, registro_id, valores_anteriores, valores_nuevos, ip_address) VALUES (103, 77, 'UPDATE', 'gasto', 193, NULL, JSON_OBJECT('ok',1), '10.0.2.5');
INSERT INTO auditoria (id, usuario_id, accion, tabla, registro_id, valores_anteriores, valores_nuevos, ip_address) VALUES (104, 108, 'UPDATE', 'cuenta_cobro_unidad', 100, NULL, JSON_OBJECT('ok',1), '10.0.5.248');
INSERT INTO auditoria (id, usuario_id, accion, tabla, registro_id, valores_anteriores, valores_nuevos, ip_address) VALUES (105, 45, 'UPDATE', 'cuenta_cobro_unidad', 195, NULL, JSON_OBJECT('ok',1), '10.0.1.208');
INSERT INTO auditoria (id, usuario_id, accion, tabla, registro_id, valores_anteriores, valores_nuevos, ip_address) VALUES (106, 95, 'UPDATE', 'cuenta_cobro_unidad', 1, NULL, JSON_OBJECT('ok',1), '10.0.3.184');
INSERT INTO auditoria (id, usuario_id, accion, tabla, registro_id, valores_anteriores, valores_nuevos, ip_address) VALUES (107, 86, 'UPDATE', 'cuenta_cobro_unidad', 177, NULL, JSON_OBJECT('ok',1), '10.0.2.200');
INSERT INTO auditoria (id, usuario_id, accion, tabla, registro_id, valores_anteriores, valores_nuevos, ip_address) VALUES (108, 89, 'UPDATE', 'cuenta_cobro_unidad', 255, NULL, JSON_OBJECT('ok',1), '10.0.0.199');
INSERT INTO auditoria (id, usuario_id, accion, tabla, registro_id, valores_anteriores, valores_nuevos, ip_address) VALUES (109, 13, 'UPDATE', 'pago', 233, NULL, JSON_OBJECT('ok',1), '10.0.1.37');
INSERT INTO auditoria (id, usuario_id, accion, tabla, registro_id, valores_anteriores, valores_nuevos, ip_address) VALUES (110, 36, 'UPDATE', 'pago', 218, NULL, JSON_OBJECT('ok',1), '10.0.5.141');
INSERT INTO auditoria (id, usuario_id, accion, tabla, registro_id, valores_anteriores, valores_nuevos, ip_address) VALUES (111, 42, 'UPDATE', 'cuenta_cobro_unidad', 188, NULL, JSON_OBJECT('ok',1), '10.0.6.79');
INSERT INTO auditoria (id, usuario_id, accion, tabla, registro_id, valores_anteriores, valores_nuevos, ip_address) VALUES (112, 98, 'UPDATE', 'pago', 109, NULL, JSON_OBJECT('ok',1), '10.0.0.67');
INSERT INTO auditoria (id, usuario_id, accion, tabla, registro_id, valores_anteriores, valores_nuevos, ip_address) VALUES (113, 10, 'UPDATE', 'cuenta_cobro_unidad', 80, NULL, JSON_OBJECT('ok',1), '10.0.0.37');
INSERT INTO auditoria (id, usuario_id, accion, tabla, registro_id, valores_anteriores, valores_nuevos, ip_address) VALUES (114, 62, 'UPDATE', 'pago', 217, NULL, JSON_OBJECT('ok',1), '10.0.1.93');
INSERT INTO auditoria (id, usuario_id, accion, tabla, registro_id, valores_anteriores, valores_nuevos, ip_address) VALUES (115, 79, 'UPDATE', 'pago', 246, NULL, JSON_OBJECT('ok',1), '10.0.3.143');
INSERT INTO auditoria (id, usuario_id, accion, tabla, registro_id, valores_anteriores, valores_nuevos, ip_address) VALUES (116, 64, 'UPDATE', 'gasto', 31, NULL, JSON_OBJECT('ok',1), '10.0.2.154');
INSERT INTO auditoria (id, usuario_id, accion, tabla, registro_id, valores_anteriores, valores_nuevos, ip_address) VALUES (117, 80, 'UPDATE', 'pago', 227, NULL, JSON_OBJECT('ok',1), '10.0.1.111');
INSERT INTO auditoria (id, usuario_id, accion, tabla, registro_id, valores_anteriores, valores_nuevos, ip_address) VALUES (118, 55, 'UPDATE', 'cuenta_cobro_unidad', 12, NULL, JSON_OBJECT('ok',1), '10.0.6.59');
INSERT INTO auditoria (id, usuario_id, accion, tabla, registro_id, valores_anteriores, valores_nuevos, ip_address) VALUES (119, 17, 'UPDATE', 'pago', 145, NULL, JSON_OBJECT('ok',1), '10.0.8.167');
INSERT INTO auditoria (id, usuario_id, accion, tabla, registro_id, valores_anteriores, valores_nuevos, ip_address) VALUES (120, 116, 'UPDATE', 'pago', 176, NULL, JSON_OBJECT('ok',1), '10.0.5.67');

-- Sesiones Usuario
INSERT INTO sesion_usuario (id, usuario_id, ip_address, user_agent, data) VALUES ('sess-00001', 111, '190.10.81.212', 'Mozilla/5.0', '{}');
INSERT INTO sesion_usuario (id, usuario_id, ip_address, user_agent, data) VALUES ('sess-00002', 113, '190.10.3.57', 'Mozilla/5.0', '{}');
INSERT INTO sesion_usuario (id, usuario_id, ip_address, user_agent, data) VALUES ('sess-00003', 90, '190.10.146.9', 'Mozilla/5.0', '{}');
INSERT INTO sesion_usuario (id, usuario_id, ip_address, user_agent, data) VALUES ('sess-00004', 32, '190.10.30.32', 'Mozilla/5.0', '{}');
INSERT INTO sesion_usuario (id, usuario_id, ip_address, user_agent, data) VALUES ('sess-00005', 3, '190.10.185.233', 'Mozilla/5.0', '{}');
INSERT INTO sesion_usuario (id, usuario_id, ip_address, user_agent, data) VALUES ('sess-00006', 116, '190.10.207.245', 'Mozilla/5.0', '{}');
INSERT INTO sesion_usuario (id, usuario_id, ip_address, user_agent, data) VALUES ('sess-00007', 64, '190.10.231.95', 'Mozilla/5.0', '{}');
INSERT INTO sesion_usuario (id, usuario_id, ip_address, user_agent, data) VALUES ('sess-00008', 55, '190.10.157.160', 'Mozilla/5.0', '{}');
INSERT INTO sesion_usuario (id, usuario_id, ip_address, user_agent, data) VALUES ('sess-00009', 9, '190.10.189.114', 'Mozilla/5.0', '{}');
INSERT INTO sesion_usuario (id, usuario_id, ip_address, user_agent, data) VALUES ('sess-00010', 76, '190.10.178.96', 'Mozilla/5.0', '{}');
INSERT INTO sesion_usuario (id, usuario_id, ip_address, user_agent, data) VALUES ('sess-00011', 37, '190.10.217.216', 'Mozilla/5.0', '{}');
INSERT INTO sesion_usuario (id, usuario_id, ip_address, user_agent, data) VALUES ('sess-00012', 23, '190.10.126.65', 'Mozilla/5.0', '{}');
INSERT INTO sesion_usuario (id, usuario_id, ip_address, user_agent, data) VALUES ('sess-00013', 62, '190.10.54.36', 'Mozilla/5.0', '{}');
INSERT INTO sesion_usuario (id, usuario_id, ip_address, user_agent, data) VALUES ('sess-00014', 108, '190.10.128.119', 'Mozilla/5.0', '{}');
INSERT INTO sesion_usuario (id, usuario_id, ip_address, user_agent, data) VALUES ('sess-00015', 56, '190.10.1.29', 'Mozilla/5.0', '{}');
INSERT INTO sesion_usuario (id, usuario_id, ip_address, user_agent, data) VALUES ('sess-00016', 6, '190.10.30.197', 'Mozilla/5.0', '{}');
INSERT INTO sesion_usuario (id, usuario_id, ip_address, user_agent, data) VALUES ('sess-00017', 16, '190.10.62.10', 'Mozilla/5.0', '{}');
INSERT INTO sesion_usuario (id, usuario_id, ip_address, user_agent, data) VALUES ('sess-00018', 27, '190.10.13.207', 'Mozilla/5.0', '{}');
INSERT INTO sesion_usuario (id, usuario_id, ip_address, user_agent, data) VALUES ('sess-00019', 117, '190.10.211.142', 'Mozilla/5.0', '{}');
INSERT INTO sesion_usuario (id, usuario_id, ip_address, user_agent, data) VALUES ('sess-00020', 30, '190.10.51.116', 'Mozilla/5.0', '{}');
INSERT INTO sesion_usuario (id, usuario_id, ip_address, user_agent, data) VALUES ('sess-00021', 52, '190.10.141.196', 'Mozilla/5.0', '{}');
INSERT INTO sesion_usuario (id, usuario_id, ip_address, user_agent, data) VALUES ('sess-00022', 12, '190.10.250.42', 'Mozilla/5.0', '{}');
INSERT INTO sesion_usuario (id, usuario_id, ip_address, user_agent, data) VALUES ('sess-00023', 55, '190.10.21.140', 'Mozilla/5.0', '{}');
INSERT INTO sesion_usuario (id, usuario_id, ip_address, user_agent, data) VALUES ('sess-00024', 2, '190.10.49.208', 'Mozilla/5.0', '{}');
INSERT INTO sesion_usuario (id, usuario_id, ip_address, user_agent, data) VALUES ('sess-00025', 94, '190.10.187.115', 'Mozilla/5.0', '{}');
INSERT INTO sesion_usuario (id, usuario_id, ip_address, user_agent, data) VALUES ('sess-00026', 14, '190.10.75.152', 'Mozilla/5.0', '{}');
INSERT INTO sesion_usuario (id, usuario_id, ip_address, user_agent, data) VALUES ('sess-00027', 4, '190.10.55.250', 'Mozilla/5.0', '{}');
INSERT INTO sesion_usuario (id, usuario_id, ip_address, user_agent, data) VALUES ('sess-00028', 44, '190.10.31.119', 'Mozilla/5.0', '{}');
INSERT INTO sesion_usuario (id, usuario_id, ip_address, user_agent, data) VALUES ('sess-00029', 11, '190.10.100.131', 'Mozilla/5.0', '{}');
INSERT INTO sesion_usuario (id, usuario_id, ip_address, user_agent, data) VALUES ('sess-00030', 6, '190.10.209.116', 'Mozilla/5.0', '{}');
INSERT INTO sesion_usuario (id, usuario_id, ip_address, user_agent, data) VALUES ('sess-00031', 14, '190.10.126.14', 'Mozilla/5.0', '{}');
INSERT INTO sesion_usuario (id, usuario_id, ip_address, user_agent, data) VALUES ('sess-00032', 60, '190.10.117.86', 'Mozilla/5.0', '{}');
INSERT INTO sesion_usuario (id, usuario_id, ip_address, user_agent, data) VALUES ('sess-00033', 11, '190.10.24.209', 'Mozilla/5.0', '{}');
INSERT INTO sesion_usuario (id, usuario_id, ip_address, user_agent, data) VALUES ('sess-00034', 112, '190.10.147.93', 'Mozilla/5.0', '{}');
INSERT INTO sesion_usuario (id, usuario_id, ip_address, user_agent, data) VALUES ('sess-00035', 68, '190.10.141.126', 'Mozilla/5.0', '{}');
INSERT INTO sesion_usuario (id, usuario_id, ip_address, user_agent, data) VALUES ('sess-00036', 39, '190.10.102.206', 'Mozilla/5.0', '{}');
INSERT INTO sesion_usuario (id, usuario_id, ip_address, user_agent, data) VALUES ('sess-00037', 52, '190.10.89.30', 'Mozilla/5.0', '{}');
INSERT INTO sesion_usuario (id, usuario_id, ip_address, user_agent, data) VALUES ('sess-00038', 91, '190.10.100.7', 'Mozilla/5.0', '{}');
INSERT INTO sesion_usuario (id, usuario_id, ip_address, user_agent, data) VALUES ('sess-00039', 3, '190.10.222.47', 'Mozilla/5.0', '{}');
INSERT INTO sesion_usuario (id, usuario_id, ip_address, user_agent, data) VALUES ('sess-00040', 45, '190.10.181.115', 'Mozilla/5.0', '{}');
INSERT INTO sesion_usuario (id, usuario_id, ip_address, user_agent, data) VALUES ('sess-00041', 55, '190.10.219.153', 'Mozilla/5.0', '{}');
INSERT INTO sesion_usuario (id, usuario_id, ip_address, user_agent, data) VALUES ('sess-00042', 33, '190.10.254.8', 'Mozilla/5.0', '{}');
INSERT INTO sesion_usuario (id, usuario_id, ip_address, user_agent, data) VALUES ('sess-00043', 27, '190.10.61.144', 'Mozilla/5.0', '{}');
INSERT INTO sesion_usuario (id, usuario_id, ip_address, user_agent, data) VALUES ('sess-00044', 1, '190.10.170.51', 'Mozilla/5.0', '{}');
INSERT INTO sesion_usuario (id, usuario_id, ip_address, user_agent, data) VALUES ('sess-00045', 86, '190.10.102.156', 'Mozilla/5.0', '{}');
INSERT INTO sesion_usuario (id, usuario_id, ip_address, user_agent, data) VALUES ('sess-00046', 52, '190.10.80.211', 'Mozilla/5.0', '{}');
INSERT INTO sesion_usuario (id, usuario_id, ip_address, user_agent, data) VALUES ('sess-00047', 104, '190.10.225.237', 'Mozilla/5.0', '{}');
INSERT INTO sesion_usuario (id, usuario_id, ip_address, user_agent, data) VALUES ('sess-00048', 33, '190.10.223.228', 'Mozilla/5.0', '{}');
INSERT INTO sesion_usuario (id, usuario_id, ip_address, user_agent, data) VALUES ('sess-00049', 51, '190.10.223.211', 'Mozilla/5.0', '{}');
INSERT INTO sesion_usuario (id, usuario_id, ip_address, user_agent, data) VALUES ('sess-00050', 20, '190.10.40.91', 'Mozilla/5.0', '{}');
INSERT INTO sesion_usuario (id, usuario_id, ip_address, user_agent, data) VALUES ('sess-00051', 75, '190.10.32.135', 'Mozilla/5.0', '{}');
INSERT INTO sesion_usuario (id, usuario_id, ip_address, user_agent, data) VALUES ('sess-00052', 31, '190.10.70.180', 'Mozilla/5.0', '{}');
INSERT INTO sesion_usuario (id, usuario_id, ip_address, user_agent, data) VALUES ('sess-00053', 110, '190.10.243.5', 'Mozilla/5.0', '{}');
INSERT INTO sesion_usuario (id, usuario_id, ip_address, user_agent, data) VALUES ('sess-00054', 5, '190.10.29.251', 'Mozilla/5.0', '{}');
INSERT INTO sesion_usuario (id, usuario_id, ip_address, user_agent, data) VALUES ('sess-00055', 35, '190.10.206.107', 'Mozilla/5.0', '{}');
INSERT INTO sesion_usuario (id, usuario_id, ip_address, user_agent, data) VALUES ('sess-00056', 55, '190.10.51.80', 'Mozilla/5.0', '{}');
INSERT INTO sesion_usuario (id, usuario_id, ip_address, user_agent, data) VALUES ('sess-00057', 43, '190.10.12.194', 'Mozilla/5.0', '{}');
INSERT INTO sesion_usuario (id, usuario_id, ip_address, user_agent, data) VALUES ('sess-00058', 9, '190.10.59.13', 'Mozilla/5.0', '{}');
INSERT INTO sesion_usuario (id, usuario_id, ip_address, user_agent, data) VALUES ('sess-00059', 58, '190.10.248.171', 'Mozilla/5.0', '{}');
INSERT INTO sesion_usuario (id, usuario_id, ip_address, user_agent, data) VALUES ('sess-00060', 60, '190.10.63.234', 'Mozilla/5.0', '{}');
INSERT INTO sesion_usuario (id, usuario_id, ip_address, user_agent, data) VALUES ('sess-00061', 33, '190.10.19.6', 'Mozilla/5.0', '{}');
INSERT INTO sesion_usuario (id, usuario_id, ip_address, user_agent, data) VALUES ('sess-00062', 96, '190.10.134.150', 'Mozilla/5.0', '{}');
INSERT INTO sesion_usuario (id, usuario_id, ip_address, user_agent, data) VALUES ('sess-00063', 31, '190.10.34.211', 'Mozilla/5.0', '{}');
INSERT INTO sesion_usuario (id, usuario_id, ip_address, user_agent, data) VALUES ('sess-00064', 92, '190.10.138.147', 'Mozilla/5.0', '{}');
INSERT INTO sesion_usuario (id, usuario_id, ip_address, user_agent, data) VALUES ('sess-00065', 1, '190.10.161.64', 'Mozilla/5.0', '{}');
INSERT INTO sesion_usuario (id, usuario_id, ip_address, user_agent, data) VALUES ('sess-00066', 86, '190.10.33.82', 'Mozilla/5.0', '{}');
INSERT INTO sesion_usuario (id, usuario_id, ip_address, user_agent, data) VALUES ('sess-00067', 101, '190.10.88.11', 'Mozilla/5.0', '{}');
INSERT INTO sesion_usuario (id, usuario_id, ip_address, user_agent, data) VALUES ('sess-00068', 33, '190.10.19.207', 'Mozilla/5.0', '{}');
INSERT INTO sesion_usuario (id, usuario_id, ip_address, user_agent, data) VALUES ('sess-00069', 76, '190.10.152.166', 'Mozilla/5.0', '{}');
INSERT INTO sesion_usuario (id, usuario_id, ip_address, user_agent, data) VALUES ('sess-00070', 107, '190.10.254.238', 'Mozilla/5.0', '{}');
INSERT INTO sesion_usuario (id, usuario_id, ip_address, user_agent, data) VALUES ('sess-00071', 117, '190.10.202.201', 'Mozilla/5.0', '{}');
INSERT INTO sesion_usuario (id, usuario_id, ip_address, user_agent, data) VALUES ('sess-00072', 78, '190.10.252.164', 'Mozilla/5.0', '{}');
INSERT INTO sesion_usuario (id, usuario_id, ip_address, user_agent, data) VALUES ('sess-00073', 29, '190.10.33.51', 'Mozilla/5.0', '{}');
INSERT INTO sesion_usuario (id, usuario_id, ip_address, user_agent, data) VALUES ('sess-00074', 60, '190.10.224.176', 'Mozilla/5.0', '{}');
INSERT INTO sesion_usuario (id, usuario_id, ip_address, user_agent, data) VALUES ('sess-00075', 16, '190.10.212.98', 'Mozilla/5.0', '{}');
INSERT INTO sesion_usuario (id, usuario_id, ip_address, user_agent, data) VALUES ('sess-00076', 78, '190.10.149.27', 'Mozilla/5.0', '{}');
INSERT INTO sesion_usuario (id, usuario_id, ip_address, user_agent, data) VALUES ('sess-00077', 53, '190.10.195.245', 'Mozilla/5.0', '{}');
INSERT INTO sesion_usuario (id, usuario_id, ip_address, user_agent, data) VALUES ('sess-00078', 13, '190.10.76.56', 'Mozilla/5.0', '{}');
INSERT INTO sesion_usuario (id, usuario_id, ip_address, user_agent, data) VALUES ('sess-00079', 63, '190.10.146.244', 'Mozilla/5.0', '{}');
INSERT INTO sesion_usuario (id, usuario_id, ip_address, user_agent, data) VALUES ('sess-00080', 7, '190.10.248.123', 'Mozilla/5.0', '{}');
INSERT INTO sesion_usuario (id, usuario_id, ip_address, user_agent, data) VALUES ('sess-00081', 74, '190.10.136.64', 'Mozilla/5.0', '{}');
INSERT INTO sesion_usuario (id, usuario_id, ip_address, user_agent, data) VALUES ('sess-00082', 30, '190.10.89.196', 'Mozilla/5.0', '{}');
INSERT INTO sesion_usuario (id, usuario_id, ip_address, user_agent, data) VALUES ('sess-00083', 42, '190.10.223.47', 'Mozilla/5.0', '{}');
INSERT INTO sesion_usuario (id, usuario_id, ip_address, user_agent, data) VALUES ('sess-00084', 27, '190.10.148.150', 'Mozilla/5.0', '{}');
INSERT INTO sesion_usuario (id, usuario_id, ip_address, user_agent, data) VALUES ('sess-00085', 73, '190.10.58.157', 'Mozilla/5.0', '{}');
INSERT INTO sesion_usuario (id, usuario_id, ip_address, user_agent, data) VALUES ('sess-00086', 58, '190.10.7.18', 'Mozilla/5.0', '{}');
INSERT INTO sesion_usuario (id, usuario_id, ip_address, user_agent, data) VALUES ('sess-00087', 92, '190.10.135.43', 'Mozilla/5.0', '{}');
INSERT INTO sesion_usuario (id, usuario_id, ip_address, user_agent, data) VALUES ('sess-00088', 114, '190.10.220.218', 'Mozilla/5.0', '{}');
INSERT INTO sesion_usuario (id, usuario_id, ip_address, user_agent, data) VALUES ('sess-00089', 85, '190.10.71.7', 'Mozilla/5.0', '{}');
INSERT INTO sesion_usuario (id, usuario_id, ip_address, user_agent, data) VALUES ('sess-00090', 28, '190.10.239.14', 'Mozilla/5.0', '{}');
INSERT INTO sesion_usuario (id, usuario_id, ip_address, user_agent, data) VALUES ('sess-00091', 66, '190.10.235.210', 'Mozilla/5.0', '{}');
INSERT INTO sesion_usuario (id, usuario_id, ip_address, user_agent, data) VALUES ('sess-00092', 116, '190.10.87.28', 'Mozilla/5.0', '{}');
INSERT INTO sesion_usuario (id, usuario_id, ip_address, user_agent, data) VALUES ('sess-00093', 12, '190.10.210.15', 'Mozilla/5.0', '{}');
INSERT INTO sesion_usuario (id, usuario_id, ip_address, user_agent, data) VALUES ('sess-00094', 108, '190.10.81.170', 'Mozilla/5.0', '{}');
INSERT INTO sesion_usuario (id, usuario_id, ip_address, user_agent, data) VALUES ('sess-00095', 86, '190.10.14.162', 'Mozilla/5.0', '{}');
INSERT INTO sesion_usuario (id, usuario_id, ip_address, user_agent, data) VALUES ('sess-00096', 103, '190.10.132.25', 'Mozilla/5.0', '{}');
INSERT INTO sesion_usuario (id, usuario_id, ip_address, user_agent, data) VALUES ('sess-00097', 109, '190.10.42.61', 'Mozilla/5.0', '{}');
INSERT INTO sesion_usuario (id, usuario_id, ip_address, user_agent, data) VALUES ('sess-00098', 48, '190.10.229.231', 'Mozilla/5.0', '{}');
INSERT INTO sesion_usuario (id, usuario_id, ip_address, user_agent, data) VALUES ('sess-00099', 19, '190.10.57.22', 'Mozilla/5.0', '{}');
INSERT INTO sesion_usuario (id, usuario_id, ip_address, user_agent, data) VALUES ('sess-00100', 57, '190.10.11.188', 'Mozilla/5.0', '{}');
INSERT INTO sesion_usuario (id, usuario_id, ip_address, user_agent, data) VALUES ('sess-00101', 108, '190.10.148.238', 'Mozilla/5.0', '{}');
INSERT INTO sesion_usuario (id, usuario_id, ip_address, user_agent, data) VALUES ('sess-00102', 85, '190.10.15.209', 'Mozilla/5.0', '{}');
INSERT INTO sesion_usuario (id, usuario_id, ip_address, user_agent, data) VALUES ('sess-00103', 106, '190.10.36.249', 'Mozilla/5.0', '{}');
INSERT INTO sesion_usuario (id, usuario_id, ip_address, user_agent, data) VALUES ('sess-00104', 70, '190.10.204.229', 'Mozilla/5.0', '{}');
INSERT INTO sesion_usuario (id, usuario_id, ip_address, user_agent, data) VALUES ('sess-00105', 34, '190.10.155.137', 'Mozilla/5.0', '{}');
INSERT INTO sesion_usuario (id, usuario_id, ip_address, user_agent, data) VALUES ('sess-00106', 18, '190.10.82.195', 'Mozilla/5.0', '{}');
INSERT INTO sesion_usuario (id, usuario_id, ip_address, user_agent, data) VALUES ('sess-00107', 16, '190.10.231.243', 'Mozilla/5.0', '{}');
INSERT INTO sesion_usuario (id, usuario_id, ip_address, user_agent, data) VALUES ('sess-00108', 113, '190.10.182.134', 'Mozilla/5.0', '{}');
INSERT INTO sesion_usuario (id, usuario_id, ip_address, user_agent, data) VALUES ('sess-00109', 66, '190.10.119.147', 'Mozilla/5.0', '{}');
INSERT INTO sesion_usuario (id, usuario_id, ip_address, user_agent, data) VALUES ('sess-00110', 57, '190.10.191.113', 'Mozilla/5.0', '{}');
INSERT INTO sesion_usuario (id, usuario_id, ip_address, user_agent, data) VALUES ('sess-00111', 120, '190.10.5.139', 'Mozilla/5.0', '{}');
INSERT INTO sesion_usuario (id, usuario_id, ip_address, user_agent, data) VALUES ('sess-00112', 23, '190.10.31.208', 'Mozilla/5.0', '{}');
INSERT INTO sesion_usuario (id, usuario_id, ip_address, user_agent, data) VALUES ('sess-00113', 4, '190.10.132.139', 'Mozilla/5.0', '{}');
INSERT INTO sesion_usuario (id, usuario_id, ip_address, user_agent, data) VALUES ('sess-00114', 6, '190.10.214.122', 'Mozilla/5.0', '{}');
INSERT INTO sesion_usuario (id, usuario_id, ip_address, user_agent, data) VALUES ('sess-00115', 41, '190.10.242.171', 'Mozilla/5.0', '{}');
INSERT INTO sesion_usuario (id, usuario_id, ip_address, user_agent, data) VALUES ('sess-00116', 12, '190.10.92.216', 'Mozilla/5.0', '{}');
INSERT INTO sesion_usuario (id, usuario_id, ip_address, user_agent, data) VALUES ('sess-00117', 25, '190.10.194.145', 'Mozilla/5.0', '{}');
INSERT INTO sesion_usuario (id, usuario_id, ip_address, user_agent, data) VALUES ('sess-00118', 11, '190.10.153.153', 'Mozilla/5.0', '{}');
INSERT INTO sesion_usuario (id, usuario_id, ip_address, user_agent, data) VALUES ('sess-00119', 52, '190.10.46.196', 'Mozilla/5.0', '{}');
INSERT INTO sesion_usuario (id, usuario_id, ip_address, user_agent, data) VALUES ('sess-00120', 83, '190.10.43.240', 'Mozilla/5.0', '{}');

-- User Preferences
INSERT INTO user_preferences (id, user_id, preferences) VALUES (1, 1, "{\"lang\": \"es\", \"theme\": \"dark\", \"rows\": 100}");
INSERT INTO user_preferences (id, user_id, preferences) VALUES (2, 2, "{\"lang\": \"es\", \"theme\": \"light\", \"rows\": 100}");
INSERT INTO user_preferences (id, user_id, preferences) VALUES (3, 3, "{\"lang\": \"es\", \"theme\": \"light\", \"rows\": 25}");
INSERT INTO user_preferences (id, user_id, preferences) VALUES (4, 4, "{\"lang\": \"es\", \"theme\": \"light\", \"rows\": 100}");
INSERT INTO user_preferences (id, user_id, preferences) VALUES (5, 5, "{\"lang\": \"es\", \"theme\": \"dark\", \"rows\": 50}");
INSERT INTO user_preferences (id, user_id, preferences) VALUES (6, 6, "{\"lang\": \"es\", \"theme\": \"light\", \"rows\": 100}");
INSERT INTO user_preferences (id, user_id, preferences) VALUES (7, 7, "{\"lang\": \"es\", \"theme\": \"light\", \"rows\": 100}");
INSERT INTO user_preferences (id, user_id, preferences) VALUES (8, 8, "{\"lang\": \"es\", \"theme\": \"dark\", \"rows\": 50}");
INSERT INTO user_preferences (id, user_id, preferences) VALUES (9, 9, "{\"lang\": \"es\", \"theme\": \"dark\", \"rows\": 100}");
INSERT INTO user_preferences (id, user_id, preferences) VALUES (10, 10, "{\"lang\": \"es\", \"theme\": \"light\", \"rows\": 25}");
INSERT INTO user_preferences (id, user_id, preferences) VALUES (11, 11, "{\"lang\": \"es\", \"theme\": \"dark\", \"rows\": 50}");
INSERT INTO user_preferences (id, user_id, preferences) VALUES (12, 12, "{\"lang\": \"es\", \"theme\": \"dark\", \"rows\": 100}");
INSERT INTO user_preferences (id, user_id, preferences) VALUES (13, 13, "{\"lang\": \"es\", \"theme\": \"light\", \"rows\": 25}");
INSERT INTO user_preferences (id, user_id, preferences) VALUES (14, 14, "{\"lang\": \"es\", \"theme\": \"light\", \"rows\": 50}");
INSERT INTO user_preferences (id, user_id, preferences) VALUES (15, 15, "{\"lang\": \"es\", \"theme\": \"dark\", \"rows\": 50}");
INSERT INTO user_preferences (id, user_id, preferences) VALUES (16, 16, "{\"lang\": \"es\", \"theme\": \"dark\", \"rows\": 25}");
INSERT INTO user_preferences (id, user_id, preferences) VALUES (17, 17, "{\"lang\": \"es\", \"theme\": \"light\", \"rows\": 50}");
INSERT INTO user_preferences (id, user_id, preferences) VALUES (18, 18, "{\"lang\": \"es\", \"theme\": \"dark\", \"rows\": 50}");
INSERT INTO user_preferences (id, user_id, preferences) VALUES (19, 19, "{\"lang\": \"es\", \"theme\": \"light\", \"rows\": 50}");
INSERT INTO user_preferences (id, user_id, preferences) VALUES (20, 20, "{\"lang\": \"es\", \"theme\": \"dark\", \"rows\": 50}");
INSERT INTO user_preferences (id, user_id, preferences) VALUES (21, 21, "{\"lang\": \"es\", \"theme\": \"light\", \"rows\": 25}");
INSERT INTO user_preferences (id, user_id, preferences) VALUES (22, 22, "{\"lang\": \"es\", \"theme\": \"light\", \"rows\": 100}");
INSERT INTO user_preferences (id, user_id, preferences) VALUES (23, 23, "{\"lang\": \"es\", \"theme\": \"dark\", \"rows\": 100}");
INSERT INTO user_preferences (id, user_id, preferences) VALUES (24, 24, "{\"lang\": \"es\", \"theme\": \"light\", \"rows\": 100}");
INSERT INTO user_preferences (id, user_id, preferences) VALUES (25, 25, "{\"lang\": \"es\", \"theme\": \"light\", \"rows\": 100}");
INSERT INTO user_preferences (id, user_id, preferences) VALUES (26, 26, "{\"lang\": \"es\", \"theme\": \"light\", \"rows\": 50}");
INSERT INTO user_preferences (id, user_id, preferences) VALUES (27, 27, "{\"lang\": \"es\", \"theme\": \"dark\", \"rows\": 100}");
INSERT INTO user_preferences (id, user_id, preferences) VALUES (28, 28, "{\"lang\": \"es\", \"theme\": \"light\", \"rows\": 100}");
INSERT INTO user_preferences (id, user_id, preferences) VALUES (29, 29, "{\"lang\": \"es\", \"theme\": \"light\", \"rows\": 25}");
INSERT INTO user_preferences (id, user_id, preferences) VALUES (30, 30, "{\"lang\": \"es\", \"theme\": \"light\", \"rows\": 50}");
INSERT INTO user_preferences (id, user_id, preferences) VALUES (31, 31, "{\"lang\": \"es\", \"theme\": \"light\", \"rows\": 25}");
INSERT INTO user_preferences (id, user_id, preferences) VALUES (32, 32, "{\"lang\": \"es\", \"theme\": \"dark\", \"rows\": 50}");
INSERT INTO user_preferences (id, user_id, preferences) VALUES (33, 33, "{\"lang\": \"es\", \"theme\": \"dark\", \"rows\": 25}");
INSERT INTO user_preferences (id, user_id, preferences) VALUES (34, 34, "{\"lang\": \"es\", \"theme\": \"light\", \"rows\": 25}");
INSERT INTO user_preferences (id, user_id, preferences) VALUES (35, 35, "{\"lang\": \"es\", \"theme\": \"light\", \"rows\": 25}");
INSERT INTO user_preferences (id, user_id, preferences) VALUES (36, 36, "{\"lang\": \"es\", \"theme\": \"dark\", \"rows\": 50}");
INSERT INTO user_preferences (id, user_id, preferences) VALUES (37, 37, "{\"lang\": \"es\", \"theme\": \"dark\", \"rows\": 100}");
INSERT INTO user_preferences (id, user_id, preferences) VALUES (38, 38, "{\"lang\": \"es\", \"theme\": \"light\", \"rows\": 50}");
INSERT INTO user_preferences (id, user_id, preferences) VALUES (39, 39, "{\"lang\": \"es\", \"theme\": \"dark\", \"rows\": 25}");
INSERT INTO user_preferences (id, user_id, preferences) VALUES (40, 40, "{\"lang\": \"es\", \"theme\": \"dark\", \"rows\": 50}");
INSERT INTO user_preferences (id, user_id, preferences) VALUES (41, 41, "{\"lang\": \"es\", \"theme\": \"light\", \"rows\": 100}");
INSERT INTO user_preferences (id, user_id, preferences) VALUES (42, 42, "{\"lang\": \"es\", \"theme\": \"dark\", \"rows\": 100}");
INSERT INTO user_preferences (id, user_id, preferences) VALUES (43, 43, "{\"lang\": \"es\", \"theme\": \"dark\", \"rows\": 50}");
INSERT INTO user_preferences (id, user_id, preferences) VALUES (44, 44, "{\"lang\": \"es\", \"theme\": \"dark\", \"rows\": 50}");
INSERT INTO user_preferences (id, user_id, preferences) VALUES (45, 45, "{\"lang\": \"es\", \"theme\": \"light\", \"rows\": 50}");
INSERT INTO user_preferences (id, user_id, preferences) VALUES (46, 46, "{\"lang\": \"es\", \"theme\": \"dark\", \"rows\": 100}");
INSERT INTO user_preferences (id, user_id, preferences) VALUES (47, 47, "{\"lang\": \"es\", \"theme\": \"light\", \"rows\": 100}");
INSERT INTO user_preferences (id, user_id, preferences) VALUES (48, 48, "{\"lang\": \"es\", \"theme\": \"dark\", \"rows\": 50}");
INSERT INTO user_preferences (id, user_id, preferences) VALUES (49, 49, "{\"lang\": \"es\", \"theme\": \"dark\", \"rows\": 100}");
INSERT INTO user_preferences (id, user_id, preferences) VALUES (50, 50, "{\"lang\": \"es\", \"theme\": \"dark\", \"rows\": 25}");
INSERT INTO user_preferences (id, user_id, preferences) VALUES (51, 51, "{\"lang\": \"es\", \"theme\": \"light\", \"rows\": 25}");
INSERT INTO user_preferences (id, user_id, preferences) VALUES (52, 52, "{\"lang\": \"es\", \"theme\": \"dark\", \"rows\": 25}");
INSERT INTO user_preferences (id, user_id, preferences) VALUES (53, 53, "{\"lang\": \"es\", \"theme\": \"dark\", \"rows\": 50}");
INSERT INTO user_preferences (id, user_id, preferences) VALUES (54, 54, "{\"lang\": \"es\", \"theme\": \"dark\", \"rows\": 25}");
INSERT INTO user_preferences (id, user_id, preferences) VALUES (55, 55, "{\"lang\": \"es\", \"theme\": \"light\", \"rows\": 25}");
INSERT INTO user_preferences (id, user_id, preferences) VALUES (56, 56, "{\"lang\": \"es\", \"theme\": \"dark\", \"rows\": 25}");
INSERT INTO user_preferences (id, user_id, preferences) VALUES (57, 57, "{\"lang\": \"es\", \"theme\": \"light\", \"rows\": 100}");
INSERT INTO user_preferences (id, user_id, preferences) VALUES (58, 58, "{\"lang\": \"es\", \"theme\": \"light\", \"rows\": 25}");
INSERT INTO user_preferences (id, user_id, preferences) VALUES (59, 59, "{\"lang\": \"es\", \"theme\": \"light\", \"rows\": 25}");
INSERT INTO user_preferences (id, user_id, preferences) VALUES (60, 60, "{\"lang\": \"es\", \"theme\": \"dark\", \"rows\": 25}");
INSERT INTO user_preferences (id, user_id, preferences) VALUES (61, 61, "{\"lang\": \"es\", \"theme\": \"light\", \"rows\": 50}");
INSERT INTO user_preferences (id, user_id, preferences) VALUES (62, 62, "{\"lang\": \"es\", \"theme\": \"dark\", \"rows\": 50}");
INSERT INTO user_preferences (id, user_id, preferences) VALUES (63, 63, "{\"lang\": \"es\", \"theme\": \"light\", \"rows\": 100}");
INSERT INTO user_preferences (id, user_id, preferences) VALUES (64, 64, "{\"lang\": \"es\", \"theme\": \"dark\", \"rows\": 25}");
INSERT INTO user_preferences (id, user_id, preferences) VALUES (65, 65, "{\"lang\": \"es\", \"theme\": \"light\", \"rows\": 50}");
INSERT INTO user_preferences (id, user_id, preferences) VALUES (66, 66, "{\"lang\": \"es\", \"theme\": \"light\", \"rows\": 50}");
INSERT INTO user_preferences (id, user_id, preferences) VALUES (67, 67, "{\"lang\": \"es\", \"theme\": \"dark\", \"rows\": 50}");
INSERT INTO user_preferences (id, user_id, preferences) VALUES (68, 68, "{\"lang\": \"es\", \"theme\": \"dark\", \"rows\": 100}");
INSERT INTO user_preferences (id, user_id, preferences) VALUES (69, 69, "{\"lang\": \"es\", \"theme\": \"dark\", \"rows\": 50}");
INSERT INTO user_preferences (id, user_id, preferences) VALUES (70, 70, "{\"lang\": \"es\", \"theme\": \"light\", \"rows\": 100}");
INSERT INTO user_preferences (id, user_id, preferences) VALUES (71, 71, "{\"lang\": \"es\", \"theme\": \"dark\", \"rows\": 25}");
INSERT INTO user_preferences (id, user_id, preferences) VALUES (72, 72, "{\"lang\": \"es\", \"theme\": \"light\", \"rows\": 50}");
INSERT INTO user_preferences (id, user_id, preferences) VALUES (73, 73, "{\"lang\": \"es\", \"theme\": \"dark\", \"rows\": 100}");
INSERT INTO user_preferences (id, user_id, preferences) VALUES (74, 74, "{\"lang\": \"es\", \"theme\": \"light\", \"rows\": 50}");
INSERT INTO user_preferences (id, user_id, preferences) VALUES (75, 75, "{\"lang\": \"es\", \"theme\": \"dark\", \"rows\": 50}");
INSERT INTO user_preferences (id, user_id, preferences) VALUES (76, 76, "{\"lang\": \"es\", \"theme\": \"light\", \"rows\": 100}");
INSERT INTO user_preferences (id, user_id, preferences) VALUES (77, 77, "{\"lang\": \"es\", \"theme\": \"dark\", \"rows\": 100}");
INSERT INTO user_preferences (id, user_id, preferences) VALUES (78, 78, "{\"lang\": \"es\", \"theme\": \"dark\", \"rows\": 100}");
INSERT INTO user_preferences (id, user_id, preferences) VALUES (79, 79, "{\"lang\": \"es\", \"theme\": \"light\", \"rows\": 100}");
INSERT INTO user_preferences (id, user_id, preferences) VALUES (80, 80, "{\"lang\": \"es\", \"theme\": \"dark\", \"rows\": 100}");
INSERT INTO user_preferences (id, user_id, preferences) VALUES (81, 81, "{\"lang\": \"es\", \"theme\": \"dark\", \"rows\": 50}");
INSERT INTO user_preferences (id, user_id, preferences) VALUES (82, 82, "{\"lang\": \"es\", \"theme\": \"light\", \"rows\": 100}");
INSERT INTO user_preferences (id, user_id, preferences) VALUES (83, 83, "{\"lang\": \"es\", \"theme\": \"dark\", \"rows\": 25}");
INSERT INTO user_preferences (id, user_id, preferences) VALUES (84, 84, "{\"lang\": \"es\", \"theme\": \"light\", \"rows\": 25}");
INSERT INTO user_preferences (id, user_id, preferences) VALUES (85, 85, "{\"lang\": \"es\", \"theme\": \"light\", \"rows\": 50}");
INSERT INTO user_preferences (id, user_id, preferences) VALUES (86, 86, "{\"lang\": \"es\", \"theme\": \"light\", \"rows\": 100}");
INSERT INTO user_preferences (id, user_id, preferences) VALUES (87, 87, "{\"lang\": \"es\", \"theme\": \"dark\", \"rows\": 25}");
INSERT INTO user_preferences (id, user_id, preferences) VALUES (88, 88, "{\"lang\": \"es\", \"theme\": \"light\", \"rows\": 100}");
INSERT INTO user_preferences (id, user_id, preferences) VALUES (89, 89, "{\"lang\": \"es\", \"theme\": \"dark\", \"rows\": 50}");
INSERT INTO user_preferences (id, user_id, preferences) VALUES (90, 90, "{\"lang\": \"es\", \"theme\": \"light\", \"rows\": 50}");
INSERT INTO user_preferences (id, user_id, preferences) VALUES (91, 91, "{\"lang\": \"es\", \"theme\": \"light\", \"rows\": 100}");
INSERT INTO user_preferences (id, user_id, preferences) VALUES (92, 92, "{\"lang\": \"es\", \"theme\": \"dark\", \"rows\": 100}");
INSERT INTO user_preferences (id, user_id, preferences) VALUES (93, 93, "{\"lang\": \"es\", \"theme\": \"light\", \"rows\": 100}");
INSERT INTO user_preferences (id, user_id, preferences) VALUES (94, 94, "{\"lang\": \"es\", \"theme\": \"light\", \"rows\": 50}");
INSERT INTO user_preferences (id, user_id, preferences) VALUES (95, 95, "{\"lang\": \"es\", \"theme\": \"light\", \"rows\": 100}");
INSERT INTO user_preferences (id, user_id, preferences) VALUES (96, 96, "{\"lang\": \"es\", \"theme\": \"light\", \"rows\": 100}");
INSERT INTO user_preferences (id, user_id, preferences) VALUES (97, 97, "{\"lang\": \"es\", \"theme\": \"dark\", \"rows\": 50}");
INSERT INTO user_preferences (id, user_id, preferences) VALUES (98, 98, "{\"lang\": \"es\", \"theme\": \"light\", \"rows\": 100}");
INSERT INTO user_preferences (id, user_id, preferences) VALUES (99, 99, "{\"lang\": \"es\", \"theme\": \"light\", \"rows\": 50}");
INSERT INTO user_preferences (id, user_id, preferences) VALUES (100, 100, "{\"lang\": \"es\", \"theme\": \"dark\", \"rows\": 25}");
INSERT INTO user_preferences (id, user_id, preferences) VALUES (101, 101, "{\"lang\": \"es\", \"theme\": \"dark\", \"rows\": 100}");
INSERT INTO user_preferences (id, user_id, preferences) VALUES (102, 102, "{\"lang\": \"es\", \"theme\": \"dark\", \"rows\": 100}");
INSERT INTO user_preferences (id, user_id, preferences) VALUES (103, 103, "{\"lang\": \"es\", \"theme\": \"dark\", \"rows\": 25}");
INSERT INTO user_preferences (id, user_id, preferences) VALUES (104, 104, "{\"lang\": \"es\", \"theme\": \"light\", \"rows\": 50}");
INSERT INTO user_preferences (id, user_id, preferences) VALUES (105, 105, "{\"lang\": \"es\", \"theme\": \"dark\", \"rows\": 100}");
INSERT INTO user_preferences (id, user_id, preferences) VALUES (106, 106, "{\"lang\": \"es\", \"theme\": \"light\", \"rows\": 100}");
INSERT INTO user_preferences (id, user_id, preferences) VALUES (107, 107, "{\"lang\": \"es\", \"theme\": \"dark\", \"rows\": 50}");
INSERT INTO user_preferences (id, user_id, preferences) VALUES (108, 108, "{\"lang\": \"es\", \"theme\": \"dark\", \"rows\": 25}");
INSERT INTO user_preferences (id, user_id, preferences) VALUES (109, 109, "{\"lang\": \"es\", \"theme\": \"light\", \"rows\": 25}");
INSERT INTO user_preferences (id, user_id, preferences) VALUES (110, 110, "{\"lang\": \"es\", \"theme\": \"light\", \"rows\": 100}");
INSERT INTO user_preferences (id, user_id, preferences) VALUES (111, 111, "{\"lang\": \"es\", \"theme\": \"dark\", \"rows\": 25}");
INSERT INTO user_preferences (id, user_id, preferences) VALUES (112, 112, "{\"lang\": \"es\", \"theme\": \"light\", \"rows\": 25}");
INSERT INTO user_preferences (id, user_id, preferences) VALUES (113, 113, "{\"lang\": \"es\", \"theme\": \"light\", \"rows\": 50}");
INSERT INTO user_preferences (id, user_id, preferences) VALUES (114, 114, "{\"lang\": \"es\", \"theme\": \"dark\", \"rows\": 50}");
INSERT INTO user_preferences (id, user_id, preferences) VALUES (115, 115, "{\"lang\": \"es\", \"theme\": \"dark\", \"rows\": 25}");
INSERT INTO user_preferences (id, user_id, preferences) VALUES (116, 116, "{\"lang\": \"es\", \"theme\": \"light\", \"rows\": 50}");
INSERT INTO user_preferences (id, user_id, preferences) VALUES (117, 117, "{\"lang\": \"es\", \"theme\": \"light\", \"rows\": 100}");
INSERT INTO user_preferences (id, user_id, preferences) VALUES (118, 118, "{\"lang\": \"es\", \"theme\": \"dark\", \"rows\": 50}");
INSERT INTO user_preferences (id, user_id, preferences) VALUES (119, 119, "{\"lang\": \"es\", \"theme\": \"light\", \"rows\": 25}");
INSERT INTO user_preferences (id, user_id, preferences) VALUES (120, 120, "{\"lang\": \"es\", \"theme\": \"dark\", \"rows\": 25}");

-- UF Valores
INSERT INTO uf_valor (fecha, valor) VALUES ('2025-06-01', 36850.1882);
INSERT INTO uf_valor (fecha, valor) VALUES ('2025-06-02', 36851.2027);
INSERT INTO uf_valor (fecha, valor) VALUES ('2025-06-03', 36851.4023);
INSERT INTO uf_valor (fecha, valor) VALUES ('2025-06-04', 36851.9718);
INSERT INTO uf_valor (fecha, valor) VALUES ('2025-06-05', 36853.6607);
INSERT INTO uf_valor (fecha, valor) VALUES ('2025-06-06', 36854.6607);
INSERT INTO uf_valor (fecha, valor) VALUES ('2025-06-07', 36854.7579);
INSERT INTO uf_valor (fecha, valor) VALUES ('2025-06-08', 36855.8866);
INSERT INTO uf_valor (fecha, valor) VALUES ('2025-06-09', 36856.9527);
INSERT INTO uf_valor (fecha, valor) VALUES ('2025-06-10', 36857.8501);
INSERT INTO uf_valor (fecha, valor) VALUES ('2025-06-11', 36859.7304);
INSERT INTO uf_valor (fecha, valor) VALUES ('2025-06-12', 36860.471);
INSERT INTO uf_valor (fecha, valor) VALUES ('2025-06-13', 36861.2811);
INSERT INTO uf_valor (fecha, valor) VALUES ('2025-06-14', 36861.8135);
INSERT INTO uf_valor (fecha, valor) VALUES ('2025-06-15', 36862.4698);
INSERT INTO uf_valor (fecha, valor) VALUES ('2025-06-16', 36863.495);
INSERT INTO uf_valor (fecha, valor) VALUES ('2025-06-17', 36863.5);
INSERT INTO uf_valor (fecha, valor) VALUES ('2025-06-18', 36865.8784);
INSERT INTO uf_valor (fecha, valor) VALUES ('2025-06-19', 36865.7243);
INSERT INTO uf_valor (fecha, valor) VALUES ('2025-06-20', 36866.1287);
INSERT INTO uf_valor (fecha, valor) VALUES ('2025-06-21', 36868.581);
INSERT INTO uf_valor (fecha, valor) VALUES ('2025-06-22', 36868.5215);
INSERT INTO uf_valor (fecha, valor) VALUES ('2025-06-23', 36869.6472);
INSERT INTO uf_valor (fecha, valor) VALUES ('2025-06-24', 36870.4284);
INSERT INTO uf_valor (fecha, valor) VALUES ('2025-06-25', 36872.1125);
INSERT INTO uf_valor (fecha, valor) VALUES ('2025-06-26', 36872.1798);
INSERT INTO uf_valor (fecha, valor) VALUES ('2025-06-27', 36874.1849);
INSERT INTO uf_valor (fecha, valor) VALUES ('2025-06-28', 36874.4424);
INSERT INTO uf_valor (fecha, valor) VALUES ('2025-06-29', 36875.765);
INSERT INTO uf_valor (fecha, valor) VALUES ('2025-06-30', 36875.717);
INSERT INTO uf_valor (fecha, valor) VALUES ('2025-07-01', 36876.6379);
INSERT INTO uf_valor (fecha, valor) VALUES ('2025-07-02', 36877.3415);
INSERT INTO uf_valor (fecha, valor) VALUES ('2025-07-03', 36879.3625);
INSERT INTO uf_valor (fecha, valor) VALUES ('2025-07-04', 36880.3105);
INSERT INTO uf_valor (fecha, valor) VALUES ('2025-07-05', 36879.6578);
INSERT INTO uf_valor (fecha, valor) VALUES ('2025-07-06', 36880.7617);
INSERT INTO uf_valor (fecha, valor) VALUES ('2025-07-07', 36883.1141);
INSERT INTO uf_valor (fecha, valor) VALUES ('2025-07-08', 36883.0391);
INSERT INTO uf_valor (fecha, valor) VALUES ('2025-07-09', 36884.7979);
INSERT INTO uf_valor (fecha, valor) VALUES ('2025-07-10', 36885.8518);
INSERT INTO uf_valor (fecha, valor) VALUES ('2025-07-11', 36886.5666);
INSERT INTO uf_valor (fecha, valor) VALUES ('2025-07-12', 36887.6086);
INSERT INTO uf_valor (fecha, valor) VALUES ('2025-07-13', 36887.1687);
INSERT INTO uf_valor (fecha, valor) VALUES ('2025-07-14', 36888.5375);
INSERT INTO uf_valor (fecha, valor) VALUES ('2025-07-15', 36890.0012);
INSERT INTO uf_valor (fecha, valor) VALUES ('2025-07-16', 36889.6084);
INSERT INTO uf_valor (fecha, valor) VALUES ('2025-07-17', 36891.193);
INSERT INTO uf_valor (fecha, valor) VALUES ('2025-07-18', 36891.968);
INSERT INTO uf_valor (fecha, valor) VALUES ('2025-07-19', 36893.4165);
INSERT INTO uf_valor (fecha, valor) VALUES ('2025-07-20', 36893.5578);
INSERT INTO uf_valor (fecha, valor) VALUES ('2025-07-21', 36894.1074);
INSERT INTO uf_valor (fecha, valor) VALUES ('2025-07-22', 36896.2896);
INSERT INTO uf_valor (fecha, valor) VALUES ('2025-07-23', 36897.1505);
INSERT INTO uf_valor (fecha, valor) VALUES ('2025-07-24', 36897.0205);
INSERT INTO uf_valor (fecha, valor) VALUES ('2025-07-25', 36897.9735);
INSERT INTO uf_valor (fecha, valor) VALUES ('2025-07-26', 36898.8498);
INSERT INTO uf_valor (fecha, valor) VALUES ('2025-07-27', 36899.9882);
INSERT INTO uf_valor (fecha, valor) VALUES ('2025-07-28', 36902.2266);
INSERT INTO uf_valor (fecha, valor) VALUES ('2025-07-29', 36902.7964);
INSERT INTO uf_valor (fecha, valor) VALUES ('2025-07-30', 36902.9564);
INSERT INTO uf_valor (fecha, valor) VALUES ('2025-07-31', 36904.7627);
INSERT INTO uf_valor (fecha, valor) VALUES ('2025-08-01', 36905.2879);
INSERT INTO uf_valor (fecha, valor) VALUES ('2025-08-02', 36905.7479);
INSERT INTO uf_valor (fecha, valor) VALUES ('2025-08-03', 36906.5025);
INSERT INTO uf_valor (fecha, valor) VALUES ('2025-08-04', 36908.1276);
INSERT INTO uf_valor (fecha, valor) VALUES ('2025-08-05', 36908.7265);
INSERT INTO uf_valor (fecha, valor) VALUES ('2025-08-06', 36909.1803);
INSERT INTO uf_valor (fecha, valor) VALUES ('2025-08-07', 36909.5073);
INSERT INTO uf_valor (fecha, valor) VALUES ('2025-08-08', 36910.5538);
INSERT INTO uf_valor (fecha, valor) VALUES ('2025-08-09', 36912.5183);
INSERT INTO uf_valor (fecha, valor) VALUES ('2025-08-10', 36912.1998);
INSERT INTO uf_valor (fecha, valor) VALUES ('2025-08-11', 36913.645);
INSERT INTO uf_valor (fecha, valor) VALUES ('2025-08-12', 36915.7448);
INSERT INTO uf_valor (fecha, valor) VALUES ('2025-08-13', 36915.7067);
INSERT INTO uf_valor (fecha, valor) VALUES ('2025-08-14', 36917.5131);
INSERT INTO uf_valor (fecha, valor) VALUES ('2025-08-15', 36917.5668);
INSERT INTO uf_valor (fecha, valor) VALUES ('2025-08-16', 36918.4341);
INSERT INTO uf_valor (fecha, valor) VALUES ('2025-08-17', 36919.0765);
INSERT INTO uf_valor (fecha, valor) VALUES ('2025-08-18', 36919.3199);
INSERT INTO uf_valor (fecha, valor) VALUES ('2025-08-19', 36921.621);
INSERT INTO uf_valor (fecha, valor) VALUES ('2025-08-20', 36922.9589);
INSERT INTO uf_valor (fecha, valor) VALUES ('2025-08-21', 36921.93);
INSERT INTO uf_valor (fecha, valor) VALUES ('2025-08-22', 36923.7492);
INSERT INTO uf_valor (fecha, valor) VALUES ('2025-08-23', 36924.7325);
INSERT INTO uf_valor (fecha, valor) VALUES ('2025-08-24', 36925.3922);
INSERT INTO uf_valor (fecha, valor) VALUES ('2025-08-25', 36926.9219);
INSERT INTO uf_valor (fecha, valor) VALUES ('2025-08-26', 36928.3833);
INSERT INTO uf_valor (fecha, valor) VALUES ('2025-08-27', 36927.5557);
INSERT INTO uf_valor (fecha, valor) VALUES ('2025-08-28', 36929.9492);
INSERT INTO uf_valor (fecha, valor) VALUES ('2025-08-29', 36929.4458);
INSERT INTO uf_valor (fecha, valor) VALUES ('2025-08-30', 36931.191);
INSERT INTO uf_valor (fecha, valor) VALUES ('2025-08-31', 36932.7835);
INSERT INTO uf_valor (fecha, valor) VALUES ('2025-09-01', 36932.6882);
INSERT INTO uf_valor (fecha, valor) VALUES ('2025-09-02', 36934.2712);
INSERT INTO uf_valor (fecha, valor) VALUES ('2025-09-03', 36933.6272);
INSERT INTO uf_valor (fecha, valor) VALUES ('2025-09-04', 36936.1038);
INSERT INTO uf_valor (fecha, valor) VALUES ('2025-09-05', 36936.2922);
INSERT INTO uf_valor (fecha, valor) VALUES ('2025-09-06', 36938.2884);
INSERT INTO uf_valor (fecha, valor) VALUES ('2025-09-07', 36938.0171);
INSERT INTO uf_valor (fecha, valor) VALUES ('2025-09-08', 36938.6262);
INSERT INTO uf_valor (fecha, valor) VALUES ('2025-09-09', 36939.3282);
INSERT INTO uf_valor (fecha, valor) VALUES ('2025-09-10', 36941.524);
INSERT INTO uf_valor (fecha, valor) VALUES ('2025-09-11', 36940.9523);
INSERT INTO uf_valor (fecha, valor) VALUES ('2025-09-12', 36943.1609);
INSERT INTO uf_valor (fecha, valor) VALUES ('2025-09-13', 36944.439);
INSERT INTO uf_valor (fecha, valor) VALUES ('2025-09-14', 36943.6069);
INSERT INTO uf_valor (fecha, valor) VALUES ('2025-09-15', 36945.4575);
INSERT INTO uf_valor (fecha, valor) VALUES ('2025-09-16', 36945.7576);
INSERT INTO uf_valor (fecha, valor) VALUES ('2025-09-17', 36947.7194);
INSERT INTO uf_valor (fecha, valor) VALUES ('2025-09-18', 36948.0574);
INSERT INTO uf_valor (fecha, valor) VALUES ('2025-09-19', 36948.456);
INSERT INTO uf_valor (fecha, valor) VALUES ('2025-09-20', 36949.5914);
INSERT INTO uf_valor (fecha, valor) VALUES ('2025-09-21', 36950.9775);
INSERT INTO uf_valor (fecha, valor) VALUES ('2025-09-22', 36951.4717);
INSERT INTO uf_valor (fecha, valor) VALUES ('2025-09-23', 36953.1051);
INSERT INTO uf_valor (fecha, valor) VALUES ('2025-09-24', 36952.5962);
INSERT INTO uf_valor (fecha, valor) VALUES ('2025-09-25', 36954.5082);
INSERT INTO uf_valor (fecha, valor) VALUES ('2025-09-26', 36956.2474);
INSERT INTO uf_valor (fecha, valor) VALUES ('2025-09-27', 36956.4711);
INSERT INTO uf_valor (fecha, valor) VALUES ('2025-09-28', 36956.837);

-- UTM Valores
INSERT INTO utm_valor (fecha, valor) VALUES ('2025-01-01', 67040.59);
INSERT INTO utm_valor (fecha, valor) VALUES ('2025-02-01', 67100.56);
INSERT INTO utm_valor (fecha, valor) VALUES ('2025-03-01', 67142.39);
INSERT INTO utm_valor (fecha, valor) VALUES ('2025-04-01', 67184.94);
INSERT INTO utm_valor (fecha, valor) VALUES ('2025-05-01', 67252.3);
INSERT INTO utm_valor (fecha, valor) VALUES ('2025-06-01', 67310.05);
INSERT INTO utm_valor (fecha, valor) VALUES ('2025-07-01', 67350.14);
INSERT INTO utm_valor (fecha, valor) VALUES ('2025-08-01', 67415.15);
INSERT INTO utm_valor (fecha, valor) VALUES ('2025-09-01', 67444.48);
INSERT INTO utm_valor (fecha, valor) VALUES ('2025-10-01', 67510.1);
INSERT INTO utm_valor (fecha, valor) VALUES ('2025-11-01', 67568.0);
INSERT INTO utm_valor (fecha, valor) VALUES ('2025-12-01', 67581.89);

-- Webhooks Pago
INSERT INTO webhook_pago (id, comunidad_id, proveedor, payload_json, procesado, pago_id) VALUES (1, 4, 'flow', "{\"token\": \"tok00001\", \"monto\": 68753.91}", 0, 79);
INSERT INTO webhook_pago (id, comunidad_id, proveedor, payload_json, procesado, pago_id) VALUES (2, 3, 'flow', "{\"token\": \"tok00002\", \"monto\": 76579.08}", 0, 87);
INSERT INTO webhook_pago (id, comunidad_id, proveedor, payload_json, procesado, pago_id) VALUES (3, 2, 'webpay', "{\"token\": \"tok00003\", \"monto\": 22594.93}", 0, 29);
INSERT INTO webhook_pago (id, comunidad_id, proveedor, payload_json, procesado, pago_id) VALUES (4, 2, 'webpay', "{\"token\": \"tok00004\", \"monto\": 98625.29}", 0, 183);
INSERT INTO webhook_pago (id, comunidad_id, proveedor, payload_json, procesado, pago_id) VALUES (5, 3, 'flow', "{\"token\": \"tok00005\", \"monto\": 94607.65}", 0, 175);
INSERT INTO webhook_pago (id, comunidad_id, proveedor, payload_json, procesado, pago_id) VALUES (6, 1, 'flow', "{\"token\": \"tok00006\", \"monto\": 91105.33}", 0, 113);
INSERT INTO webhook_pago (id, comunidad_id, proveedor, payload_json, procesado, pago_id) VALUES (7, 4, 'webpay', "{\"token\": \"tok00007\", \"monto\": 69804.82}", 0, 63);
INSERT INTO webhook_pago (id, comunidad_id, proveedor, payload_json, procesado, pago_id) VALUES (8, 2, 'flow', "{\"token\": \"tok00008\", \"monto\": 12763.46}", 0, 44);
INSERT INTO webhook_pago (id, comunidad_id, proveedor, payload_json, procesado, pago_id) VALUES (9, 5, 'flow', "{\"token\": \"tok00009\", \"monto\": 25274.44}", 0, 176);
INSERT INTO webhook_pago (id, comunidad_id, proveedor, payload_json, procesado, pago_id) VALUES (10, 1, 'flow', "{\"token\": \"tok00010\", \"monto\": 74279.51}", 0, 91);
INSERT INTO webhook_pago (id, comunidad_id, proveedor, payload_json, procesado, pago_id) VALUES (11, 5, 'webpay', "{\"token\": \"tok00011\", \"monto\": 86211.54}", 0, 206);
INSERT INTO webhook_pago (id, comunidad_id, proveedor, payload_json, procesado, pago_id) VALUES (12, 5, 'flow', "{\"token\": \"tok00012\", \"monto\": 84403.14}", 0, 64);
INSERT INTO webhook_pago (id, comunidad_id, proveedor, payload_json, procesado, pago_id) VALUES (13, 3, 'flow', "{\"token\": \"tok00013\", \"monto\": 67180.75}", 0, 183);
INSERT INTO webhook_pago (id, comunidad_id, proveedor, payload_json, procesado, pago_id) VALUES (14, 1, 'flow', "{\"token\": \"tok00014\", \"monto\": 99489.7}", 0, 156);
INSERT INTO webhook_pago (id, comunidad_id, proveedor, payload_json, procesado, pago_id) VALUES (15, 2, 'flow', "{\"token\": \"tok00015\", \"monto\": 59078.68}", 0, 185);
INSERT INTO webhook_pago (id, comunidad_id, proveedor, payload_json, procesado, pago_id) VALUES (16, 2, 'flow', "{\"token\": \"tok00016\", \"monto\": 90441.48}", 0, 160);
INSERT INTO webhook_pago (id, comunidad_id, proveedor, payload_json, procesado, pago_id) VALUES (17, 3, 'webpay', "{\"token\": \"tok00017\", \"monto\": 11063.38}", 0, 79);
INSERT INTO webhook_pago (id, comunidad_id, proveedor, payload_json, procesado, pago_id) VALUES (18, 1, 'webpay', "{\"token\": \"tok00018\", \"monto\": 88532.83}", 0, 184);
INSERT INTO webhook_pago (id, comunidad_id, proveedor, payload_json, procesado, pago_id) VALUES (19, 4, 'flow', "{\"token\": \"tok00019\", \"monto\": 35794.52}", 0, 130);
INSERT INTO webhook_pago (id, comunidad_id, proveedor, payload_json, procesado, pago_id) VALUES (20, 1, 'flow', "{\"token\": \"tok00020\", \"monto\": 99000.87}", 0, 89);
INSERT INTO webhook_pago (id, comunidad_id, proveedor, payload_json, procesado, pago_id) VALUES (21, 3, 'flow', "{\"token\": \"tok00021\", \"monto\": 92511.08}", 0, 66);
INSERT INTO webhook_pago (id, comunidad_id, proveedor, payload_json, procesado, pago_id) VALUES (22, 3, 'flow', "{\"token\": \"tok00022\", \"monto\": 48474.77}", 0, 68);
INSERT INTO webhook_pago (id, comunidad_id, proveedor, payload_json, procesado, pago_id) VALUES (23, 5, 'webpay', "{\"token\": \"tok00023\", \"monto\": 58157.22}", 0, 210);
INSERT INTO webhook_pago (id, comunidad_id, proveedor, payload_json, procesado, pago_id) VALUES (24, 3, 'webpay', "{\"token\": \"tok00024\", \"monto\": 64249.07}", 0, 122);
INSERT INTO webhook_pago (id, comunidad_id, proveedor, payload_json, procesado, pago_id) VALUES (25, 2, 'flow', "{\"token\": \"tok00025\", \"monto\": 80585.04}", 0, 181);
INSERT INTO webhook_pago (id, comunidad_id, proveedor, payload_json, procesado, pago_id) VALUES (26, 1, 'webpay', "{\"token\": \"tok00026\", \"monto\": 71761.64}", 0, 165);
INSERT INTO webhook_pago (id, comunidad_id, proveedor, payload_json, procesado, pago_id) VALUES (27, 3, 'webpay', "{\"token\": \"tok00027\", \"monto\": 63618.08}", 0, 165);
INSERT INTO webhook_pago (id, comunidad_id, proveedor, payload_json, procesado, pago_id) VALUES (28, 2, 'flow', "{\"token\": \"tok00028\", \"monto\": 56124.31}", 0, 129);
INSERT INTO webhook_pago (id, comunidad_id, proveedor, payload_json, procesado, pago_id) VALUES (29, 3, 'flow', "{\"token\": \"tok00029\", \"monto\": 65988.9}", 0, 206);
INSERT INTO webhook_pago (id, comunidad_id, proveedor, payload_json, procesado, pago_id) VALUES (30, 5, 'flow', "{\"token\": \"tok00030\", \"monto\": 57492.44}", 0, 151);
INSERT INTO webhook_pago (id, comunidad_id, proveedor, payload_json, procesado, pago_id) VALUES (31, 2, 'webpay', "{\"token\": \"tok00031\", \"monto\": 99388.69}", 0, 79);
INSERT INTO webhook_pago (id, comunidad_id, proveedor, payload_json, procesado, pago_id) VALUES (32, 3, 'flow', "{\"token\": \"tok00032\", \"monto\": 73276.98}", 0, 149);
INSERT INTO webhook_pago (id, comunidad_id, proveedor, payload_json, procesado, pago_id) VALUES (33, 4, 'webpay', "{\"token\": \"tok00033\", \"monto\": 85577.11}", 0, 71);
INSERT INTO webhook_pago (id, comunidad_id, proveedor, payload_json, procesado, pago_id) VALUES (34, 2, 'flow', "{\"token\": \"tok00034\", \"monto\": 30929.61}", 0, 97);
INSERT INTO webhook_pago (id, comunidad_id, proveedor, payload_json, procesado, pago_id) VALUES (35, 1, 'flow', "{\"token\": \"tok00035\", \"monto\": 32736.99}", 0, 182);
INSERT INTO webhook_pago (id, comunidad_id, proveedor, payload_json, procesado, pago_id) VALUES (36, 3, 'webpay', "{\"token\": \"tok00036\", \"monto\": 84847.74}", 0, 53);
INSERT INTO webhook_pago (id, comunidad_id, proveedor, payload_json, procesado, pago_id) VALUES (37, 2, 'flow', "{\"token\": \"tok00037\", \"monto\": 56931.71}", 0, 42);
INSERT INTO webhook_pago (id, comunidad_id, proveedor, payload_json, procesado, pago_id) VALUES (38, 2, 'webpay', "{\"token\": \"tok00038\", \"monto\": 97820.73}", 0, 39);
INSERT INTO webhook_pago (id, comunidad_id, proveedor, payload_json, procesado, pago_id) VALUES (39, 5, 'flow', "{\"token\": \"tok00039\", \"monto\": 45270.75}", 0, 8);
INSERT INTO webhook_pago (id, comunidad_id, proveedor, payload_json, procesado, pago_id) VALUES (40, 2, 'webpay', "{\"token\": \"tok00040\", \"monto\": 56537.3}", 0, 45);
INSERT INTO webhook_pago (id, comunidad_id, proveedor, payload_json, procesado, pago_id) VALUES (41, 5, 'webpay', "{\"token\": \"tok00041\", \"monto\": 62026.67}", 0, 183);
INSERT INTO webhook_pago (id, comunidad_id, proveedor, payload_json, procesado, pago_id) VALUES (42, 2, 'webpay', "{\"token\": \"tok00042\", \"monto\": 20901.39}", 0, 38);
INSERT INTO webhook_pago (id, comunidad_id, proveedor, payload_json, procesado, pago_id) VALUES (43, 1, 'webpay', "{\"token\": \"tok00043\", \"monto\": 30701.75}", 0, 48);
INSERT INTO webhook_pago (id, comunidad_id, proveedor, payload_json, procesado, pago_id) VALUES (44, 1, 'webpay', "{\"token\": \"tok00044\", \"monto\": 72249.85}", 0, 17);
INSERT INTO webhook_pago (id, comunidad_id, proveedor, payload_json, procesado, pago_id) VALUES (45, 4, 'flow', "{\"token\": \"tok00045\", \"monto\": 44146.22}", 0, 112);
INSERT INTO webhook_pago (id, comunidad_id, proveedor, payload_json, procesado, pago_id) VALUES (46, 1, 'webpay', "{\"token\": \"tok00046\", \"monto\": 85714.76}", 0, 131);
INSERT INTO webhook_pago (id, comunidad_id, proveedor, payload_json, procesado, pago_id) VALUES (47, 5, 'flow', "{\"token\": \"tok00047\", \"monto\": 44761.04}", 0, 184);
INSERT INTO webhook_pago (id, comunidad_id, proveedor, payload_json, procesado, pago_id) VALUES (48, 1, 'webpay', "{\"token\": \"tok00048\", \"monto\": 36592.45}", 0, 210);
INSERT INTO webhook_pago (id, comunidad_id, proveedor, payload_json, procesado, pago_id) VALUES (49, 3, 'flow', "{\"token\": \"tok00049\", \"monto\": 18364.64}", 0, 204);
INSERT INTO webhook_pago (id, comunidad_id, proveedor, payload_json, procesado, pago_id) VALUES (50, 1, 'webpay', "{\"token\": \"tok00050\", \"monto\": 36042.67}", 0, 142);
INSERT INTO webhook_pago (id, comunidad_id, proveedor, payload_json, procesado, pago_id) VALUES (51, 3, 'webpay', "{\"token\": \"tok00051\", \"monto\": 94906.48}", 0, 165);
INSERT INTO webhook_pago (id, comunidad_id, proveedor, payload_json, procesado, pago_id) VALUES (52, 5, 'webpay', "{\"token\": \"tok00052\", \"monto\": 53432.91}", 0, 202);
INSERT INTO webhook_pago (id, comunidad_id, proveedor, payload_json, procesado, pago_id) VALUES (53, 4, 'webpay', "{\"token\": \"tok00053\", \"monto\": 38337.57}", 0, 50);
INSERT INTO webhook_pago (id, comunidad_id, proveedor, payload_json, procesado, pago_id) VALUES (54, 4, 'flow', "{\"token\": \"tok00054\", \"monto\": 70865.31}", 0, 214);
INSERT INTO webhook_pago (id, comunidad_id, proveedor, payload_json, procesado, pago_id) VALUES (55, 1, 'webpay', "{\"token\": \"tok00055\", \"monto\": 27870.02}", 0, 1);
INSERT INTO webhook_pago (id, comunidad_id, proveedor, payload_json, procesado, pago_id) VALUES (56, 1, 'flow', "{\"token\": \"tok00056\", \"monto\": 77643.71}", 0, 214);
INSERT INTO webhook_pago (id, comunidad_id, proveedor, payload_json, procesado, pago_id) VALUES (57, 2, 'webpay', "{\"token\": \"tok00057\", \"monto\": 83563.28}", 0, 95);
INSERT INTO webhook_pago (id, comunidad_id, proveedor, payload_json, procesado, pago_id) VALUES (58, 3, 'flow', "{\"token\": \"tok00058\", \"monto\": 62949.37}", 0, 191);
INSERT INTO webhook_pago (id, comunidad_id, proveedor, payload_json, procesado, pago_id) VALUES (59, 4, 'webpay', "{\"token\": \"tok00059\", \"monto\": 11759.06}", 0, 85);
INSERT INTO webhook_pago (id, comunidad_id, proveedor, payload_json, procesado, pago_id) VALUES (60, 1, 'flow', "{\"token\": \"tok00060\", \"monto\": 97519.97}", 0, 111);
COMMIT;
SET FOREIGN_KEY_CHECKS = 1;